gm_code,gm_name,cr_code,cr_name
GM1680,Aa en Hunze,CR07,Noord-Drenthe
GM0358,Aalsmeer,CR23,Groot-Amsterdam
GM0197,Aalten,CR14,Achterhoek
GM0059,Achtkarspelen,CR04,Noord-Friesland
GM0482,Alblasserdam,CR30,Zuidoost-Zuid-Holland
GM0613,Albrandswaard,CR29,Groot-Rijnmond
GM0361,Alkmaar,CR19,Alkmaar en omgeving
GM0141,Almelo,CR12,Twente
GM0034,Almere,CR40,Flevoland
GM0484,Alphen aan den Rijn,CR28,Oost-Zuid-Holland
GM1723,Alphen-Chaam,CR34,Midden-Noord-Brabant
GM1959,Altena,CR34,Midden-Noord-Brabant
GM0060,Ameland,CR04,Noord-Friesland
GM0307,Amersfoort,CR17,Utrecht
GM0362,Amstelveen,CR23,Groot-Amsterdam
GM0363,Amsterdam,CR23,Groot-Amsterdam
GM0200,Apeldoorn,CR13,Veluwe
GM0003,Appingedam,CR02,Delfzijl en omgeving
GM0202,Arnhem,CR15,Arnhem/Nijmegen
GM0106,Assen,CR07,Noord-Drenthe
GM0743,Asten,CR36,Zuidoost-Noord-Brabant
GM0744,Baarle-Nassau,CR34,Midden-Noord-Brabant
GM0308,Baarn,CR17,Utrecht
GM0489,Barendrecht,CR29,Groot-Rijnmond
GM0203,Barneveld,CR13,Veluwe
GM0888,Beek,CR39,Zuid-Limburg
GM1954,Beekdaelen,CR39,Zuid-Limburg
GM0370,Beemster,CR23,Groot-Amsterdam
GM0889,Beesel,CR37,Noord-Limburg
GM1945,Berg en Dal,CR15,Arnhem/Nijmegen
GM1724,Bergeijk,CR36,Zuidoost-Noord-Brabant
GM0893,Bergen (L.),CR37,Noord-Limburg
GM0373,Bergen (NH.),CR19,Alkmaar en omgeving
GM0748,Bergen op Zoom,CR33,West-Noord-Brabant
GM1859,Berkelland,CR14,Achterhoek
GM1721,Bernheze,CR35,Noordoost-Noord-Brabant
GM0753,Best,CR36,Zuidoost-Noord-Brabant
GM0209,Beuningen,CR15,Arnhem/Nijmegen
GM0375,Beverwijk,CR20,IJmond
GM0310,De Bilt,CR17,Utrecht
GM1728,Bladel,CR36,Zuidoost-Noord-Brabant
GM0376,Blaricum,CR24,Het Gooi en Vechtstreek
GM0377,Bloemendaal,CR21,Agglomeratie Haarlem
GM1901,Bodegraven-Reeuwijk,CR28,Oost-Zuid-Holland
GM0755,Boekel,CR35,Noordoost-Noord-Brabant
GM1681,Borger-Odoorn,CR08,Zuidoost-Drenthe
GM0147,Borne,CR12,Twente
GM0654,Borsele,CR32,Overig Zeeland
GM0756,Boxmeer,CR35,Noordoost-Noord-Brabant
GM0757,Boxtel,CR35,Noordoost-Noord-Brabant
GM0758,Breda,CR33,West-Noord-Brabant
GM0501,Brielle,CR29,Groot-Rijnmond
GM1876,Bronckhorst,CR14,Achterhoek
GM0213,Brummen,CR14,Achterhoek
GM0899,Brunssum,CR39,Zuid-Limburg
GM0312,Bunnik,CR17,Utrecht
GM0313,Bunschoten,CR17,Utrecht
GM0214,Buren,CR16,Zuidwest-Gelderland
GM0502,Capelle aan den IJssel,CR29,Groot-Rijnmond
GM0383,Castricum,CR20,IJmond
GM0109,Coevorden,CR08,Zuidoost-Drenthe
GM1706,Cranendonck,CR36,Zuidoost-Noord-Brabant
GM1684,Cuijk,CR35,Noordoost-Noord-Brabant
GM0216,Culemborg,CR16,Zuidwest-Gelderland
GM0148,Dalfsen,CR10,Noord-Overijssel
GM1891,Dantumadiel,CR04,Noord-Friesland
GM0503,Delft,CR27,Delft en Westland
GM0010,Delfzijl,CR02,Delfzijl en omgeving
GM0762,Deurne,CR36,Zuidoost-Noord-Brabant
GM0150,Deventer,CR11,Zuidwest-Overijssel
GM0384,Diemen,CR23,Groot-Amsterdam
GM1774,Dinkelland,CR12,Twente
GM0221,Doesburg,CR15,Arnhem/Nijmegen
GM0222,Doetinchem,CR14,Achterhoek
GM0766,Dongen,CR34,Midden-Noord-Brabant
GM0505,Dordrecht,CR30,Zuidoost-Zuid-Holland
GM0498,Drechterland,CR18,Kop van Noord-Holland
GM1719,Drimmelen,CR33,West-Noord-Brabant
GM0303,Dronten,CR40,Flevoland
GM0225,Druten,CR15,Arnhem/Nijmegen
GM0226,Duiven,CR15,Arnhem/Nijmegen
GM1711,Echt-Susteren,CR38,Midden-Limburg
GM0385,Edam-Volendam,CR23,Groot-Amsterdam
GM0228,Ede,CR13,Veluwe
GM0317,Eemnes,CR17,Utrecht
GM0770,Eersel,CR36,Zuidoost-Noord-Brabant
GM1903,Eijsden-Margraten,CR39,Zuid-Limburg
GM0772,Eindhoven,CR36,Zuidoost-Noord-Brabant
GM0230,Elburg,CR13,Veluwe
GM0114,Emmen,CR08,Zuidoost-Drenthe
GM0388,Enkhuizen,CR18,Kop van Noord-Holland
GM0153,Enschede,CR12,Twente
GM0232,Epe,CR13,Veluwe
GM0233,Ermelo,CR13,Veluwe
GM0777,Etten-Leur,CR33,West-Noord-Brabant
GM1940,De Fryske Marren,CR05,Zuidwest-Friesland
GM0779,Geertruidenberg,CR33,West-Noord-Brabant
GM1771,Geldrop-Mierlo,CR36,Zuidoost-Noord-Brabant
GM1652,Gemert-Bakel,CR36,Zuidoost-Noord-Brabant
GM0907,Gennep,CR37,Noord-Limburg
GM0784,Gilze en Rijen,CR34,Midden-Noord-Brabant
GM1924,Goeree-Overflakkee,CR29,Groot-Rijnmond
GM0664,Goes,CR32,Overig Zeeland
GM0785,Goirle,CR34,Midden-Noord-Brabant
GM1942,Gooise Meren,CR24,Het Gooi en Vechtstreek
GM0512,Gorinchem,CR30,Zuidoost-Zuid-Holland
GM0513,Gouda,CR28,Oost-Zuid-Holland
GM0786,Grave,CR35,Noordoost-Noord-Brabant
GM0518,'s-Gravenhage,CR26,Agglomeratie 's-Gravenhage
GM0014,Groningen,CR03,Overig Groningen
GM1729,Gulpen-Wittem,CR39,Zuid-Limburg
GM0158,Haaksbergen,CR12,Twente
GM0788,Haaren,CR35,Noordoost-Noord-Brabant
GM0392,Haarlem,CR21,Agglomeratie Haarlem
GM0394,Haarlemmermeer,CR23,Groot-Amsterdam
GM1655,Halderberge,CR33,West-Noord-Brabant
GM0160,Hardenberg,CR10,Noord-Overijssel
GM0243,Harderwijk,CR13,Veluwe
GM0523,Hardinxveld-Giessendam,CR30,Zuidoost-Zuid-Holland
GM0072,Harlingen,CR04,Noord-Friesland
GM0244,Hattem,CR13,Veluwe
GM0396,Heemskerk,CR20,IJmond
GM0397,Heemstede,CR21,Agglomeratie Haarlem
GM0246,Heerde,CR13,Veluwe
GM0074,Heerenveen,CR06,Zuidoost-Friesland
GM0398,Heerhugowaard,CR19,Alkmaar en omgeving
GM0917,Heerlen,CR39,Zuid-Limburg
GM1658,Heeze-Leende,CR36,Zuidoost-Noord-Brabant
GM0399,Heiloo,CR19,Alkmaar en omgeving
GM0400,Den Helder,CR18,Kop van Noord-Holland
GM0163,Hellendoorn,CR12,Twente
GM0530,Hellevoetsluis,CR29,Groot-Rijnmond
GM0794,Helmond,CR36,Zuidoost-Noord-Brabant
GM0531,Hendrik-Ido-Ambacht,CR30,Zuidoost-Zuid-Holland
GM0164,Hengelo,CR12,Twente
GM0796,'s-Hertogenbosch,CR35,Noordoost-Noord-Brabant
GM0252,Heumen,CR15,Arnhem/Nijmegen
GM0797,Heusden,CR35,Noordoost-Noord-Brabant
GM0534,Hillegom,CR25,Agglomeratie Leiden en Bollenstreek
GM0798,Hilvarenbeek,CR34,Midden-Noord-Brabant
GM0402,Hilversum,CR24,Het Gooi en Vechtstreek
GM1963,Hoeksche Waard,CR29,Groot-Rijnmond
GM1735,Hof van Twente,CR12,Twente
GM1966,Het Hogeland,CR03,Overig Groningen
GM1911,Hollands Kroon,CR18,Kop van Noord-Holland
GM0118,Hoogeveen,CR09,Zuidwest-Drenthe
GM0405,Hoorn,CR18,Kop van Noord-Holland
GM1507,Horst aan de Maas,CR37,Noord-Limburg
GM0321,Houten,CR17,Utrecht
GM0406,Huizen,CR24,Het Gooi en Vechtstreek
GM0677,Hulst,CR31,Zeeuwsch-Vlaanderen
GM0353,IJsselstein,CR17,Utrecht
GM1884,Kaag en Braassem,CR25,Agglomeratie Leiden en Bollenstreek
GM0166,Kampen,CR10,Noord-Overijssel
GM0678,Kapelle,CR32,Overig Zeeland
GM0537,Katwijk,CR25,Agglomeratie Leiden en Bollenstreek
GM0928,Kerkrade,CR39,Zuid-Limburg
GM1598,Koggenland,CR18,Kop van Noord-Holland
GM0542,Krimpen aan den IJssel,CR29,Groot-Rijnmond
GM1931,Krimpenerwaard,CR28,Oost-Zuid-Holland
GM1659,Laarbeek,CR36,Zuidoost-Noord-Brabant
GM1685,Landerd,CR35,Noordoost-Noord-Brabant
GM0882,Landgraaf,CR39,Zuid-Limburg
GM0415,Landsmeer,CR23,Groot-Amsterdam
GM0416,Langedijk,CR19,Alkmaar en omgeving
GM1621,Lansingerland,CR29,Groot-Rijnmond
GM0417,Laren,CR24,Het Gooi en Vechtstreek
GM0080,Leeuwarden,CR04,Noord-Friesland
GM0546,Leiden,CR25,Agglomeratie Leiden en Bollenstreek
GM0547,Leiderdorp,CR25,Agglomeratie Leiden en Bollenstreek
GM1916,Leidschendam-Voorburg,CR26,Agglomeratie 's-Gravenhage
GM0995,Lelystad,CR40,Flevoland
GM1640,Leudal,CR38,Midden-Limburg
GM0327,Leusden,CR17,Utrecht
GM1705,Lingewaard,CR15,Arnhem/Nijmegen
GM0553,Lisse,CR25,Agglomeratie Leiden en Bollenstreek
GM0262,Lochem,CR14,Achterhoek
GM0809,Loon op Zand,CR34,Midden-Noord-Brabant
GM0331,Lopik,CR17,Utrecht
GM0024,Loppersum,CR02,Delfzijl en omgeving
GM0168,Losser,CR12,Twente
GM0263,Maasdriel,CR16,Zuidwest-Gelderland
GM1641,Maasgouw,CR38,Midden-Limburg
GM0556,Maassluis,CR29,Groot-Rijnmond
GM0935,Maastricht,CR39,Zuid-Limburg
GM0420,Medemblik,CR18,Kop van Noord-Holland
GM0938,Meerssen,CR39,Zuid-Limburg
GM1948,Meierijstad,CR35,Noordoost-Noord-Brabant
GM0119,Meppel,CR09,Zuidwest-Drenthe
GM0687,Middelburg,CR32,Overig Zeeland
GM1842,Midden-Delfland,CR27,Delft en Westland
GM1731,Midden-Drenthe,CR07,Noord-Drenthe
GM1952,Midden-Groningen,CR03,Overig Groningen
GM0815,Mill en Sint Hubert,CR35,Noordoost-Noord-Brabant
GM1709,Moerdijk,CR33,West-Noord-Brabant
GM1978,Molenlanden,CR30,Zuidoost-Zuid-Holland
GM1955,Montferland,CR14,Achterhoek
GM0335,Montfoort,CR17,Utrecht
GM0944,Mook en Middelaar,CR37,Noord-Limburg
GM1740,Neder-Betuwe,CR16,Zuidwest-Gelderland
GM0946,Nederweert,CR38,Midden-Limburg
GM0356,Nieuwegein,CR17,Utrecht
GM0569,Nieuwkoop,CR28,Oost-Zuid-Holland
GM0267,Nijkerk,CR13,Veluwe
GM0268,Nijmegen,CR15,Arnhem/Nijmegen
GM1930,Nissewaard,CR29,Groot-Rijnmond
GM1970,Noardeast-Fryslân,CR04,Noord-Friesland
GM1695,Noord-Beveland,CR32,Overig Zeeland
GM1699,Noordenveld,CR07,Noord-Drenthe
GM0171,Noordoostpolder,CR40,Flevoland
GM0575,Noordwijk,CR25,Agglomeratie Leiden en Bollenstreek
GM0820,"Nuenen, Gerwen en Nederwetten",CR36,Zuidoost-Noord-Brabant
GM0302,Nunspeet,CR13,Veluwe
GM0579,Oegstgeest,CR25,Agglomeratie Leiden en Bollenstreek
GM0823,Oirschot,CR36,Zuidoost-Noord-Brabant
GM0824,Oisterwijk,CR34,Midden-Noord-Brabant
GM1895,Oldambt,CR01,Oost-Groningen
GM0269,Oldebroek,CR13,Veluwe
GM0173,Oldenzaal,CR12,Twente
GM1773,Olst-Wijhe,CR11,Zuidwest-Overijssel
GM0175,Ommen,CR10,Noord-Overijssel
GM1586,Oost Gelre,CR14,Achterhoek
GM0826,Oosterhout,CR33,West-Noord-Brabant
GM0085,Ooststellingwerf,CR06,Zuidoost-Friesland
GM0431,Oostzaan,CR23,Groot-Amsterdam
GM0432,Opmeer,CR18,Kop van Noord-Holland
GM0086,Opsterland,CR06,Zuidoost-Friesland
GM0828,Oss,CR35,Noordoost-Noord-Brabant
GM1509,Oude IJsselstreek,CR14,Achterhoek
GM0437,Ouder-Amstel,CR23,Groot-Amsterdam
GM0589,Oudewater,CR17,Utrecht
GM1734,Overbetuwe,CR15,Arnhem/Nijmegen
GM0590,Papendrecht,CR30,Zuidoost-Zuid-Holland
GM1894,Peel en Maas,CR37,Noord-Limburg
GM0765,Pekela,CR01,Oost-Groningen
GM1926,Pijnacker-Nootdorp,CR26,Agglomeratie 's-Gravenhage
GM0439,Purmerend,CR23,Groot-Amsterdam
GM0273,Putten,CR13,Veluwe
GM0177,Raalte,CR11,Zuidwest-Overijssel
GM0703,Reimerswaal,CR32,Overig Zeeland
GM0274,Renkum,CR15,Arnhem/Nijmegen
GM0339,Renswoude,CR17,Utrecht
GM1667,Reusel-De Mierden,CR36,Zuidoost-Noord-Brabant
GM0275,Rheden,CR15,Arnhem/Nijmegen
GM0340,Rhenen,CR17,Utrecht
GM0597,Ridderkerk,CR29,Groot-Rijnmond
GM1742,Rijssen-Holten,CR12,Twente
GM0603,Rijswijk,CR26,Agglomeratie 's-Gravenhage
GM1669,Roerdalen,CR38,Midden-Limburg
GM0957,Roermond,CR38,Midden-Limburg
GM0736,De Ronde Venen,CR17,Utrecht
GM1674,Roosendaal,CR33,West-Noord-Brabant
GM0599,Rotterdam,CR29,Groot-Rijnmond
GM0277,Rozendaal,CR15,Arnhem/Nijmegen
GM0840,Rucphen,CR33,West-Noord-Brabant
GM0441,Schagen,CR18,Kop van Noord-Holland
GM0279,Scherpenzeel,CR13,Veluwe
GM0606,Schiedam,CR29,Groot-Rijnmond
GM0088,Schiermonnikoog,CR04,Noord-Friesland
GM1676,Schouwen-Duiveland,CR32,Overig Zeeland
GM0965,Simpelveld,CR39,Zuid-Limburg
GM1702,Sint Anthonis,CR35,Noordoost-Noord-Brabant
GM0845,Sint-Michielsgestel,CR35,Noordoost-Noord-Brabant
GM1883,Sittard-Geleen,CR39,Zuid-Limburg
GM0610,Sliedrecht,CR30,Zuidoost-Zuid-Holland
GM1714,Sluis,CR31,Zeeuwsch-Vlaanderen
GM0090,Smallingerland,CR06,Zuidoost-Friesland
GM0342,Soest,CR17,Utrecht
GM0847,Someren,CR36,Zuidoost-Noord-Brabant
GM0848,Son en Breugel,CR36,Zuidoost-Noord-Brabant
GM0037,Stadskanaal,CR01,Oost-Groningen
GM0180,Staphorst,CR10,Noord-Overijssel
GM0532,Stede Broec,CR18,Kop van Noord-Holland
GM0851,Steenbergen,CR33,West-Noord-Brabant
GM1708,Steenwijkerland,CR10,Noord-Overijssel
GM0971,Stein,CR39,Zuid-Limburg
GM1904,Stichtse Vecht,CR17,Utrecht
GM1900,Súdwest-Fryslân,CR05,Zuidwest-Friesland
GM0715,Terneuzen,CR31,Zeeuwsch-Vlaanderen
GM0093,Terschelling,CR04,Noord-Friesland
GM0448,Texel,CR18,Kop van Noord-Holland
GM1525,Teylingen,CR25,Agglomeratie Leiden en Bollenstreek
GM0716,Tholen,CR32,Overig Zeeland
GM0281,Tiel,CR16,Zuidwest-Gelderland
GM0855,Tilburg,CR34,Midden-Noord-Brabant
GM0183,Tubbergen,CR12,Twente
GM1700,Twenterand,CR12,Twente
GM1730,Tynaarlo,CR07,Noord-Drenthe
GM0737,Tytsjerksteradiel,CR04,Noord-Friesland
GM0856,Uden,CR35,Noordoost-Noord-Brabant
GM0450,Uitgeest,CR20,IJmond
GM0451,Uithoorn,CR23,Groot-Amsterdam
GM0184,Urk,CR40,Flevoland
GM0344,Utrecht,CR17,Utrecht
GM1581,Utrechtse Heuvelrug,CR17,Utrecht
GM0981,Vaals,CR39,Zuid-Limburg
GM0994,Valkenburg aan de Geul,CR39,Zuid-Limburg
GM0858,Valkenswaard,CR36,Zuidoost-Noord-Brabant
GM0047,Veendam,CR01,Oost-Groningen
GM0345,Veenendaal,CR17,Utrecht
GM0717,Veere,CR32,Overig Zeeland
GM0861,Veldhoven,CR36,Zuidoost-Noord-Brabant
GM0453,Velsen,CR20,IJmond
GM0983,Venlo,CR37,Noord-Limburg
GM0984,Venray,CR37,Noord-Limburg
GM1961,Vijfheerenlanden,CR17,Utrecht
GM0622,Vlaardingen,CR29,Groot-Rijnmond
GM0096,Vlieland,CR04,Noord-Friesland
GM0718,Vlissingen,CR32,Overig Zeeland
GM0986,Voerendaal,CR39,Zuid-Limburg
GM0626,Voorschoten,CR25,Agglomeratie Leiden en Bollenstreek
GM0285,Voorst,CR13,Veluwe
GM0865,Vught,CR35,Noordoost-Noord-Brabant
GM1949,Waadhoeke,CR04,Noord-Friesland
GM0866,Waalre,CR36,Zuidoost-Noord-Brabant
GM0867,Waalwijk,CR34,Midden-Noord-Brabant
GM0627,Waddinxveen,CR28,Oost-Zuid-Holland
GM0289,Wageningen,CR13,Veluwe
GM0629,Wassenaar,CR26,Agglomeratie 's-Gravenhage
GM0852,Waterland,CR23,Groot-Amsterdam
GM0988,Weert,CR38,Midden-Limburg
GM0457,Weesp,CR24,Het Gooi en Vechtstreek
GM1960,West Betuwe,CR16,Zuidwest-Gelderland
GM0668,West Maas en Waal,CR16,Zuidwest-Gelderland
GM1969,Westerkwartier,CR03,Overig Groningen
GM1701,Westerveld,CR09,Zuidwest-Drenthe
GM0293,Westervoort,CR15,Arnhem/Nijmegen
GM1950,Westerwolde,CR01,Oost-Groningen
GM1783,Westland,CR27,Delft en Westland
GM0098,Weststellingwerf,CR06,Zuidoost-Friesland
GM0614,Westvoorne,CR29,Groot-Rijnmond
GM0189,Wierden,CR12,Twente
GM0296,Wijchen,CR15,Arnhem/Nijmegen
GM1696,Wijdemeren,CR24,Het Gooi en Vechtstreek
GM0352,Wijk bij Duurstede,CR17,Utrecht
GM0294,Winterswijk,CR14,Achterhoek
GM0873,Woensdrecht,CR33,West-Noord-Brabant
GM0632,Woerden,CR17,Utrecht
GM1690,De Wolden,CR09,Zuidwest-Drenthe
GM0880,Wormerland,CR22,Zaanstreek
GM0351,Woudenberg,CR17,Utrecht
GM0479,Zaanstad,CR22,Zaanstreek
GM0297,Zaltbommel,CR16,Zuidwest-Gelderland
GM0473,Zandvoort,CR21,Agglomeratie Haarlem
GM0050,Zeewolde,CR40,Flevoland
GM0355,Zeist,CR17,Utrecht
GM0299,Zevenaar,CR15,Arnhem/Nijmegen
GM0637,Zoetermeer,CR26,Agglomeratie 's-Gravenhage
GM0638,Zoeterwoude,CR25,Agglomeratie Leiden en Bollenstreek
GM1892,Zuidplas,CR29,Groot-Rijnmond
GM0879,Zundert,CR33,West-Noord-Brabant
GM0301,Zutphen,CR14,Achterhoek
GM1896,Zwartewaterland,CR10,Noord-Overijssel
GM0642,Zwijndrecht,CR30,Zuidoost-Zuid-Holland
GM0193,Zwolle,CR10,Noord-Overijssel
