layer,role,status,path,notes
project,entrypoint,canonical,reports/PROJECT_STATE_INDEX_V0.md,Read first to understand current state and next step.
project,journal,canonical,reports/PROJECT_JOURNEY.md,Chronological record of decisions and reversals.
project,artifact_registry,canonical,metadata/canonical_artifacts_v0.csv,Defines which artifacts are canonical versus diagnostic.
territory,node_index,canonical,data/processed/graph_node_index_core_v0.csv,Stable node order for ZE2020 arrays.
territory,nodes,canonical,data/processed/graph_nodes_ze2020_core_v0.csv,Canonical ZE2020 node table.
territory,spatial_edges,canonical,data/processed/graph_edges_ze2020_core_v0.csv,Canonical geographic adjacency edge list.
territory,spatial_adjacency,canonical,data/processed/graph_adjacency_core_v0.csv,Canonical geographic adjacency matrix.
territory,mobility_edges,canonical,data/processed/mobility_graph_edges_core_v0.csv,Observed commuting-flow graph between ZE2020 zones.
territory,mobility_adjacency,canonical,data/processed/mobility_adjacency_row_normalized_core_v0.csv,Row-normalized mobility adjacency for future graph experiments.
panel,zone_panel,canonical,data/processed/panel_zones_core_v0.csv,Core annual ZE2020 panel.
panel,zone_master,canonical,data/processed/zones_master_annual_core_v0.csv,Core annual master table.
target,official_side_target,canonical,data/processed/target_side_establishments_annual_core_v0.csv,Primary formal target: official SIDE establishment creations aggregated to ZE2020.
target,official_side_communal_source,canonical,data/processed/side_communal_creations_ze2020_official_2012_2024_v0.csv,Aggregated official SIDE source panel.
target,proxy_audit,diagnostic,data/processed/target_proxy_vs_side_official_ze2020_2012_2024_v0.csv,Proxy retained only for audit/comparison.
model_data,long_history_dataset,canonical,data/processed/long_history_side_target_dataset_core_v0.csv,Main baseline dataset with longer target history.
model_data,rich_tensor_candidate,diagnostic,data/processed/stgnn_tensor_package_side_target_core_v0.npz,"Tensor package retained as candidate input, not final architecture."
baseline,long_history_predictions,canonical,data/processed/long_history_side_target_baseline_predictions_core_v0.csv,Main persistence/ridge baseline predictions.
baseline,rolling_backtest_predictions,canonical,data/processed/segmented_decision_rule_backtest_predictions_core_v0.csv,Rolling validation predictions for stability analysis.
baseline,decision_matrix,canonical,metadata/side_model_decision_matrix_core_v0.csv,Decision matrix between persistence/ridge/segmentation.
baseline,instability_fold_diagnostic,canonical,metadata/side_backtest_fold_instability_core_v0.csv,Explains year/fold instability.
baseline,temporal_regime_metrics,canonical,metadata/temporal_regime_side_baseline_metrics_core_v0.csv,Tests whether observed aggregate growth can choose persistence versus ridge.
report,current_decision_matrix,canonical,reports/SIDE_MODEL_DECISION_MATRIX_CORE_V0.md,Current model decision rules.
report,rolling_backtest,canonical,reports/SEGMENTED_DECISION_RULE_BACKTEST_CORE_V0.md,Rolling validation of segmented rule.
report,instability_diagnostic,canonical,reports/SIDE_BACKTEST_INSTABILITY_DIAGNOSTIC_CORE_V0.md,Current explanation of temporal instability.
report,temporal_regime_baseline,canonical,reports/TEMPORAL_REGIME_SIDE_BASELINE_CORE_V0.md,Shows that simple observed-growth regime rule is insufficient.
report,extended_core_verification_plan,canonical,reports/EXTENDED_CORE_VERIFICATION_PLAN_V0.md,Verification checklist before accepting the extended core package or STGNN claim.
report,project_consistency_audit,canonical,reports/PROJECT_CONSISTENCY_AUDIT_V0.md,Current audit separating canonical candidate diagnostic and proxy artifacts.
model_data,extended_panel,canonical,data/processed/extended_panel_core_v0.csv,Current 2018-2024 SIDE target panel used for extended causal baselines.
model_data,extended_forecast_tensor,canonical,data/processed/stgnn_tensor_package_extended_forecast_core_v1.npz,Forecast-safe experimental tensor with official SIDE target.
model_data,extended_nowcast_q1_tensor,candidate,data/processed/stgnn_tensor_package_extended_nowcast_q1_core_v1.npz,Q1 nowcast tensor; valid for nowcast experiments not pure forecast.
model_data,extended_diagnostic_tensor,diagnostic,data/processed/stgnn_tensor_package_extended_diagnostic_core_v1.npz,Diagnostic tensor with current-year information not valid for pure forecasting.
metadata,extended_feature_classification,canonical,metadata/extended_core_feature_classification_v0.csv,Feature availability classes separating forecast nowcast diagnostic and excluded variables.
baseline,extended_rolling_metrics,canonical,reports/extended_rolling_backtest_metrics_v0.json,Current rolling benchmark metrics with ridge_lag_only and persistence.
report,extended_core_summary,canonical,reports/EXTENDED_CORE_VERIFICATION_SUMMARY_V0.md,Current extended core benchmark summary.
report,local_candidate_audit,canonical,reports/LOCAL_CANDIDATE_FEATURES_AUDIT_V0.md,Audit of SITADEL REI and Energy candidate features before canonical inclusion.
baseline,residual_baseline_metrics,candidate,reports/residual_baseline_metrics_core_v0.json,Residual correction benchmark metrics; candidate baseline not final operational model.
baseline,residual_activation_metrics,candidate,reports/residual_activation_rules_metrics_core_v0.json,Experimental residual activation rules; threshold selection still fragile.
baseline,residual_zone_diagnostics,diagnostic,data/processed/residual_baseline_zone_diagnostics_core_v0.csv,Per-zone residual diagnostic retained for audit; large row-level prediction dumps are regenerable.
report,residual_baseline,candidate,reports/RESIDUAL_BASELINE_CORE_V0.md,Residual correction experiment summary and ablation status.
report,residual_diagnostics,diagnostic,reports/RESIDUAL_BASELINE_DIAGNOSTICS_CORE_V0.md,Zone volume and volatility diagnostics for residual models.
report,residual_activation_rules,candidate,reports/RESIDUAL_ACTIVATION_RULES_CORE_V0.md,Experimental rules for activating residual correction before observing the test year.
metadata,raw_external_inventory,canonical,metadata/raw_external_inventory_v0.csv,Inventory of processed partial and pending external raw sources.
report,raw_external_inventory,canonical,reports/RAW_EXTERNAL_INVENTORY_V0.md,Readable external raw source inventory and priority queue.
candidate_data,sitadel_monthly_surface,candidate,data/interim/tables/sitadel_monthly_surface_ze2020_v0.csv,Monthly SITADEL aggregation; candidate source not canonical model input.
candidate_data,sitadel_monthly_annual_derived,candidate,data/interim/tables/sitadel_monthly_derived_annual_ze2020_v0.csv,Derived total Q1 H1 SITADEL features for candidate testing.
candidate_data,energy_consumption,candidate,data/interim/tables/energy_consumption_ze2020_v0.csv,SDES non-residential energy features; candidate source only.
candidate_data,rei_cfe,diagnostic,data/interim/tables/rei_cfe_ze2020_v0.csv,REI CFE features under timing/vintage quarantine; diagnostic source only until publication-lag safety is resolved.
future_data,candidates,canonical,metadata/future_dataset_candidates_v0.csv,Future datasets registered but not integrated into core.
