package,model,split,group_type,group,rows,zones,mae,wmape,median_ape
controlled_hybrid,lags_only,test,size_group,large,69,69,394.30385796464367,3.122618172836323,2.3579832044078994
controlled_hybrid,lags_only,test,size_group,mid_high,68,68,84.12774905791287,3.262699580199203,2.901259378840548
controlled_hybrid,lags_only,test,size_group,mid_low,70,70,61.05769152064865,4.179743395444184,3.183790163609424
controlled_hybrid,lags_only,test,size_group,nan,3,3,107.42420082135868,3.0760007870962682,2.981337856651827
controlled_hybrid,lags_only,test,size_group,small,70,70,43.24294325171761,5.067560691109158,3.8506822411715604
controlled_hybrid,lags_only,test,volatility_group,high_vol,70,70,313.9874410680571,3.268037504351213,3.077013592397019
controlled_hybrid,lags_only,test,volatility_group,low_vol,69,69,78.14672606619261,3.7315221232697753,3.6646005646975657
controlled_hybrid,lags_only,test,volatility_group,mid_high_vol,68,68,94.08797468860426,3.175728925036651,2.6955048216925226
controlled_hybrid,lags_only,test,volatility_group,mid_low_vol,70,70,92.27814739153933,3.3979864581806933,2.8347595678463353
controlled_hybrid,lags_only,test,volatility_group,nan,3,3,107.42420082135868,3.0760007870962682,2.981337856651827
controlled_hybrid,lags_only,train,size_group,large,207,69,841.7110243219514,7.618333496629437,9.27144220406633
controlled_hybrid,lags_only,train,size_group,mid_high,204,68,202.58996003238067,9.200454998031086,8.974675234042273
controlled_hybrid,lags_only,train,size_group,mid_low,210,70,110.34581696799886,8.827497214635821,8.214696870461278
controlled_hybrid,lags_only,train,size_group,nan,9,3,245.29377779198643,8.116636641523137,10.082764341206312
controlled_hybrid,lags_only,train,size_group,small,210,70,67.75874146427584,9.591086349081914,8.806708875750692
controlled_hybrid,lags_only,train,volatility_group,high_vol,210,70,642.8997671600874,7.687106053599966,10.687248454586488
controlled_hybrid,lags_only,train,volatility_group,low_vol,207,69,125.89423145049733,7.007929176169089,6.537246503649545
controlled_hybrid,lags_only,train,volatility_group,mid_high_vol,204,68,236.70112045769764,9.182435077837825,9.399833563948125
controlled_hybrid,lags_only,train,volatility_group,mid_low_vol,210,70,207.659074118027,8.84428052965927,9.03216560888713
controlled_hybrid,lags_only,train,volatility_group,nan,9,3,245.29377779198643,8.116636641523137,10.082764341206312
controlled_hybrid,lags_only,validation,size_group,large,69,69,853.0329341500917,7.450427646207442,8.478524585037716
controlled_hybrid,lags_only,validation,size_group,mid_high,68,68,165.01603179741807,7.092798009041762,7.418614738101239
controlled_hybrid,lags_only,validation,size_group,mid_low,70,70,89.75944953662406,6.752312113187986,6.250369679156397
controlled_hybrid,lags_only,validation,size_group,nan,3,3,278.84155856420665,8.893521961435466,9.161679674685196
controlled_hybrid,lags_only,validation,size_group,small,70,70,48.710183073612555,6.405261426470195,5.316096845394913
controlled_hybrid,lags_only,validation,volatility_group,high_vol,70,70,574.7117787308001,6.600950769319476,6.7699601603645725
controlled_hybrid,lags_only,validation,volatility_group,low_vol,69,69,154.68031117737897,8.198729025825523,7.3463645761916565
controlled_hybrid,lags_only,validation,volatility_group,mid_high_vol,68,68,216.38168749463458,8.034265998490309,6.39651586927646
controlled_hybrid,lags_only,validation,volatility_group,mid_low_vol,70,70,202.23594527524307,8.243568998222198,7.909980026791979
controlled_hybrid,lags_only,validation,volatility_group,nan,3,3,278.84155856420665,8.893521961435466,9.161679674685196
controlled_hybrid,lags_plus_side_stocks,test,size_group,large,69,69,416.28427353939026,3.2966881032562094,2.4477576944728483
controlled_hybrid,lags_plus_side_stocks,test,size_group,mid_high,68,68,88.1034763262723,3.4168889390578756,3.223947824226906
controlled_hybrid,lags_plus_side_stocks,test,size_group,mid_low,70,70,61.48225534904486,4.208807184354112,3.3000122315897276
controlled_hybrid,lags_plus_side_stocks,test,size_group,nan,3,3,106.00575643330967,3.0353848363074256,3.824644410775327
controlled_hybrid,lags_plus_side_stocks,test,size_group,small,70,70,47.136748258017896,5.523868511645577,4.082043531552451
controlled_hybrid,lags_plus_side_stocks,test,volatility_group,high_vol,70,70,335.9133024689789,3.4962457955162343,2.8173135233840707
controlled_hybrid,lags_plus_side_stocks,test,volatility_group,low_vol,69,69,78.6401253788394,3.7550820411758448,3.5145340161941636
controlled_hybrid,lags_plus_side_stocks,test,volatility_group,mid_high_vol,68,68,101.62295671000176,3.4300553725362315,3.0132992441512867
controlled_hybrid,lags_plus_side_stocks,test,volatility_group,mid_low_vol,70,70,92.39315195214677,3.4022213063069238,2.9959970538496705
controlled_hybrid,lags_plus_side_stocks,test,volatility_group,nan,3,3,106.00575643330967,3.0353848363074256,3.824644410775327
controlled_hybrid,lags_plus_side_stocks,train,size_group,large,207,69,822.9888220169854,7.448878687521413,9.203078867786713
controlled_hybrid,lags_plus_side_stocks,train,size_group,mid_high,204,68,202.45624080277648,9.1943822501311,9.10971201906359
controlled_hybrid,lags_plus_side_stocks,train,size_group,mid_low,210,70,110.61144859633374,8.848747340138315,8.180899305753265
controlled_hybrid,lags_plus_side_stocks,train,size_group,nan,9,3,229.81419822139753,7.604425839157976,9.591663574178554
controlled_hybrid,lags_plus_side_stocks,train,size_group,small,210,70,68.24881145504165,9.660454573711744,8.817677250843841
controlled_hybrid,lags_plus_side_stocks,train,volatility_group,high_vol,210,70,630.4323623855151,7.53803419572911,10.767645852065328
controlled_hybrid,lags_plus_side_stocks,train,volatility_group,low_vol,207,69,124.27921518035085,6.91802895191618,6.624128303284059
controlled_hybrid,lags_plus_side_stocks,train,volatility_group,mid_high_vol,204,68,232.44635909612407,9.01737852931454,9.313747848326063
controlled_hybrid,lags_plus_side_stocks,train,volatility_group,mid_low_vol,210,70,208.0226809198623,8.859766684413557,8.943030827850123
controlled_hybrid,lags_plus_side_stocks,train,volatility_group,nan,9,3,229.81419822139753,7.604425839157976,9.591663574178554
controlled_hybrid,lags_plus_side_stocks,validation,size_group,large,69,69,1321.9615134902967,11.546070747131749,2.734791302437633
controlled_hybrid,lags_plus_side_stocks,validation,size_group,mid_high,68,68,95.22587577350308,4.093044140854977,4.073813606264236
controlled_hybrid,lags_plus_side_stocks,validation,size_group,mid_low,70,70,94.51377027288277,7.109964234086095,6.669158124949195
controlled_hybrid,lags_plus_side_stocks,validation,size_group,nan,3,3,128.18230501032758,4.088315065181615,2.5936977582919396
controlled_hybrid,lags_plus_side_stocks,validation,size_group,small,70,70,76.77026768512194,10.095089019890924,10.277010720381472
controlled_hybrid,lags_plus_side_stocks,validation,volatility_group,high_vol,70,70,1211.0631999087589,13.909874230847743,4.2300665692067785
controlled_hybrid,lags_plus_side_stocks,validation,volatility_group,low_vol,69,69,104.81289001545274,5.5555388860377635,6.343776711000708
controlled_hybrid,lags_plus_side_stocks,validation,volatility_group,mid_high_vol,68,68,123.24584949919742,4.576126332830307,4.4830236742207905
controlled_hybrid,lags_plus_side_stocks,validation,volatility_group,mid_low_vol,70,70,132.76222099806026,5.411671637627072,5.527645149723535
controlled_hybrid,lags_plus_side_stocks,validation,volatility_group,nan,3,3,128.18230501032758,4.088315065181615,2.5936977582919396
controlled_hybrid,lags_plus_side_stocks_flores,test,size_group,large,69,69,941.5109165984588,7.45612562167158,4.416714052301337
controlled_hybrid,lags_plus_side_stocks_flores,test,size_group,mid_high,68,68,100.478595865173,3.89682924147452,3.7162417823343405
controlled_hybrid,lags_plus_side_stocks_flores,test,size_group,mid_low,70,70,59.55617344736555,4.076956013647696,3.1803202631366467
controlled_hybrid,lags_plus_side_stocks_flores,test,size_group,nan,3,3,151.21090147518484,4.329795785296883,5.1918964192402095
controlled_hybrid,lags_plus_side_stocks_flores,test,size_group,small,70,70,41.42029433460926,4.8539678292110695,3.466158995164963
controlled_hybrid,lags_plus_side_stocks_flores,test,volatility_group,high_vol,70,70,821.9682838780013,8.555193067477726,4.510857542475216
controlled_hybrid,lags_plus_side_stocks_flores,test,volatility_group,low_vol,69,69,90.33183632268123,4.313363625600341,3.6874373520971853
controlled_hybrid,lags_plus_side_stocks_flores,test,volatility_group,mid_high_vol,68,68,122.02143076832238,4.1185601927113495,2.966183728294796
controlled_hybrid,lags_plus_side_stocks_flores,test,volatility_group,mid_low_vol,70,70,97.10023769846606,3.5755517650949904,2.9656595920314355
controlled_hybrid,lags_plus_side_stocks_flores,test,volatility_group,nan,3,3,151.21090147518484,4.329795785296883,5.1918964192402095
controlled_hybrid,lags_plus_side_stocks_flores,train,size_group,large,207,69,860.2197272668907,7.785855921250386,8.967226638026613
controlled_hybrid,lags_plus_side_stocks_flores,train,size_group,mid_high,204,68,202.14392532365102,9.180198701694529,9.122916913204463
controlled_hybrid,lags_plus_side_stocks_flores,train,size_group,mid_low,210,70,110.64747746299946,8.85162959457149,8.548527846207868
controlled_hybrid,lags_plus_side_stocks_flores,train,size_group,nan,9,3,230.21293427284166,7.617619796520368,9.560665764320598
controlled_hybrid,lags_plus_side_stocks_flores,train,size_group,small,210,70,68.37826964903435,9.678779068682402,8.997423065980408
controlled_hybrid,lags_plus_side_stocks_flores,train,volatility_group,high_vol,210,70,670.3009410467716,8.01473990948162,10.623018652723752
controlled_hybrid,lags_plus_side_stocks_flores,train,volatility_group,low_vol,207,69,123.82985060866197,6.893014977436235,6.556281124677328
controlled_hybrid,lags_plus_side_stocks_flores,train,volatility_group,mid_high_vol,204,68,229.3190117676604,8.896058174962437,9.198652565996277
controlled_hybrid,lags_plus_side_stocks_flores,train,volatility_group,mid_low_vol,210,70,208.19617193990686,8.867155734264461,9.016413405645203
controlled_hybrid,lags_plus_side_stocks_flores,train,volatility_group,nan,9,3,230.21293427284166,7.617619796520368,9.560665764320598
controlled_hybrid,lags_plus_side_stocks_flores,validation,size_group,large,69,69,1440.1784443342635,12.578582687233128,3.244980687838582
controlled_hybrid,lags_plus_side_stocks_flores,validation,size_group,mid_high,68,68,92.34184910409044,3.96908152706515,3.805546783821239
controlled_hybrid,lags_plus_side_stocks_flores,validation,size_group,mid_low,70,70,95.31024637310482,7.169880546487272,6.724215350596085
controlled_hybrid,lags_plus_side_stocks_flores,validation,size_group,nan,3,3,130.57200614360826,4.164533472579468,2.9257198421320156
controlled_hybrid,lags_plus_side_stocks_flores,validation,size_group,small,70,70,79.6311535973116,10.471288020235212,10.703814064574463
controlled_hybrid,lags_plus_side_stocks_flores,validation,volatility_group,high_vol,70,70,1309.1049059256354,15.03594907167789,4.349185435208047
controlled_hybrid,lags_plus_side_stocks_flores,validation,volatility_group,low_vol,69,69,108.74736824309666,5.7640833387927835,6.1142716981373235
controlled_hybrid,lags_plus_side_stocks_flores,validation,volatility_group,mid_high_vol,68,68,132.85138526817784,4.93278049483242,4.590856951753887
controlled_hybrid,lags_plus_side_stocks_flores,validation,volatility_group,mid_low_vol,70,70,138.89500534667454,5.661657024053863,5.6074033960502865
controlled_hybrid,lags_plus_side_stocks_flores,validation,volatility_group,nan,3,3,130.57200614360826,4.164533472579468,2.9257198421320156
controlled_hybrid,persistence,test,size_group,large,69,69,1177.8985507246377,9.328154787113775,9.705808398290168
controlled_hybrid,persistence,test,size_group,mid_high,68,68,252.85294117647058,9.806314732855775,9.538623277279871
controlled_hybrid,persistence,test,size_group,mid_low,70,70,132.57142857142858,9.07526208731028,9.084489112227805
controlled_hybrid,persistence,test,size_group,nan,3,3,357.0,10.222391906079984,10.744115413819285
controlled_hybrid,persistence,test,size_group,small,70,70,94.65714285714286,11.092695829775835,11.027576068636023
controlled_hybrid,persistence,test,volatility_group,high_vol,70,70,902.7571428571429,9.396057976531043,9.825800419058297
controlled_hybrid,persistence,test,volatility_group,low_vol,69,69,208.69565217391303,9.965259996401434,10.109465550547329
controlled_hybrid,persistence,test,volatility_group,mid_high_vol,68,68,270.3970588235294,9.126647308465492,9.652495584330513
controlled_hybrid,persistence,test,volatility_group,mid_low_vol,70,70,262.7857142857143,9.676638768628647,9.411001885741463
controlled_hybrid,persistence,test,volatility_group,nan,3,3,357.0,10.222391906079984,10.744115413819285
controlled_hybrid,persistence,train,size_group,large,207,69,739.7004830917874,6.695035237717957,5.534792667734472
controlled_hybrid,persistence,train,size_group,mid_high,204,68,194.7156862745098,8.842851386579222,6.535620552127603
controlled_hybrid,persistence,train,size_group,mid_low,210,70,112.73333333333333,9.0184948858117,7.439603407345343
controlled_hybrid,persistence,train,size_group,nan,9,3,224.44444444444446,7.426743630280525,4.2164883574575205
controlled_hybrid,persistence,train,size_group,small,210,70,72.45714285714286,10.256133728767862,8.276651387324605
controlled_hybrid,persistence,train,volatility_group,high_vol,210,70,539.495238095238,6.450705572611576,7.600815969785513
controlled_hybrid,persistence,train,volatility_group,low_vol,207,69,140.15942028985506,7.802003947658564,5.492424242424242
controlled_hybrid,persistence,train,volatility_group,mid_high_vol,204,68,231.0,8.961269380047655,7.775905818061364
controlled_hybrid,persistence,train,volatility_group,mid_low_vol,210,70,201.42380952380952,8.578718191571564,6.8191692911129955
controlled_hybrid,persistence,train,volatility_group,nan,9,3,224.44444444444446,7.426743630280525,4.2164883574575205
controlled_hybrid,persistence,validation,size_group,large,69,69,383.2463768115942,3.347290927226422,2.4636376329435103
controlled_hybrid,persistence,validation,size_group,mid_high,68,68,90.26470588235294,3.8798007635710854,2.5587592739215856
controlled_hybrid,persistence,validation,size_group,mid_low,70,70,43.42857142857143,3.2669904999355204,2.819388303259271
controlled_hybrid,persistence,validation,size_group,nan,3,3,236.0,7.527110355092494,4.800540906017579
controlled_hybrid,persistence,validation,size_group,small,70,70,43.32857142857143,5.697593597956155,3.681329235497503
controlled_hybrid,persistence,validation,volatility_group,high_vol,70,70,292.8,3.363004651697008,2.5511033185720207
controlled_hybrid,persistence,validation,volatility_group,low_vol,69,69,73.85507246376811,3.914639954523806,3.2448377581120944
controlled_hybrid,persistence,validation,volatility_group,mid_high_vol,68,68,91.11764705882354,3.383204106148302,2.7659356903222703
controlled_hybrid,persistence,validation,volatility_group,mid_low_vol,70,70,98.1,3.9987654896114786,3.0839171339660645
controlled_hybrid,persistence,validation,volatility_group,nan,3,3,236.0,7.527110355092494,4.800540906017579
long_history,persistence,test,size_group,large,138,69,780.572463768116,6.484022442678891,6.268910648159962
long_history,persistence,test,size_group,mid_high,136,68,171.55882352941177,6.995262936979072,6.756139181099643
long_history,persistence,test,size_group,mid_low,140,70,88.0,6.307985335982141,5.51092318534179
long_history,persistence,test,size_group,nan,6,3,296.5,8.947341950409898,9.582584022699116
long_history,persistence,test,size_group,small,140,70,68.99285714285715,8.550360285395605,6.7801876939823185
long_history,persistence,test,volatility_group,high_vol,140,70,597.7785714285715,6.527987844022205,6.30150365256883
long_history,persistence,test,volatility_group,low_vol,138,69,141.2753623188406,7.09771370321829,5.737804864530519
long_history,persistence,test,volatility_group,mid_high_vol,136,68,180.75735294117646,6.391752577319587,6.709446324429404
long_history,persistence,test,volatility_group,mid_low_vol,140,70,180.44285714285715,6.981828231880052,6.2098552358141665
long_history,persistence,test,volatility_group,nan,6,3,296.5,8.947341950409898,9.582584022699116
long_history,persistence,train,size_group,large,345,69,975.6434782608695,10.383575665197961,11.10458284371328
long_history,persistence,train,size_group,mid_high,340,68,191.85588235294117,10.494993113922748,9.303521224532297
long_history,persistence,train,size_group,mid_low,350,70,109.89428571428572,10.588604510955294,9.482901000680073
long_history,persistence,train,size_group,nan,15,3,258.2,10.2365534557949,11.038107752956636
long_history,persistence,train,size_group,small,350,70,62.19714285714286,10.634431346878161,8.934629722761054
long_history,persistence,train,volatility_group,high_vol,350,70,743.5028571428571,10.457592510507785,10.941668861432056
long_history,persistence,train,volatility_group,low_vol,345,69,144.85797101449276,9.469473756013635,8.812260536398467
long_history,persistence,train,volatility_group,mid_high_vol,340,68,234.83823529411765,10.939724304424255,9.345142663486229
long_history,persistence,train,volatility_group,mid_low_vol,350,70,205.75142857142856,10.5111587920188,9.830798496391157
long_history,persistence,train,volatility_group,nan,15,3,258.2,10.2365534557949,11.038107752956636
long_history,persistence,validation,size_group,large,69,69,338.15942028985506,2.9129692236243514,2.1362489486963834
long_history,persistence,validation,size_group,mid_high,68,68,86.82352941176471,3.6738808477803633,3.267024519080549
long_history,persistence,validation,size_group,mid_low,70,70,58.857142857142854,4.394385425999403,3.7624684459476017
long_history,persistence,validation,size_group,nan,3,3,130.66666666666666,3.987792472024415,3.455986989225452
long_history,persistence,validation,size_group,small,70,70,56.47142857142857,7.337218798722994,6.5495697815613205
long_history,persistence,validation,volatility_group,high_vol,70,70,261.0857142857143,2.967658754966801,2.138706997808616
long_history,persistence,validation,volatility_group,low_vol,69,69,73.20289855072464,3.821477749027797,3.283458021612635
long_history,persistence,validation,volatility_group,mid_high_vol,68,68,113.04411764705883,4.147333664242399,4.210166313251634
long_history,persistence,validation,volatility_group,mid_low_vol,70,70,89.94285714285714,3.5777402728765693,3.5080296026616486
long_history,persistence,validation,volatility_group,nan,3,3,130.66666666666666,3.987792472024415,3.455986989225452
long_history,ridge_autoregressive,test,size_group,large,138,69,750.7854607568087,6.236589174160678,6.256412280952546
long_history,ridge_autoregressive,test,size_group,mid_high,136,68,164.8525974705547,6.72181844936003,5.66851568378658
long_history,ridge_autoregressive,test,size_group,mid_low,140,70,92.87453591620584,6.657400120972421,5.702504808474716
long_history,ridge_autoregressive,test,size_group,nan,6,3,212.83351986084426,6.422577675225397,3.160362206638694
long_history,ridge_autoregressive,test,size_group,small,140,70,60.75869813928198,7.52989194934713,5.9647272838285685
long_history,ridge_autoregressive,test,volatility_group,high_vol,140,70,548.3581805706551,5.988296851090966,7.091309834031414
long_history,ridge_autoregressive,test,volatility_group,low_vol,138,69,135.5623794036773,6.810691844221446,5.479871065070418
long_history,ridge_autoregressive,test,volatility_group,mid_high_vol,136,68,189.63406389947295,6.705641551807262,5.025522089740333
long_history,ridge_autoregressive,test,volatility_group,mid_low_vol,140,70,187.63580914482742,7.26014324059306,5.8114097295542315
long_history,ridge_autoregressive,test,volatility_group,nan,6,3,212.83351986084426,6.422577675225397,3.160362206638694
long_history,ridge_autoregressive,train,size_group,large,345,69,618.296266252612,6.580401762729515,6.312889045133942
long_history,ridge_autoregressive,train,size_group,mid_high,340,68,123.46502055475219,6.753843169367856,5.674229672870851
long_history,ridge_autoregressive,train,size_group,mid_low,350,70,75.03543243687744,7.229861982526341,6.189702971575983
long_history,ridge_autoregressive,train,size_group,nan,15,3,179.59011898209062,7.1199994310330625,6.24143265539466
long_history,ridge_autoregressive,train,size_group,small,350,70,46.74158704506094,7.991849394376891,6.50056589408026
long_history,ridge_autoregressive,train,volatility_group,high_vol,350,70,482.8889262887651,6.791978767062429,6.626688484635639
long_history,ridge_autoregressive,train,volatility_group,low_vol,345,69,95.30813270436191,6.230363818145187,5.457206771348058
long_history,ridge_autoregressive,train,volatility_group,mid_high_vol,340,68,141.29952275883483,6.58230897278035,5.933589166681916
long_history,ridge_autoregressive,train,volatility_group,mid_low_vol,350,70,137.08002269248243,7.002964187118689,6.416016704659409
long_history,ridge_autoregressive,train,volatility_group,nan,15,3,179.59011898209062,7.1199994310330625,6.24143265539466
long_history,ridge_autoregressive,validation,size_group,large,69,69,561.60289391857,4.837753579305637,4.770720467060013
long_history,ridge_autoregressive,validation,size_group,mid_high,68,68,98.78443635074714,4.179998800171004,3.46641794486001
long_history,ridge_autoregressive,validation,size_group,mid_low,70,70,65.35172049884923,4.879282856477928,4.196865969785211
long_history,ridge_autoregressive,validation,size_group,nan,3,3,105.29981842440755,3.2136261980999254,2.424773385505574
long_history,ridge_autoregressive,validation,size_group,small,70,70,56.05886909211397,7.2836157778008355,5.336955508173874
long_history,ridge_autoregressive,validation,volatility_group,high_vol,70,70,424.66850310311605,4.827040057095787,5.344301782183395
long_history,ridge_autoregressive,validation,volatility_group,low_vol,69,69,82.70698912313897,4.317628466639875,3.6880296703667597
long_history,ridge_autoregressive,validation,volatility_group,mid_high_vol,68,68,164.7108090370724,6.042868018279628,4.817584036078582
long_history,ridge_autoregressive,validation,volatility_group,mid_low_vol,70,70,104.75385917662744,4.166891208717003,4.598011210898071
long_history,ridge_autoregressive,validation,volatility_group,nan,3,3,105.29981842440755,3.2136261980999254,2.424773385505574
long_history,spatial_blend,test,size_group,large,138,69,780.572463768116,6.484022442678891,6.268910648159962
long_history,spatial_blend,test,size_group,mid_high,136,68,171.55882352941177,6.995262936979072,6.756139181099643
long_history,spatial_blend,test,size_group,mid_low,140,70,88.0,6.307985335982141,5.51092318534179
long_history,spatial_blend,test,size_group,nan,6,3,296.5,8.947341950409898,9.582584022699116
long_history,spatial_blend,test,size_group,small,140,70,68.99285714285715,8.550360285395605,6.7801876939823185
long_history,spatial_blend,test,volatility_group,high_vol,140,70,597.7785714285715,6.527987844022205,6.30150365256883
long_history,spatial_blend,test,volatility_group,low_vol,138,69,141.2753623188406,7.09771370321829,5.737804864530519
long_history,spatial_blend,test,volatility_group,mid_high_vol,136,68,180.75735294117646,6.391752577319587,6.709446324429404
long_history,spatial_blend,test,volatility_group,mid_low_vol,140,70,180.44285714285715,6.981828231880052,6.2098552358141665
long_history,spatial_blend,test,volatility_group,nan,6,3,296.5,8.947341950409898,9.582584022699116
long_history,spatial_blend,train,size_group,large,345,69,975.6434782608695,10.383575665197961,11.10458284371328
long_history,spatial_blend,train,size_group,mid_high,340,68,191.85588235294117,10.494993113922748,9.303521224532297
long_history,spatial_blend,train,size_group,mid_low,350,70,109.89428571428572,10.588604510955294,9.482901000680073
long_history,spatial_blend,train,size_group,nan,15,3,258.2,10.2365534557949,11.038107752956636
long_history,spatial_blend,train,size_group,small,350,70,62.19714285714286,10.634431346878161,8.934629722761054
long_history,spatial_blend,train,volatility_group,high_vol,350,70,743.5028571428571,10.457592510507785,10.941668861432056
long_history,spatial_blend,train,volatility_group,low_vol,345,69,144.85797101449276,9.469473756013635,8.812260536398467
long_history,spatial_blend,train,volatility_group,mid_high_vol,340,68,234.83823529411765,10.939724304424255,9.345142663486229
long_history,spatial_blend,train,volatility_group,mid_low_vol,350,70,205.75142857142856,10.5111587920188,9.830798496391157
long_history,spatial_blend,train,volatility_group,nan,15,3,258.2,10.2365534557949,11.038107752956636
long_history,spatial_blend,validation,size_group,large,69,69,338.15942028985506,2.9129692236243514,2.1362489486963834
long_history,spatial_blend,validation,size_group,mid_high,68,68,86.82352941176471,3.6738808477803633,3.267024519080549
long_history,spatial_blend,validation,size_group,mid_low,70,70,58.857142857142854,4.394385425999403,3.7624684459476017
long_history,spatial_blend,validation,size_group,nan,3,3,130.66666666666666,3.987792472024415,3.455986989225452
long_history,spatial_blend,validation,size_group,small,70,70,56.47142857142857,7.337218798722994,6.5495697815613205
long_history,spatial_blend,validation,volatility_group,high_vol,70,70,261.0857142857143,2.967658754966801,2.138706997808616
long_history,spatial_blend,validation,volatility_group,low_vol,69,69,73.20289855072464,3.821477749027797,3.283458021612635
long_history,spatial_blend,validation,volatility_group,mid_high_vol,68,68,113.04411764705883,4.147333664242399,4.210166313251634
long_history,spatial_blend,validation,volatility_group,mid_low_vol,70,70,89.94285714285714,3.5777402728765693,3.5080296026616486
long_history,spatial_blend,validation,volatility_group,nan,3,3,130.66666666666666,3.987792472024415,3.455986989225452
rich_temporal,persistence,test,size_group,large,69,69,1177.8985507246377,9.328154787113775,9.705808398290168
rich_temporal,persistence,test,size_group,mid_high,68,68,252.85294117647058,9.806314732855775,9.538623277279871
rich_temporal,persistence,test,size_group,mid_low,70,70,132.57142857142858,9.07526208731028,9.084489112227805
rich_temporal,persistence,test,size_group,nan,3,3,357.0,10.222391906079984,10.744115413819285
rich_temporal,persistence,test,size_group,small,70,70,94.65714285714286,11.092695829775835,11.027576068636023
rich_temporal,persistence,test,volatility_group,high_vol,70,70,902.7571428571429,9.396057976531043,9.825800419058297
rich_temporal,persistence,test,volatility_group,low_vol,69,69,208.69565217391303,9.965259996401434,10.109465550547329
rich_temporal,persistence,test,volatility_group,mid_high_vol,68,68,270.3970588235294,9.126647308465492,9.652495584330513
rich_temporal,persistence,test,volatility_group,mid_low_vol,70,70,262.7857142857143,9.676638768628647,9.411001885741463
rich_temporal,persistence,test,volatility_group,nan,3,3,357.0,10.222391906079984,10.744115413819285
rich_temporal,persistence,train,size_group,large,207,69,739.7004830917874,6.695035237717957,5.534792667734472
rich_temporal,persistence,train,size_group,mid_high,204,68,194.7156862745098,8.842851386579222,6.535620552127603
rich_temporal,persistence,train,size_group,mid_low,210,70,112.73333333333333,9.0184948858117,7.439603407345343
rich_temporal,persistence,train,size_group,nan,9,3,224.44444444444446,7.426743630280525,4.2164883574575205
rich_temporal,persistence,train,size_group,small,210,70,72.45714285714286,10.256133728767862,8.276651387324605
rich_temporal,persistence,train,volatility_group,high_vol,210,70,539.495238095238,6.450705572611576,7.600815969785513
rich_temporal,persistence,train,volatility_group,low_vol,207,69,140.15942028985506,7.802003947658564,5.492424242424242
rich_temporal,persistence,train,volatility_group,mid_high_vol,204,68,231.0,8.961269380047655,7.775905818061364
rich_temporal,persistence,train,volatility_group,mid_low_vol,210,70,201.42380952380952,8.578718191571564,6.8191692911129955
rich_temporal,persistence,train,volatility_group,nan,9,3,224.44444444444446,7.426743630280525,4.2164883574575205
rich_temporal,persistence,validation,size_group,large,69,69,383.2463768115942,3.347290927226422,2.4636376329435103
rich_temporal,persistence,validation,size_group,mid_high,68,68,90.26470588235294,3.8798007635710854,2.5587592739215856
rich_temporal,persistence,validation,size_group,mid_low,70,70,43.42857142857143,3.2669904999355204,2.819388303259271
rich_temporal,persistence,validation,size_group,nan,3,3,236.0,7.527110355092494,4.800540906017579
rich_temporal,persistence,validation,size_group,small,70,70,43.32857142857143,5.697593597956155,3.681329235497503
rich_temporal,persistence,validation,volatility_group,high_vol,70,70,292.8,3.363004651697008,2.5511033185720207
rich_temporal,persistence,validation,volatility_group,low_vol,69,69,73.85507246376811,3.914639954523806,3.2448377581120944
rich_temporal,persistence,validation,volatility_group,mid_high_vol,68,68,91.11764705882354,3.383204106148302,2.7659356903222703
rich_temporal,persistence,validation,volatility_group,mid_low_vol,70,70,98.1,3.9987654896114786,3.0839171339660645
rich_temporal,persistence,validation,volatility_group,nan,3,3,236.0,7.527110355092494,4.800540906017579
rich_temporal,ridge_autoregressive,test,size_group,large,69,69,394.30385796451384,3.1226181728352946,2.35798320440651
rich_temporal,ridge_autoregressive,test,size_group,mid_high,68,68,84.12774905790968,3.262699580199079,2.901259378839512
rich_temporal,ridge_autoregressive,test,size_group,mid_low,70,70,61.05769152064894,4.179743395444204,3.1837901636091974
rich_temporal,ridge_autoregressive,test,size_group,nan,3,3,107.42420082138385,3.076000787096989,2.9813378566511233
rich_temporal,ridge_autoregressive,test,size_group,small,70,70,43.24294325171919,5.067560691109342,3.850682241171817
rich_temporal,ridge_autoregressive,test,volatility_group,high_vol,70,70,313.98744106791395,3.268037504349723,3.077013592398341
rich_temporal,ridge_autoregressive,test,volatility_group,low_vol,69,69,78.1467260661983,3.7315221232700466,3.6646005646967463
rich_temporal,ridge_autoregressive,test,volatility_group,mid_high_vol,68,68,94.08797468860614,3.175728925036715,2.695504821691479
rich_temporal,ridge_autoregressive,test,volatility_group,mid_low_vol,70,70,92.27814739154576,3.397986458180931,2.8347595678462296
rich_temporal,ridge_autoregressive,test,volatility_group,nan,3,3,107.42420082138385,3.076000787096989,2.9813378566511233
rich_temporal,ridge_autoregressive,train,size_group,large,207,69,841.7110243216114,7.6183334966263585,9.271442204065709
rich_temporal,ridge_autoregressive,train,size_group,mid_high,204,68,202.58996003237283,9.200454998030729,8.974675234041658
rich_temporal,ridge_autoregressive,train,size_group,mid_low,210,70,110.3458169680016,8.82749721463604,8.214696870461609
rich_temporal,ridge_autoregressive,train,size_group,nan,9,3,245.29377779195855,8.116636641522215,10.082764341204538
rich_temporal,ridge_autoregressive,train,size_group,small,210,70,67.75874146428039,9.591086349082557,8.806708875752651
rich_temporal,ridge_autoregressive,train,volatility_group,high_vol,210,70,642.8997671598032,7.687106053596568,10.687248454584985
rich_temporal,ridge_autoregressive,train,volatility_group,low_vol,207,69,125.89423145049135,7.007929176168758,6.53724650364879
rich_temporal,ridge_autoregressive,train,volatility_group,mid_high_vol,204,68,236.7011204576716,9.182435077836814,9.399833563949212
rich_temporal,ridge_autoregressive,train,volatility_group,mid_low_vol,210,70,207.65907411800686,8.844280529658413,9.032165608887254
rich_temporal,ridge_autoregressive,train,volatility_group,nan,9,3,245.29377779195855,8.116636641522215,10.082764341204538
rich_temporal,ridge_autoregressive,validation,size_group,large,69,69,853.0329341505436,7.450427646211388,8.478524585039844
rich_temporal,ridge_autoregressive,validation,size_group,mid_high,68,68,165.0160317974437,7.0927980090428635,7.418614738102382
rich_temporal,ridge_autoregressive,validation,size_group,mid_low,70,70,89.75944953662841,6.752312113188312,6.2503696791567815
rich_temporal,ridge_autoregressive,validation,size_group,nan,3,3,278.84155856425485,8.893521961437004,9.161679674687132
rich_temporal,ridge_autoregressive,validation,size_group,small,70,70,48.710183073611404,6.405261426470044,5.316096845394963
rich_temporal,ridge_autoregressive,validation,volatility_group,high_vol,70,70,574.7117787311623,6.600950769323635,6.769960160365942
rich_temporal,ridge_autoregressive,validation,volatility_group,low_vol,69,69,154.68031117739903,8.198729025826587,7.346364576191363
rich_temporal,ridge_autoregressive,validation,volatility_group,mid_high_vol,68,68,216.3816874946886,8.034265998492316,6.396515869277109
rich_temporal,ridge_autoregressive,validation,volatility_group,mid_low_vol,70,70,202.23594527528212,8.24356899822379,7.909980026793081
rich_temporal,ridge_autoregressive,validation,volatility_group,nan,3,3,278.84155856425485,8.893521961437004,9.161679674687132
rich_temporal,spatial_blend,test,size_group,large,69,69,1177.8985507246377,9.328154787113775,9.705808398290168
rich_temporal,spatial_blend,test,size_group,mid_high,68,68,252.85294117647058,9.806314732855775,9.538623277279871
rich_temporal,spatial_blend,test,size_group,mid_low,70,70,132.57142857142858,9.07526208731028,9.084489112227805
rich_temporal,spatial_blend,test,size_group,nan,3,3,357.0,10.222391906079984,10.744115413819285
rich_temporal,spatial_blend,test,size_group,small,70,70,94.65714285714286,11.092695829775835,11.027576068636023
rich_temporal,spatial_blend,test,volatility_group,high_vol,70,70,902.7571428571429,9.396057976531043,9.825800419058297
rich_temporal,spatial_blend,test,volatility_group,low_vol,69,69,208.69565217391303,9.965259996401434,10.109465550547329
rich_temporal,spatial_blend,test,volatility_group,mid_high_vol,68,68,270.3970588235294,9.126647308465492,9.652495584330513
rich_temporal,spatial_blend,test,volatility_group,mid_low_vol,70,70,262.7857142857143,9.676638768628647,9.411001885741463
rich_temporal,spatial_blend,test,volatility_group,nan,3,3,357.0,10.222391906079984,10.744115413819285
rich_temporal,spatial_blend,train,size_group,large,207,69,739.7004830917874,6.695035237717957,5.534792667734472
rich_temporal,spatial_blend,train,size_group,mid_high,204,68,194.7156862745098,8.842851386579222,6.535620552127603
rich_temporal,spatial_blend,train,size_group,mid_low,210,70,112.73333333333333,9.0184948858117,7.439603407345343
rich_temporal,spatial_blend,train,size_group,nan,9,3,224.44444444444446,7.426743630280525,4.2164883574575205
rich_temporal,spatial_blend,train,size_group,small,210,70,72.45714285714286,10.256133728767862,8.276651387324605
rich_temporal,spatial_blend,train,volatility_group,high_vol,210,70,539.495238095238,6.450705572611576,7.600815969785513
rich_temporal,spatial_blend,train,volatility_group,low_vol,207,69,140.15942028985506,7.802003947658564,5.492424242424242
rich_temporal,spatial_blend,train,volatility_group,mid_high_vol,204,68,231.0,8.961269380047655,7.775905818061364
rich_temporal,spatial_blend,train,volatility_group,mid_low_vol,210,70,201.42380952380952,8.578718191571564,6.8191692911129955
rich_temporal,spatial_blend,train,volatility_group,nan,9,3,224.44444444444446,7.426743630280525,4.2164883574575205
rich_temporal,spatial_blend,validation,size_group,large,69,69,383.2463768115942,3.347290927226422,2.4636376329435103
rich_temporal,spatial_blend,validation,size_group,mid_high,68,68,90.26470588235294,3.8798007635710854,2.5587592739215856
rich_temporal,spatial_blend,validation,size_group,mid_low,70,70,43.42857142857143,3.2669904999355204,2.819388303259271
rich_temporal,spatial_blend,validation,size_group,nan,3,3,236.0,7.527110355092494,4.800540906017579
rich_temporal,spatial_blend,validation,size_group,small,70,70,43.32857142857143,5.697593597956155,3.681329235497503
rich_temporal,spatial_blend,validation,volatility_group,high_vol,70,70,292.8,3.363004651697008,2.5511033185720207
rich_temporal,spatial_blend,validation,volatility_group,low_vol,69,69,73.85507246376811,3.914639954523806,3.2448377581120944
rich_temporal,spatial_blend,validation,volatility_group,mid_high_vol,68,68,91.11764705882354,3.383204106148302,2.7659356903222703
rich_temporal,spatial_blend,validation,volatility_group,mid_low_vol,70,70,98.1,3.9987654896114786,3.0839171339660645
rich_temporal,spatial_blend,validation,volatility_group,nan,3,3,236.0,7.527110355092494,4.800540906017579
