zone_id,target_year,y,side_lag_1,growth_1y
BE_alost,2007,1394.0,,
BE_alost,2008,1302.0,1394.0,-0.06599713055954089
BE_alost,2009,1246.0,1302.0,-0.043010752688172046
BE_alost,2010,1294.0,1246.0,0.038523274478330656
BE_alost,2011,1374.0,1294.0,0.061823802163833076
BE_alost,2012,1329.0,1374.0,-0.03275109170305677
BE_alost,2013,1223.0,1329.0,-0.0797592174567344
BE_alost,2014,1679.0,1223.0,0.37285363859362225
BE_alost,2015,1508.0,1679.0,-0.10184633710541989
BE_alost,2016,1836.0,1508.0,0.21750663129973474
BE_alost,2017,1816.0,1836.0,-0.010893246187363835
BE_alost,2018,2091.0,1816.0,0.15143171806167402
BE_alost,2019,2280.0,2091.0,0.09038737446197992
BE_alost,2020,2476.0,2280.0,0.08596491228070176
BE_anvers,2007,6240.0,,
BE_anvers,2008,6166.0,6240.0,-0.011858974358974358
BE_anvers,2009,5859.0,6166.0,-0.04978916639636718
BE_anvers,2010,6559.0,5859.0,0.11947431302270012
BE_anvers,2011,6685.0,6559.0,0.0192102454642476
BE_anvers,2012,6511.0,6685.0,-0.026028421839940166
BE_anvers,2013,5964.0,6511.0,-0.08401167255413915
BE_anvers,2014,8482.0,5964.0,0.4221998658618377
BE_anvers,2015,7662.0,8482.0,-0.09667531242631455
BE_anvers,2016,8498.0,7662.0,0.10910989297833464
BE_anvers,2017,8845.0,8498.0,0.040833137208755
BE_anvers,2018,9567.0,8845.0,0.08162803843979649
BE_anvers,2019,10626.0,9567.0,0.11069300721229225
BE_anvers,2020,10914.0,10626.0,0.02710333145115754
BE_arlon,2007,234.0,,
BE_arlon,2008,197.0,234.0,-0.1581196581196581
BE_arlon,2009,172.0,197.0,-0.12690355329949238
BE_arlon,2010,175.0,172.0,0.01744186046511628
BE_arlon,2011,217.0,175.0,0.24
BE_arlon,2012,197.0,217.0,-0.09216589861751152
BE_arlon,2013,189.0,197.0,-0.04060913705583756
BE_arlon,2014,214.0,189.0,0.13227513227513227
BE_arlon,2015,190.0,214.0,-0.11214953271028037
BE_arlon,2016,232.0,190.0,0.22105263157894736
BE_arlon,2017,197.0,232.0,-0.15086206896551724
BE_arlon,2018,229.0,197.0,0.16243654822335024
BE_arlon,2019,236.0,229.0,0.03056768558951965
BE_arlon,2020,222.0,236.0,-0.059322033898305086
BE_ath,2007,389.0,,
BE_ath,2008,358.0,389.0,-0.07969151670951156
BE_ath,2009,335.0,358.0,-0.06424581005586592
BE_ath,2010,364.0,335.0,0.08656716417910448
BE_ath,2011,394.0,364.0,0.08241758241758242
BE_ath,2012,409.0,394.0,0.03807106598984772
BE_ath,2013,389.0,409.0,-0.0488997555012225
BE_ath,2014,441.0,389.0,0.13367609254498714
BE_ath,2015,394.0,441.0,-0.10657596371882086
BE_ath,2016,446.0,394.0,0.1319796954314721
BE_ath,2017,469.0,446.0,0.0515695067264574
BE_ath,2018,483.0,469.0,0.029850746268656716
BE_ath,2019,486.0,483.0,0.006211180124223602
BE_ath,2020,468.0,486.0,-0.037037037037037035
BE_audenarde,2007,640.0,,
BE_audenarde,2008,662.0,640.0,0.034375
BE_audenarde,2009,643.0,662.0,-0.028700906344410877
BE_audenarde,2010,686.0,643.0,0.06687402799377916
BE_audenarde,2011,619.0,686.0,-0.09766763848396501
BE_audenarde,2012,683.0,619.0,0.10339256865912763
BE_audenarde,2013,631.0,683.0,-0.07613469985358712
BE_audenarde,2014,896.0,631.0,0.41996830427892234
BE_audenarde,2015,743.0,896.0,-0.17075892857142858
BE_audenarde,2016,860.0,743.0,0.15746971736204576
BE_audenarde,2017,881.0,860.0,0.02441860465116279
BE_audenarde,2018,912.0,881.0,0.03518728717366629
BE_audenarde,2019,1059.0,912.0,0.1611842105263158
BE_audenarde,2020,1165.0,1059.0,0.10009442870632672
BE_bastogne,2007,232.0,,
BE_bastogne,2008,231.0,232.0,-0.004310344827586207
BE_bastogne,2009,184.0,231.0,-0.20346320346320346
BE_bastogne,2010,234.0,184.0,0.2717391304347826
BE_bastogne,2011,225.0,234.0,-0.038461538461538464
BE_bastogne,2012,208.0,225.0,-0.07555555555555556
BE_bastogne,2013,218.0,208.0,0.04807692307692308
BE_bastogne,2014,246.0,218.0,0.12844036697247707
BE_bastogne,2015,241.0,246.0,-0.02032520325203252
BE_bastogne,2016,230.0,241.0,-0.04564315352697095
BE_bastogne,2017,260.0,230.0,0.13043478260869565
BE_bastogne,2018,282.0,260.0,0.08461538461538462
BE_bastogne,2019,235.0,282.0,-0.16666666666666666
BE_bastogne,2020,273.0,235.0,0.16170212765957448
BE_bruges,2007,1791.0,,
BE_bruges,2008,1734.0,1791.0,-0.031825795644891124
BE_bruges,2009,1664.0,1734.0,-0.040369088811995385
BE_bruges,2010,1676.0,1664.0,0.007211538461538462
BE_bruges,2011,1823.0,1676.0,0.08770883054892602
BE_bruges,2012,1680.0,1823.0,-0.0784421283598464
BE_bruges,2013,1598.0,1680.0,-0.04880952380952381
BE_bruges,2014,2260.0,1598.0,0.4142678347934919
BE_bruges,2015,1907.0,2260.0,-0.1561946902654867
BE_bruges,2016,2447.0,1907.0,0.2831672784478238
BE_bruges,2017,2292.0,2447.0,-0.06334286881896199
BE_bruges,2018,2457.0,2292.0,0.07198952879581152
BE_bruges,2019,2677.0,2457.0,0.08954008954008955
BE_bruges,2020,2675.0,2677.0,-0.0007471049682480389
BE_bruxelles_capitale,2007,8746.0,,
BE_bruxelles_capitale,2008,7957.0,8746.0,-0.09021266864852504
BE_bruxelles_capitale,2009,7409.0,7957.0,-0.06887017720246325
BE_bruxelles_capitale,2010,8659.0,7409.0,0.16871372654879202
BE_bruxelles_capitale,2011,8849.0,8659.0,0.021942487585171498
BE_bruxelles_capitale,2012,8969.0,8849.0,0.01356085433382303
BE_bruxelles_capitale,2013,9064.0,8969.0,0.010592039246292786
BE_bruxelles_capitale,2014,13268.0,9064.0,0.4638128861429832
BE_bruxelles_capitale,2015,10141.0,13268.0,-0.23567983117274646
BE_bruxelles_capitale,2016,11050.0,10141.0,0.08963613055911646
BE_bruxelles_capitale,2017,11301.0,11050.0,0.022714932126696834
BE_bruxelles_capitale,2018,11820.0,11301.0,0.045925139368197504
BE_bruxelles_capitale,2019,11315.0,11820.0,-0.04272419627749577
BE_bruxelles_capitale,2020,10329.0,11315.0,-0.08714096332302254
BE_charleroi,2007,1936.0,,
BE_charleroi,2008,1789.0,1936.0,-0.0759297520661157
BE_charleroi,2009,1639.0,1789.0,-0.08384572386808273
BE_charleroi,2010,1747.0,1639.0,0.06589383770591824
BE_charleroi,2011,1847.0,1747.0,0.057240984544934176
BE_charleroi,2012,1963.0,1847.0,0.06280454791553872
BE_charleroi,2013,1846.0,1963.0,-0.059602649006622516
BE_charleroi,2014,2160.0,1846.0,0.17009750812567714
BE_charleroi,2015,1821.0,2160.0,-0.15694444444444444
BE_charleroi,2016,2029.0,1821.0,0.11422295442064799
BE_charleroi,2017,2194.0,2029.0,0.08132084770823066
BE_charleroi,2018,2018.0,2194.0,-0.08021877848678213
BE_charleroi,2019,2256.0,2018.0,0.11793855302279485
BE_charleroi,2020,2016.0,2256.0,-0.10638297872340426
BE_courtrai,2007,1623.0,,
BE_courtrai,2008,1620.0,1623.0,-0.0018484288354898336
BE_courtrai,2009,1581.0,1620.0,-0.024074074074074074
BE_courtrai,2010,1721.0,1581.0,0.08855154965211891
BE_courtrai,2011,1838.0,1721.0,0.06798373038930854
BE_courtrai,2012,1750.0,1838.0,-0.04787812840043525
BE_courtrai,2013,1617.0,1750.0,-0.076
BE_courtrai,2014,2152.0,1617.0,0.3308596165739023
BE_courtrai,2015,1983.0,2152.0,-0.07853159851301116
BE_courtrai,2016,2091.0,1983.0,0.05446293494704992
BE_courtrai,2017,2338.0,2091.0,0.11812529890004782
BE_courtrai,2018,2462.0,2338.0,0.05303678357570573
BE_courtrai,2019,2672.0,2462.0,0.08529650690495533
BE_courtrai,2020,2796.0,2672.0,0.04640718562874251
BE_dinant,2007,543.0,,
BE_dinant,2008,523.0,543.0,-0.03683241252302026
BE_dinant,2009,494.0,523.0,-0.055449330783938815
BE_dinant,2010,504.0,494.0,0.020242914979757085
BE_dinant,2011,517.0,504.0,0.025793650793650792
BE_dinant,2012,621.0,517.0,0.2011605415860735
BE_dinant,2013,546.0,621.0,-0.12077294685990338
BE_dinant,2014,607.0,546.0,0.11172161172161173
BE_dinant,2015,603.0,607.0,-0.006589785831960461
BE_dinant,2016,646.0,603.0,0.07131011608623548
BE_dinant,2017,724.0,646.0,0.12074303405572756
BE_dinant,2018,621.0,724.0,-0.14226519337016574
BE_dinant,2019,710.0,621.0,0.143317230273752
BE_dinant,2020,653.0,710.0,-0.08028169014084507
BE_dixmude,2007,301.0,,
BE_dixmude,2008,288.0,301.0,-0.04318936877076412
BE_dixmude,2009,277.0,288.0,-0.03819444444444445
BE_dixmude,2010,291.0,277.0,0.05054151624548736
BE_dixmude,2011,322.0,291.0,0.10652920962199312
BE_dixmude,2012,349.0,322.0,0.08385093167701864
BE_dixmude,2013,277.0,349.0,-0.20630372492836677
BE_dixmude,2014,350.0,277.0,0.26353790613718414
BE_dixmude,2015,354.0,350.0,0.011428571428571429
BE_dixmude,2016,400.0,354.0,0.12994350282485875
BE_dixmude,2017,381.0,400.0,-0.0475
BE_dixmude,2018,422.0,381.0,0.10761154855643044
BE_dixmude,2019,444.0,422.0,0.052132701421800945
BE_dixmude,2020,456.0,444.0,0.02702702702702703
BE_eeklo,2007,460.0,,
BE_eeklo,2008,519.0,460.0,0.1282608695652174
BE_eeklo,2009,404.0,519.0,-0.22157996146435452
BE_eeklo,2010,412.0,404.0,0.019801980198019802
BE_eeklo,2011,445.0,412.0,0.08009708737864078
BE_eeklo,2012,486.0,445.0,0.09213483146067415
BE_eeklo,2013,421.0,486.0,-0.1337448559670782
BE_eeklo,2014,478.0,421.0,0.13539192399049882
BE_eeklo,2015,470.0,478.0,-0.016736401673640166
BE_eeklo,2016,502.0,470.0,0.06808510638297872
BE_eeklo,2017,531.0,502.0,0.05776892430278884
BE_eeklo,2018,627.0,531.0,0.1807909604519774
BE_eeklo,2019,748.0,627.0,0.19298245614035087
BE_eeklo,2020,760.0,748.0,0.016042780748663103
BE_furnes,2007,378.0,,
BE_furnes,2008,355.0,378.0,-0.06084656084656084
BE_furnes,2009,362.0,355.0,0.01971830985915493
BE_furnes,2010,382.0,362.0,0.055248618784530384
BE_furnes,2011,379.0,382.0,-0.007853403141361256
BE_furnes,2012,374.0,379.0,-0.013192612137203167
BE_furnes,2013,328.0,374.0,-0.12299465240641712
BE_furnes,2014,404.0,328.0,0.23170731707317074
BE_furnes,2015,384.0,404.0,-0.04950495049504951
BE_furnes,2016,502.0,384.0,0.3072916666666667
BE_furnes,2017,431.0,502.0,-0.14143426294820718
BE_furnes,2018,466.0,431.0,0.08120649651972157
BE_furnes,2019,500.0,466.0,0.07296137339055794
BE_furnes,2020,493.0,500.0,-0.014
BE_gand,2007,3524.0,,
BE_gand,2008,3506.0,3524.0,-0.00510783200908059
BE_gand,2009,3160.0,3506.0,-0.09868796349115802
BE_gand,2010,3424.0,3160.0,0.08354430379746836
BE_gand,2011,3568.0,3424.0,0.04205607476635514
BE_gand,2012,3542.0,3568.0,-0.0072869955156950675
BE_gand,2013,3319.0,3542.0,-0.0629587803500847
BE_gand,2014,4821.0,3319.0,0.4525459475745707
BE_gand,2015,4062.0,4821.0,-0.15743621655258244
BE_gand,2016,4827.0,4062.0,0.1883308714918759
BE_gand,2017,4925.0,4827.0,0.02030246529935778
BE_gand,2018,5305.0,4925.0,0.07715736040609138
BE_gand,2019,6003.0,5305.0,0.13157398680490104
BE_gand,2020,6036.0,6003.0,0.005497251374312844
BE_hal_vilvorde,2007,2924.0,,
BE_hal_vilvorde,2008,2867.0,2924.0,-0.019493844049247606
BE_hal_vilvorde,2009,2779.0,2867.0,-0.03069410533658877
BE_hal_vilvorde,2010,3066.0,2779.0,0.10327455919395466
BE_hal_vilvorde,2011,3221.0,3066.0,0.05055446836268754
BE_hal_vilvorde,2012,3123.0,3221.0,-0.030425333747283453
BE_hal_vilvorde,2013,2974.0,3123.0,-0.04771053474223503
BE_hal_vilvorde,2014,4392.0,2974.0,0.47679892400806995
BE_hal_vilvorde,2015,3677.0,4392.0,-0.1627959927140255
BE_hal_vilvorde,2016,4234.0,3677.0,0.15148218656513462
BE_hal_vilvorde,2017,4241.0,4234.0,0.0016532829475673122
BE_hal_vilvorde,2018,4870.0,4241.0,0.14831407686866305
BE_hal_vilvorde,2019,6448.0,4870.0,0.3240246406570842
BE_hal_vilvorde,2020,6970.0,6448.0,0.08095533498759305
BE_hasselt,2007,2572.0,,
BE_hasselt,2008,2562.0,2572.0,-0.0038880248833592537
BE_hasselt,2009,2393.0,2562.0,-0.06596409055425449
BE_hasselt,2010,2661.0,2393.0,0.11199331383201003
BE_hasselt,2011,2670.0,2661.0,0.0033821871476888386
BE_hasselt,2012,2561.0,2670.0,-0.04082397003745318
BE_hasselt,2013,2281.0,2561.0,-0.10933229207340882
BE_hasselt,2014,3196.0,2281.0,0.40113985094256904
BE_hasselt,2015,2753.0,3196.0,-0.1386107634543179
BE_hasselt,2016,3230.0,2753.0,0.17326552851434798
BE_hasselt,2017,3402.0,3230.0,0.05325077399380805
BE_hasselt,2018,3482.0,3402.0,0.023515579071134628
BE_hasselt,2019,3806.0,3482.0,0.09304997128087306
BE_hasselt,2020,4110.0,3806.0,0.07987388334209143
BE_huy,2007,518.0,,
BE_huy,2008,462.0,518.0,-0.10810810810810811
BE_huy,2009,521.0,462.0,0.1277056277056277
BE_huy,2010,525.0,521.0,0.007677543186180422
BE_huy,2011,555.0,525.0,0.05714285714285714
BE_huy,2012,548.0,555.0,-0.012612612612612612
BE_huy,2013,549.0,548.0,0.0018248175182481751
BE_huy,2014,707.0,549.0,0.2877959927140255
BE_huy,2015,614.0,707.0,-0.13154172560113153
BE_huy,2016,662.0,614.0,0.0781758957654723
BE_huy,2017,695.0,662.0,0.04984894259818731
BE_huy,2018,681.0,695.0,-0.02014388489208633
BE_huy,2019,679.0,681.0,-0.002936857562408223
BE_huy,2020,686.0,679.0,0.010309278350515464
BE_liege,2007,2995.0,,
BE_liege,2008,2847.0,2995.0,-0.04941569282136895
BE_liege,2009,2955.0,2847.0,0.037934668071654375
BE_liege,2010,3121.0,2955.0,0.05617597292724196
BE_liege,2011,3336.0,3121.0,0.06888817686638898
BE_liege,2012,3339.0,3336.0,0.0008992805755395684
BE_liege,2013,3477.0,3339.0,0.04132973944294699
BE_liege,2014,3760.0,3477.0,0.08139200460166811
BE_liege,2015,3230.0,3760.0,-0.14095744680851063
BE_liege,2016,3468.0,3230.0,0.07368421052631578
BE_liege,2017,3504.0,3468.0,0.010380622837370242
BE_liege,2018,3448.0,3504.0,-0.01598173515981735
BE_liege,2019,3521.0,3448.0,0.02117169373549884
BE_liege,2020,3339.0,3521.0,-0.05168986083499006
BE_louvain,2007,2853.0,,
BE_louvain,2008,2772.0,2853.0,-0.028391167192429023
BE_louvain,2009,2611.0,2772.0,-0.05808080808080808
BE_louvain,2010,2770.0,2611.0,0.06089620834929146
BE_louvain,2011,2850.0,2770.0,0.02888086642599278
BE_louvain,2012,2781.0,2850.0,-0.024210526315789474
BE_louvain,2013,2599.0,2781.0,-0.06544408486156059
BE_louvain,2014,3721.0,2599.0,0.43170450173143515
BE_louvain,2015,3208.0,3721.0,-0.13786616500940607
BE_louvain,2016,3841.0,3208.0,0.19731920199501246
BE_louvain,2017,4067.0,3841.0,0.05883884405102838
BE_louvain,2018,4129.0,4067.0,0.01524465207769855
BE_louvain,2019,4482.0,4129.0,0.08549285541293292
BE_louvain,2020,4547.0,4482.0,0.014502454261490405
BE_maaseik,2007,1329.0,,
BE_maaseik,2008,1369.0,1329.0,0.030097817908201655
BE_maaseik,2009,1274.0,1369.0,-0.06939371804236669
BE_maaseik,2010,1330.0,1274.0,0.04395604395604396
BE_maaseik,2011,1379.0,1330.0,0.03684210526315789
BE_maaseik,2012,1322.0,1379.0,-0.04133430021754895
BE_maaseik,2013,1101.0,1322.0,-0.16717095310136157
BE_maaseik,2014,1440.0,1101.0,0.3079019073569482
BE_maaseik,2015,1376.0,1440.0,-0.044444444444444446
BE_maaseik,2016,1657.0,1376.0,0.20421511627906977
BE_maaseik,2017,1634.0,1657.0,-0.01388050694025347
BE_maaseik,2018,1776.0,1634.0,0.08690330477356181
BE_maaseik,2019,2041.0,1776.0,0.14921171171171171
BE_maaseik,2020,2177.0,2041.0,0.06663400293973543
BE_malines,2007,1700.0,,
BE_malines,2008,1821.0,1700.0,0.0711764705882353
BE_malines,2009,1633.0,1821.0,-0.10323997803404723
BE_malines,2010,1853.0,1633.0,0.13472137170851195
BE_malines,2011,1946.0,1853.0,0.05018888289260658
BE_malines,2012,1849.0,1946.0,-0.04984583761562179
BE_malines,2013,1713.0,1849.0,-0.07355327203893997
BE_malines,2014,2311.0,1713.0,0.34909515469935787
BE_malines,2015,2127.0,2311.0,-0.0796192124621376
BE_malines,2016,2543.0,2127.0,0.19558062999529854
BE_malines,2017,2581.0,2543.0,0.014942980731419583
BE_malines,2018,2705.0,2581.0,0.04804339403332042
BE_malines,2019,2926.0,2705.0,0.08170055452865065
BE_malines,2020,3101.0,2926.0,0.05980861244019139
BE_marche_en_famenne,2007,339.0,,
BE_marche_en_famenne,2008,294.0,339.0,-0.13274336283185842
BE_marche_en_famenne,2009,286.0,294.0,-0.027210884353741496
BE_marche_en_famenne,2010,278.0,286.0,-0.027972027972027972
BE_marche_en_famenne,2011,309.0,278.0,0.11151079136690648
BE_marche_en_famenne,2012,352.0,309.0,0.13915857605177995
BE_marche_en_famenne,2013,303.0,352.0,-0.13920454545454544
BE_marche_en_famenne,2014,329.0,303.0,0.0858085808580858
BE_marche_en_famenne,2015,317.0,329.0,-0.0364741641337386
BE_marche_en_famenne,2016,340.0,317.0,0.07255520504731862
BE_marche_en_famenne,2017,313.0,340.0,-0.07941176470588235
BE_marche_en_famenne,2018,345.0,313.0,0.10223642172523961
BE_marche_en_famenne,2019,290.0,345.0,-0.15942028985507245
BE_marche_en_famenne,2020,387.0,290.0,0.33448275862068966
BE_mons,2007,989.0,,
BE_mons,2008,1063.0,989.0,0.07482305358948432
BE_mons,2009,964.0,1063.0,-0.09313264346190028
BE_mons,2010,930.0,964.0,-0.035269709543568464
BE_mons,2011,1048.0,930.0,0.12688172043010754
BE_mons,2012,1012.0,1048.0,-0.03435114503816794
BE_mons,2013,953.0,1012.0,-0.058300395256917
BE_mons,2014,1249.0,953.0,0.310598111227702
BE_mons,2015,1152.0,1249.0,-0.07766212970376302
BE_mons,2016,1169.0,1152.0,0.014756944444444444
BE_mons,2017,1239.0,1169.0,0.059880239520958084
BE_mons,2018,1284.0,1239.0,0.03631961259079903
BE_mons,2019,1317.0,1284.0,0.02570093457943925
BE_mons,2020,1208.0,1317.0,-0.08276385725132877
BE_namur,2007,1607.0,,
BE_namur,2008,1509.0,1607.0,-0.060983198506533914
BE_namur,2009,1347.0,1509.0,-0.1073558648111332
BE_namur,2010,1560.0,1347.0,0.15812917594654788
BE_namur,2011,1640.0,1560.0,0.05128205128205128
BE_namur,2012,1676.0,1640.0,0.02195121951219512
BE_namur,2013,1573.0,1676.0,-0.06145584725536993
BE_namur,2014,2015.0,1573.0,0.2809917355371901
BE_namur,2015,1830.0,2015.0,-0.09181141439205956
BE_namur,2016,2045.0,1830.0,0.11748633879781421
BE_namur,2017,2077.0,2045.0,0.015647921760391197
BE_namur,2018,2024.0,2077.0,-0.025517573423206548
BE_namur,2019,2147.0,2024.0,0.060770750988142296
BE_namur,2020,2039.0,2147.0,-0.05030274802049371
BE_neufchateau,2007,331.0,,
BE_neufchateau,2008,326.0,331.0,-0.015105740181268883
BE_neufchateau,2009,279.0,326.0,-0.1441717791411043
BE_neufchateau,2010,304.0,279.0,0.08960573476702509
BE_neufchateau,2011,356.0,304.0,0.17105263157894737
BE_neufchateau,2012,313.0,356.0,-0.12078651685393259
BE_neufchateau,2013,326.0,313.0,0.04153354632587859
BE_neufchateau,2014,358.0,326.0,0.09815950920245399
BE_neufchateau,2015,335.0,358.0,-0.06424581005586592
BE_neufchateau,2016,346.0,335.0,0.03283582089552239
BE_neufchateau,2017,357.0,346.0,0.031791907514450865
BE_neufchateau,2018,332.0,357.0,-0.0700280112044818
BE_neufchateau,2019,374.0,332.0,0.12650602409638553
BE_neufchateau,2020,392.0,374.0,0.0481283422459893
BE_nivelles,2007,2482.0,,
BE_nivelles,2008,2579.0,2482.0,0.03908138597904915
BE_nivelles,2009,2327.0,2579.0,-0.097712291585886
BE_nivelles,2010,2540.0,2327.0,0.09153416415986249
BE_nivelles,2011,2780.0,2540.0,0.09448818897637795
BE_nivelles,2012,2756.0,2780.0,-0.008633093525179856
BE_nivelles,2013,2534.0,2756.0,-0.08055152394775036
BE_nivelles,2014,3536.0,2534.0,0.39542225730071034
BE_nivelles,2015,3082.0,3536.0,-0.12839366515837103
BE_nivelles,2016,3531.0,3082.0,0.14568462037637897
BE_nivelles,2017,3591.0,3531.0,0.016992353440951572
BE_nivelles,2018,3557.0,3591.0,-0.009468114731272625
BE_nivelles,2019,3666.0,3557.0,0.03064380095586168
BE_nivelles,2020,3409.0,3666.0,-0.07010365521003818
BE_ostende,2007,828.0,,
BE_ostende,2008,795.0,828.0,-0.03985507246376811
BE_ostende,2009,738.0,795.0,-0.07169811320754717
BE_ostende,2010,796.0,738.0,0.07859078590785908
BE_ostende,2011,790.0,796.0,-0.007537688442211055
BE_ostende,2012,777.0,790.0,-0.016455696202531647
BE_ostende,2013,736.0,777.0,-0.05276705276705277
BE_ostende,2014,940.0,736.0,0.27717391304347827
BE_ostende,2015,867.0,940.0,-0.07765957446808511
BE_ostende,2016,1052.0,867.0,0.21337946943483277
BE_ostende,2017,1060.0,1052.0,0.0076045627376425855
BE_ostende,2018,1073.0,1060.0,0.012264150943396227
BE_ostende,2019,1232.0,1073.0,0.14818266542404473
BE_ostende,2020,1245.0,1232.0,0.010551948051948052
BE_philippeville,2007,297.0,,
BE_philippeville,2008,246.0,297.0,-0.1717171717171717
BE_philippeville,2009,230.0,246.0,-0.06504065040650407
BE_philippeville,2010,302.0,230.0,0.3130434782608696
BE_philippeville,2011,294.0,302.0,-0.026490066225165563
BE_philippeville,2012,316.0,294.0,0.07482993197278912
BE_philippeville,2013,280.0,316.0,-0.11392405063291139
BE_philippeville,2014,334.0,280.0,0.19285714285714287
BE_philippeville,2015,290.0,334.0,-0.1317365269461078
BE_philippeville,2016,339.0,290.0,0.16896551724137931
BE_philippeville,2017,347.0,339.0,0.02359882005899705
BE_philippeville,2018,327.0,347.0,-0.05763688760806916
BE_philippeville,2019,396.0,327.0,0.21100917431192662
BE_philippeville,2020,389.0,396.0,-0.017676767676767676
BE_roulers,2007,865.0,,
BE_roulers,2008,923.0,865.0,0.06705202312138728
BE_roulers,2009,815.0,923.0,-0.11700975081256772
BE_roulers,2010,937.0,815.0,0.14969325153374233
BE_roulers,2011,894.0,937.0,-0.04589114194236926
BE_roulers,2012,934.0,894.0,0.0447427293064877
BE_roulers,2013,815.0,934.0,-0.12740899357601712
BE_roulers,2014,1076.0,815.0,0.3202453987730061
BE_roulers,2015,1045.0,1076.0,-0.028810408921933085
BE_roulers,2016,1177.0,1045.0,0.12631578947368421
BE_roulers,2017,1266.0,1177.0,0.07561597281223449
BE_roulers,2018,1225.0,1266.0,-0.03238546603475513
BE_roulers,2019,1493.0,1225.0,0.21877551020408162
BE_roulers,2020,1451.0,1493.0,-0.02813127930341594
BE_saint_nicolas,2007,1370.0,,
BE_saint_nicolas,2008,1335.0,1370.0,-0.025547445255474453
BE_saint_nicolas,2009,1197.0,1335.0,-0.10337078651685393
BE_saint_nicolas,2010,1258.0,1197.0,0.050960735171261484
BE_saint_nicolas,2011,1405.0,1258.0,0.11685214626391097
BE_saint_nicolas,2012,1314.0,1405.0,-0.06476868327402135
BE_saint_nicolas,2013,1222.0,1314.0,-0.0700152207001522
BE_saint_nicolas,2014,1539.0,1222.0,0.25941080196399346
BE_saint_nicolas,2015,1438.0,1539.0,-0.06562703053931124
BE_saint_nicolas,2016,1702.0,1438.0,0.1835883171070932
BE_saint_nicolas,2017,1598.0,1702.0,-0.06110458284371328
BE_saint_nicolas,2018,1847.0,1598.0,0.155819774718398
BE_saint_nicolas,2019,2104.0,1847.0,0.13914455874390905
BE_saint_nicolas,2020,2229.0,2104.0,0.0594106463878327
BE_soignies,2007,852.0,,
BE_soignies,2008,811.0,852.0,-0.04812206572769953
BE_soignies,2009,747.0,811.0,-0.07891491985203453
BE_soignies,2010,796.0,747.0,0.06559571619812583
BE_soignies,2011,820.0,796.0,0.03015075376884422
BE_soignies,2012,805.0,820.0,-0.018292682926829267
BE_soignies,2013,744.0,805.0,-0.07577639751552795
BE_soignies,2014,909.0,744.0,0.2217741935483871
BE_soignies,2015,838.0,909.0,-0.0781078107810781
BE_soignies,2016,885.0,838.0,0.05608591885441527
BE_soignies,2017,981.0,885.0,0.10847457627118644
BE_soignies,2018,964.0,981.0,-0.017329255861365953
BE_soignies,2019,1007.0,964.0,0.044605809128630707
BE_soignies,2020,978.0,1007.0,-0.028798411122144985
BE_termonde,2007,1081.0,,
BE_termonde,2008,1012.0,1081.0,-0.06382978723404255
BE_termonde,2009,1016.0,1012.0,0.003952569169960474
BE_termonde,2010,1049.0,1016.0,0.03248031496062992
BE_termonde,2011,1132.0,1049.0,0.07912297426120114
BE_termonde,2012,1052.0,1132.0,-0.0706713780918728
BE_termonde,2013,959.0,1052.0,-0.08840304182509506
BE_termonde,2014,1277.0,959.0,0.3315954118873827
BE_termonde,2015,1088.0,1277.0,-0.1480031323414252
BE_termonde,2016,1330.0,1088.0,0.22242647058823528
BE_termonde,2017,1342.0,1330.0,0.009022556390977444
BE_termonde,2018,1492.0,1342.0,0.11177347242921014
BE_termonde,2019,1643.0,1492.0,0.10120643431635389
BE_termonde,2020,1729.0,1643.0,0.05234327449786975
BE_thuin,2007,659.0,,
BE_thuin,2008,618.0,659.0,-0.0622154779969651
BE_thuin,2009,564.0,618.0,-0.08737864077669903
BE_thuin,2010,667.0,564.0,0.18262411347517732
BE_thuin,2011,675.0,667.0,0.01199400299850075
BE_thuin,2012,729.0,675.0,0.08
BE_thuin,2013,625.0,729.0,-0.14266117969821673
BE_thuin,2014,739.0,625.0,0.1824
BE_thuin,2015,669.0,739.0,-0.09472259810554803
BE_thuin,2016,723.0,669.0,0.08071748878923767
BE_thuin,2017,780.0,723.0,0.07883817427385892
BE_thuin,2018,796.0,780.0,0.020512820512820513
BE_thuin,2019,783.0,796.0,-0.016331658291457288
BE_thuin,2020,851.0,783.0,0.08684546615581099
BE_tielt,2007,555.0,,
BE_tielt,2008,590.0,555.0,0.06306306306306306
BE_tielt,2009,526.0,590.0,-0.10847457627118644
BE_tielt,2010,526.0,526.0,0.0
BE_tielt,2011,569.0,526.0,0.0817490494296578
BE_tielt,2012,578.0,569.0,0.015817223198594025
BE_tielt,2013,534.0,578.0,-0.07612456747404844
BE_tielt,2014,682.0,534.0,0.27715355805243447
BE_tielt,2015,661.0,682.0,-0.030791788856304986
BE_tielt,2016,739.0,661.0,0.11800302571860817
BE_tielt,2017,716.0,739.0,-0.03112313937753721
BE_tielt,2018,818.0,716.0,0.1424581005586592
BE_tielt,2019,823.0,818.0,0.006112469437652812
BE_tielt,2020,908.0,823.0,0.10328068043742406
BE_tongres,2007,1257.0,,
BE_tongres,2008,1138.0,1257.0,-0.09466984884645982
BE_tongres,2009,1034.0,1138.0,-0.0913884007029877
BE_tongres,2010,1123.0,1034.0,0.086073500967118
BE_tongres,2011,1090.0,1123.0,-0.029385574354407838
BE_tongres,2012,1003.0,1090.0,-0.0798165137614679
BE_tongres,2013,971.0,1003.0,-0.031904287138584245
BE_tongres,2014,1277.0,971.0,0.31513903192584963
BE_tongres,2015,1123.0,1277.0,-0.12059514487079091
BE_tongres,2016,1318.0,1123.0,0.1736420302760463
BE_tongres,2017,1364.0,1318.0,0.03490136570561457
BE_tongres,2018,1480.0,1364.0,0.08504398826979472
BE_tongres,2019,1637.0,1480.0,0.10608108108108108
BE_tongres,2020,1714.0,1637.0,0.047037263286499695
BE_tournai_mouscron,2007,1055.0,,
BE_tournai_mouscron,2008,946.0,1055.0,-0.1033175355450237
BE_tournai_mouscron,2009,890.0,946.0,-0.05919661733615222
BE_tournai_mouscron,2010,989.0,890.0,0.11123595505617978
BE_tournai_mouscron,2011,928.0,989.0,-0.06167846309403438
BE_tournai_mouscron,2012,1014.0,928.0,0.09267241379310345
BE_tournai_mouscron,2013,949.0,1014.0,-0.0641025641025641
BE_tournai_mouscron,2014,1132.0,949.0,0.1928345626975764
BE_tournai_mouscron,2015,1017.0,1132.0,-0.10159010600706714
BE_tournai_mouscron,2016,1124.0,1017.0,0.10521140609636184
BE_tournai_mouscron,2017,1079.0,1124.0,-0.0400355871886121
BE_tournai_mouscron,2018,1064.0,1079.0,-0.013901760889712697
BE_tournai_mouscron,2019,1228.0,1064.0,0.15413533834586465
BE_tournai_mouscron,2020,1048.0,1228.0,-0.1465798045602606
BE_turnhout,2007,2571.0,,
BE_turnhout,2008,2572.0,2571.0,0.00038895371450797355
BE_turnhout,2009,2351.0,2572.0,-0.0859253499222395
BE_turnhout,2010,2684.0,2351.0,0.14164185452998723
BE_turnhout,2011,2695.0,2684.0,0.004098360655737705
BE_turnhout,2012,2560.0,2695.0,-0.05009276437847866
BE_turnhout,2013,2516.0,2560.0,-0.0171875
BE_turnhout,2014,2926.0,2516.0,0.16295707472178061
BE_turnhout,2015,2864.0,2926.0,-0.021189336978810664
BE_turnhout,2016,3247.0,2864.0,0.1337290502793296
BE_turnhout,2017,3372.0,3247.0,0.0384970742223591
BE_turnhout,2018,3580.0,3372.0,0.06168446026097272
BE_turnhout,2019,3902.0,3580.0,0.08994413407821229
BE_turnhout,2020,3977.0,3902.0,0.01922091235263967
BE_verviers,2007,1434.0,,
BE_verviers,2008,1417.0,1434.0,-0.011854951185495118
BE_verviers,2009,1157.0,1417.0,-0.1834862385321101
BE_verviers,2010,1373.0,1157.0,0.18668971477960242
BE_verviers,2011,1366.0,1373.0,-0.005098324836125273
BE_verviers,2012,1445.0,1366.0,0.057833089311859445
BE_verviers,2013,1457.0,1445.0,0.008304498269896194
BE_verviers,2014,1616.0,1457.0,0.1091283459162663
BE_verviers,2015,1410.0,1616.0,-0.12747524752475248
BE_verviers,2016,1669.0,1410.0,0.18368794326241134
BE_verviers,2017,1603.0,1669.0,-0.039544637507489516
BE_verviers,2018,1567.0,1603.0,-0.022457891453524642
BE_verviers,2019,1696.0,1567.0,0.08232291001914487
BE_verviers,2020,1703.0,1696.0,0.004127358490566038
BE_virton,2007,204.0,,
BE_virton,2008,216.0,204.0,0.058823529411764705
BE_virton,2009,180.0,216.0,-0.16666666666666666
BE_virton,2010,183.0,180.0,0.016666666666666666
BE_virton,2011,212.0,183.0,0.15846994535519127
BE_virton,2012,207.0,212.0,-0.02358490566037736
BE_virton,2013,192.0,207.0,-0.07246376811594203
BE_virton,2014,189.0,192.0,-0.015625
BE_virton,2015,163.0,189.0,-0.13756613756613756
BE_virton,2016,221.0,163.0,0.3558282208588957
BE_virton,2017,197.0,221.0,-0.1085972850678733
BE_virton,2018,209.0,197.0,0.06091370558375635
BE_virton,2019,217.0,209.0,0.03827751196172249
BE_virton,2020,256.0,217.0,0.17972350230414746
BE_waremme,2007,427.0,,
BE_waremme,2008,347.0,427.0,-0.1873536299765808
BE_waremme,2009,353.0,347.0,0.01729106628242075
BE_waremme,2010,429.0,353.0,0.21529745042492918
BE_waremme,2011,448.0,429.0,0.04428904428904429
BE_waremme,2012,418.0,448.0,-0.06696428571428571
BE_waremme,2013,418.0,418.0,0.0
BE_waremme,2014,479.0,418.0,0.145933014354067
BE_waremme,2015,429.0,479.0,-0.10438413361169102
BE_waremme,2016,520.0,429.0,0.21212121212121213
BE_waremme,2017,502.0,520.0,-0.03461538461538462
BE_waremme,2018,485.0,502.0,-0.03386454183266932
BE_waremme,2019,505.0,485.0,0.041237113402061855
BE_waremme,2020,590.0,505.0,0.16831683168316833
BE_ypres,2007,607.0,,
BE_ypres,2008,525.0,607.0,-0.13509060955518945
BE_ypres,2009,539.0,525.0,0.02666666666666667
BE_ypres,2010,578.0,539.0,0.07235621521335807
BE_ypres,2011,616.0,578.0,0.0657439446366782
BE_ypres,2012,601.0,616.0,-0.024350649350649352
BE_ypres,2013,500.0,601.0,-0.16805324459234608
BE_ypres,2014,683.0,500.0,0.366
BE_ypres,2015,650.0,683.0,-0.048316251830161056
BE_ypres,2016,785.0,650.0,0.2076923076923077
BE_ypres,2017,822.0,785.0,0.04713375796178344
BE_ypres,2018,767.0,822.0,-0.06690997566909976
BE_ypres,2019,821.0,767.0,0.07040417209908735
BE_ypres,2020,911.0,821.0,0.10962241169305725
