ZE2020,year,stock
0051,2017,4166.0
0051,2018,4135.0
0051,2019,4303.0
0051,2020,4284.0
0051,2021,4331.0
0051,2022,7912.0
0051,2023,7825.0
0052,2017,5733.0
0052,2018,5753.0
0052,2019,5991.0
0052,2020,6022.0
0052,2021,6283.0
0052,2022,15183.0
0052,2023,15582.0
0053,2017,11130.0
0053,2018,11081.0
0053,2019,11611.0
0053,2020,11602.0
0053,2021,12006.0
0053,2022,31530.0
0053,2023,32075.0
0054,2017,7504.0
0054,2018,7492.0
0054,2019,7728.0
0054,2020,7711.0
0054,2021,7914.0
0054,2022,17649.0
0054,2023,18132.0
0055,2017,2453.0
0055,2018,2424.0
0055,2019,2498.0
0055,2020,2498.0
0055,2021,2597.0
0055,2022,6637.0
0055,2023,6792.0
0056,2017,2530.0
0056,2018,2487.0
0056,2019,2538.0
0056,2020,2487.0
0056,2021,2570.0
0056,2022,5057.0
0056,2023,4962.0
0057,2017,3482.0
0057,2018,3467.0
0057,2019,3633.0
0057,2020,3696.0
0057,2021,3773.0
0057,2022,9566.0
0057,2023,9746.0
0058,2017,2335.0
0058,2018,2281.0
0058,2019,2335.0
0058,2020,2289.0
0058,2021,2346.0
0058,2022,4629.0
0058,2023,4626.0
0059,2017,5946.0
0059,2018,5920.0
0059,2019,6117.0
0059,2020,6061.0
0059,2021,6226.0
0059,2022,14320.0
0059,2023,14621.0
0060,2017,4761.0
0060,2018,4739.0
0060,2019,4783.0
0060,2020,4708.0
0060,2021,4766.0
0060,2022,9680.0
0060,2023,9723.0
0061,2017,2056.0
0061,2018,2039.0
0061,2019,2089.0
0061,2020,2105.0
0061,2021,2131.0
0061,2022,4659.0
0061,2023,4620.0
0062,2017,2266.0
0062,2018,2275.0
0062,2019,2322.0
0062,2020,2345.0
0062,2021,2391.0
0062,2022,5786.0
0062,2023,5885.0
0063,2017,3019.0
0063,2018,2980.0
0063,2019,3026.0
0063,2020,2994.0
0063,2021,3080.0
0063,2022,6218.0
0063,2023,5934.0
0064,2017,2753.0
0064,2018,2758.0
0064,2019,2959.0
0064,2020,2949.0
0064,2021,3011.0
0064,2022,7223.0
0064,2023,7197.0
0101,2017,344.0
0101,2018,337.0
0101,2019,376.0
0101,2020,393.0
0101,2021,419.0
0101,2022,1303.0
0101,2023,1361.0
0102,2017,1296.0
0102,2018,1302.0
0102,2019,1463.0
0102,2020,1538.0
0102,2021,1687.0
0102,2022,4723.0
0102,2023,5005.0
0103,2017,285.0
0103,2018,280.0
0103,2019,299.0
0103,2020,308.0
0103,2021,339.0
0103,2022,822.0
0103,2023,855.0
0104,2017,7692.0
0104,2018,7694.0
0104,2019,8533.0
0104,2020,8868.0
0104,2021,9301.0
0104,2022,25359.0
0104,2023,26661.0
0105,2017,1638.0
0105,2018,1632.0
0105,2019,1794.0
0105,2020,1824.0
0105,2021,1888.0
0105,2022,4284.0
0105,2023,4429.0
0201,2017,1191.0
0201,2018,1090.0
0201,2019,1243.0
0201,2020,1262.0
0201,2021,1324.0
0201,2022,3480.0
0201,2023,3620.0
0202,2017,6130.0
0202,2018,5746.0
0202,2019,6415.0
0202,2020,6490.0
0202,2021,6784.0
0202,2022,30808.0
0202,2023,33211.0
0203,2017,390.0
0203,2018,360.0
0203,2019,373.0
0203,2020,384.0
0203,2021,395.0
0203,2022,693.0
0203,2023,701.0
0204,2017,523.0
0204,2018,465.0
0204,2019,523.0
0204,2020,529.0
0204,2021,546.0
0204,2022,1274.0
0204,2023,1307.0
0205,2017,1154.0
0205,2018,1038.0
0205,2019,1176.0
0205,2020,1200.0
0205,2021,1273.0
0205,2022,3461.0
0205,2023,3657.0
0206,2017,1901.0
0206,2018,1740.0
0206,2019,1960.0
0206,2020,2054.0
0206,2021,2192.0
0206,2022,6337.0
0206,2023,6628.0
0301,2017,3382.0
0301,2018,3499.0
0301,2019,4070.0
0301,2020,4133.0
0301,2021,4436.0
0301,2022,9925.0
0301,2023,10385.0
0302,2017,523.0
0302,2018,534.0
0302,2019,596.0
0302,2020,613.0
0302,2021,667.0
0302,2022,1283.0
0302,2023,1370.0
0303,2017,622.0
0303,2018,657.0
0303,2019,723.0
0303,2020,713.0
0303,2021,741.0
0303,2022,1443.0
0303,2023,1479.0
0401,2017,2840.0
0401,2018,2784.0
0401,2019,2877.0
0401,2020,2998.0
0401,2021,3292.0
0401,2022,7228.0
0401,2023,7563.0
0402,2017,6351.0
0402,2018,6209.0
0402,2019,6456.0
0402,2020,6763.0
0402,2021,7300.0
0402,2022,21646.0
0402,2023,22308.0
0403,2017,6428.0
0403,2018,6241.0
0403,2019,6464.0
0403,2020,6665.0
0403,2021,7045.0
0403,2022,17360.0
0403,2023,18264.0
0404,2017,8091.0
0404,2018,8014.0
0404,2019,8251.0
0404,2020,8585.0
0404,2021,9282.0
0404,2022,22247.0
0404,2023,23402.0
0601,2022,2265.0
0601,2023,3924.0
1101,2017,14601.0
1101,2018,14939.0
1101,2019,15740.0
1101,2020,16050.0
1101,2021,16684.0
1101,2022,48600.0
1101,2023,49743.0
1102,2017,1876.0
1102,2018,1885.0
1102,2019,1897.0
1102,2020,1905.0
1102,2021,1986.0
1102,2022,5451.0
1102,2023,5507.0
1103,2017,2663.0
1103,2018,2706.0
1103,2019,2827.0
1103,2020,2801.0
1103,2021,2845.0
1103,2022,7728.0
1103,2023,7807.0
1104,2017,13048.0
1104,2018,13767.0
1104,2019,14663.0
1104,2020,14851.0
1104,2021,15473.0
1104,2022,42333.0
1104,2023,43211.0
1105,2017,5410.0
1105,2018,5448.0
1105,2019,5596.0
1105,2020,5595.0
1105,2021,5753.0
1105,2022,16777.0
1105,2023,17116.0
1106,2017,12880.0
1106,2018,13178.0
1106,2019,13925.0
1106,2020,14060.0
1106,2021,14753.0
1106,2022,40587.0
1106,2023,41309.0
1107,2017,4972.0
1107,2018,4983.0
1107,2019,5212.0
1107,2020,5158.0
1107,2021,5390.0
1107,2022,14967.0
1107,2023,15157.0
1108,2017,4884.0
1108,2018,4902.0
1108,2019,5168.0
1108,2020,5229.0
1108,2021,5412.0
1108,2022,13994.0
1108,2023,14278.0
1109,2017,127924.0
1109,2018,130268.0
1109,2019,138424.0
1109,2020,139717.0
1109,2021,144857.0
1109,2022,949044.0
1109,2023,965945.0
1110,2017,1539.0
1110,2018,1521.0
1110,2019,1561.0
1110,2020,1553.0
1110,2021,1634.0
1110,2022,3845.0
1110,2023,3944.0
1111,2017,2263.0
1111,2018,2264.0
1111,2019,2338.0
1111,2020,2314.0
1111,2021,2430.0
1111,2022,7138.0
1111,2023,7243.0
1112,2017,22146.0
1112,2018,22937.0
1112,2019,24776.0
1112,2020,25312.0
1112,2021,26663.0
1112,2022,66205.0
1112,2023,67801.0
1113,2017,13774.0
1113,2018,13806.0
1113,2019,14542.0
1113,2020,14705.0
1113,2021,15215.0
1113,2022,42293.0
1113,2023,43413.0
1114,2017,18748.0
1114,2018,18899.0
1114,2019,19891.0
1114,2020,20221.0
1114,2021,21059.0
1114,2022,65181.0
1114,2023,66644.0
1115,2017,16998.0
1115,2018,17059.0
1115,2019,17720.0
1115,2020,17866.0
1115,2021,18453.0
1115,2022,54075.0
1115,2023,54226.0
2401,2017,5245.0
2401,2018,5292.0
2401,2019,5478.0
2401,2020,5501.0
2401,2021,5684.0
2401,2022,12896.0
2401,2023,13077.0
2402,2017,6048.0
2402,2018,5949.0
2402,2019,6107.0
2402,2020,6051.0
2402,2021,6174.0
2402,2022,13808.0
2402,2023,13805.0
2403,2017,5949.0
2403,2018,5877.0
2403,2019,6105.0
2403,2020,6098.0
2403,2021,6277.0
2403,2022,14842.0
2403,2023,15168.0
2404,2017,1729.0
2404,2018,1745.0
2404,2019,1830.0
2404,2020,1827.0
2404,2021,1852.0
2404,2022,3425.0
2404,2023,3504.0
2405,2017,6604.0
2405,2018,6486.0
2405,2019,6619.0
2405,2020,6617.0
2405,2021,6738.0
2405,2022,13155.0
2405,2023,13136.0
2406,2017,1520.0
2406,2018,1503.0
2406,2019,1523.0
2406,2020,1514.0
2406,2021,1539.0
2406,2022,3518.0
2406,2023,3397.0
2407,2017,2452.0
2407,2018,2406.0
2407,2019,2460.0
2407,2020,2455.0
2407,2021,2506.0
2407,2022,5050.0
2407,2023,5053.0
2408,2017,1959.0
2408,2018,1921.0
2408,2019,1987.0
2408,2020,1972.0
2408,2021,2041.0
2408,2022,4320.0
2408,2023,4145.0
2409,2017,3421.0
2409,2018,3462.0
2409,2019,3579.0
2409,2020,3587.0
2409,2021,3690.0
2409,2022,8642.0
2409,2023,8755.0
2410,2017,12457.0
2410,2018,12502.0
2410,2019,12893.0
2410,2020,13055.0
2410,2021,13374.0
2410,2022,32767.0
2410,2023,33412.0
2411,2017,1718.0
2411,2018,1690.0
2411,2019,1784.0
2411,2020,1747.0
2411,2021,1806.0
2411,2022,4052.0
2411,2023,4087.0
2412,2017,2900.0
2412,2018,2905.0
2412,2019,2982.0
2412,2020,2954.0
2412,2021,2974.0
2412,2022,6448.0
2412,2023,6537.0
2413,2017,15375.0
2413,2018,15306.0
2413,2019,15790.0
2413,2020,15822.0
2413,2021,16358.0
2413,2022,42885.0
2413,2023,43614.0
2414,2017,2082.0
2414,2018,2096.0
2414,2019,2167.0
2414,2020,2130.0
2414,2021,2188.0
2414,2022,4541.0
2414,2023,4639.0
2415,2017,1306.0
2415,2018,1280.0
2415,2019,1314.0
2415,2020,1301.0
2415,2021,1351.0
2415,2022,2893.0
2415,2023,2907.0
2701,2017,1329.0
2701,2018,1303.0
2701,2019,1308.0
2701,2020,1289.0
2701,2021,1350.0
2701,2022,3097.0
2701,2023,3094.0
2702,2017,6086.0
2702,2018,6019.0
2702,2019,6100.0
2702,2020,6073.0
2702,2021,6240.0
2702,2022,12967.0
2702,2023,13237.0
2703,2017,1925.0
2703,2018,1927.0
2703,2019,1952.0
2703,2020,1933.0
2703,2021,1986.0
2703,2022,3941.0
2703,2023,3973.0
2704,2017,3701.0
2704,2018,3719.0
2704,2019,3848.0
2704,2020,3793.0
2704,2021,3886.0
2704,2022,8654.0
2704,2023,8778.0
2705,2017,4885.0
2705,2018,4816.0
2705,2019,4955.0
2705,2020,4910.0
2705,2021,5002.0
2705,2022,11753.0
2705,2023,12017.0
2706,2017,10214.0
2706,2018,10028.0
2706,2019,10238.0
2706,2020,10301.0
2706,2021,10542.0
2706,2022,24953.0
2706,2023,25389.0
2707,2017,5126.0
2707,2018,5053.0
2707,2019,5135.0
2707,2020,5091.0
2707,2021,5233.0
2707,2022,12258.0
2707,2023,12561.0
2708,2017,2908.0
2708,2018,2868.0
2708,2019,2889.0
2708,2020,2869.0
2708,2021,2930.0
2708,2022,6489.0
2708,2023,6436.0
2709,2017,2271.0
2709,2018,2299.0
2709,2019,2284.0
2709,2020,2269.0
2709,2021,2327.0
2709,2022,4807.0
2709,2023,4760.0
2710,2017,2525.0
2710,2018,2481.0
2710,2019,2481.0
2710,2020,2471.0
2710,2021,2529.0
2710,2022,5757.0
2710,2023,5791.0
2711,2017,12119.0
2711,2018,12006.0
2711,2019,12325.0
2711,2020,12352.0
2711,2021,12766.0
2711,2022,33691.0
2711,2023,34463.0
2712,2017,2391.0
2712,2018,2377.0
2712,2019,2452.0
2712,2020,2456.0
2712,2021,2525.0
2712,2022,5810.0
2712,2023,5920.0
2713,2017,6098.0
2713,2018,6067.0
2713,2019,6164.0
2713,2020,6165.0
2713,2021,6310.0
2713,2022,13214.0
2713,2023,13452.0
2714,2017,4003.0
2714,2018,3979.0
2714,2019,4059.0
2714,2020,4023.0
2714,2021,4128.0
2714,2022,9283.0
2714,2023,9316.0
2715,2017,3851.0
2715,2018,3801.0
2715,2019,3912.0
2715,2020,3911.0
2715,2021,4024.0
2715,2022,8882.0
2715,2023,8961.0
2716,2017,1724.0
2716,2018,1756.0
2716,2019,1741.0
2716,2020,1729.0
2716,2021,1748.0
2716,2022,4128.0
2716,2023,4119.0
2717,2017,3022.0
2717,2018,2968.0
2717,2019,3030.0
2717,2020,3067.0
2717,2021,3171.0
2717,2022,7732.0
2717,2023,7893.0
2718,2017,3991.0
2718,2018,3965.0
2718,2019,3983.0
2718,2020,4016.0
2718,2021,4052.0
2718,2022,8230.0
2718,2023,8281.0
2801,2017,1348.0
2801,2018,1360.0
2801,2019,1411.0
2801,2020,1409.0
2801,2021,1455.0
2801,2022,2680.0
2801,2023,2636.0
2802,2017,3063.0
2802,2018,3198.0
2802,2019,3296.0
2802,2020,3248.0
2802,2021,3334.0
2802,2022,6551.0
2802,2023,6506.0
2803,2017,2209.0
2803,2018,2238.0
2803,2019,2287.0
2803,2020,2279.0
2803,2021,2344.0
2803,2022,4927.0
2803,2023,4950.0
2804,2017,16932.0
2804,2018,16909.0
2804,2019,17394.0
2804,2020,17383.0
2804,2021,17898.0
2804,2022,44324.0
2804,2023,46065.0
2805,2017,5067.0
2805,2018,5106.0
2805,2019,5191.0
2805,2020,5143.0
2805,2021,5191.0
2805,2022,10758.0
2805,2023,10931.0
2806,2017,2227.0
2806,2018,2286.0
2806,2019,2283.0
2806,2020,2280.0
2806,2021,2389.0
2806,2022,4649.0
2806,2023,4684.0
2807,2017,4615.0
2807,2018,4571.0
2807,2019,4634.0
2807,2020,4635.0
2807,2021,4779.0
2807,2022,9206.0
2807,2023,9206.0
2808,2017,5077.0
2808,2018,5135.0
2808,2019,5298.0
2808,2020,5307.0
2808,2021,5395.0
2808,2022,12653.0
2808,2023,12777.0
2809,2017,2836.0
2809,2018,2839.0
2809,2019,2892.0
2809,2020,2889.0
2809,2021,2956.0
2809,2022,5342.0
2809,2023,5287.0
2810,2017,1880.0
2810,2018,1925.0
2810,2019,1968.0
2810,2020,1962.0
2810,2021,2012.0
2810,2022,4845.0
2810,2023,4943.0
2811,2017,4059.0
2811,2018,4069.0
2811,2019,4205.0
2811,2020,4229.0
2811,2021,4386.0
2811,2022,10268.0
2811,2023,10411.0
2812,2017,1477.0
2812,2018,1492.0
2812,2019,1494.0
2812,2020,1497.0
2812,2021,1555.0
2812,2022,3043.0
2812,2023,3002.0
2813,2017,8582.0
2813,2018,8468.0
2813,2019,8699.0
2813,2020,8753.0
2813,2021,8977.0
2813,2022,19808.0
2813,2023,20137.0
2814,2017,2662.0
2814,2018,2716.0
2814,2019,2748.0
2814,2020,2744.0
2814,2021,2811.0
2814,2022,6025.0
2814,2023,6195.0
2815,2017,19296.0
2815,2018,19359.0
2815,2019,20089.0
2815,2020,20222.0
2815,2021,20708.0
2815,2022,49470.0
2815,2023,50812.0
2816,2017,3387.0
2816,2018,3492.0
2816,2019,3568.0
2816,2020,3608.0
2816,2021,3721.0
2816,2022,7073.0
2816,2023,7110.0
2817,2017,3456.0
2817,2018,3504.0
2817,2019,3573.0
2817,2020,3603.0
2817,2021,3722.0
2817,2022,8917.0
2817,2023,9244.0
2818,2017,1237.0
2818,2018,1266.0
2818,2019,1292.0
2818,2020,1278.0
2818,2021,1300.0
2818,2022,2698.0
2818,2023,2642.0
2819,2017,2935.0
2819,2018,2921.0
2819,2019,3032.0
2819,2020,3010.0
2819,2021,3093.0
2819,2022,6343.0
2819,2023,6515.0
3201,2017,3023.0
3201,2018,3029.0
3201,2019,3057.0
3201,2020,3002.0
3201,2021,3081.0
3201,2022,6545.0
3201,2023,6450.0
3202,2017,10375.0
3202,2018,10342.0
3202,2019,10583.0
3202,2020,10616.0
3202,2021,10854.0
3202,2022,23884.0
3202,2023,24471.0
3203,2017,5567.0
3203,2018,5528.0
3203,2019,5691.0
3203,2020,5695.0
3203,2021,5899.0
3203,2022,12030.0
3203,2023,12179.0
3204,2017,4498.0
3204,2018,4451.0
3204,2019,4572.0
3204,2020,4548.0
3204,2021,4681.0
3204,2022,9319.0
3204,2023,9610.0
3205,2017,5528.0
3205,2018,5558.0
3205,2019,5729.0
3205,2020,5748.0
3205,2021,5920.0
3205,2022,13960.0
3205,2023,14302.0
3206,2017,4667.0
3206,2018,4638.0
3206,2019,4809.0
3206,2020,4821.0
3206,2021,4957.0
3206,2022,10501.0
3206,2023,10628.0
3207,2017,3416.0
3207,2018,3363.0
3207,2019,3445.0
3207,2020,3466.0
3207,2021,3536.0
3207,2022,7985.0
3207,2023,8035.0
3208,2017,4107.0
3208,2018,4093.0
3208,2019,4206.0
3208,2020,4219.0
3208,2021,4313.0
3208,2022,8975.0
3208,2023,9086.0
3209,2017,2100.0
3209,2018,2078.0
3209,2019,2173.0
3209,2020,2117.0
3209,2021,2156.0
3209,2022,4342.0
3209,2023,4346.0
3210,2017,5491.0
3210,2018,5501.0
3210,2019,5640.0
3210,2020,5694.0
3210,2021,5866.0
3210,2022,13233.0
3210,2023,13504.0
3211,2017,7057.0
3211,2018,7039.0
3211,2019,7289.0
3211,2020,7350.0
3211,2021,7598.0
3211,2022,19462.0
3211,2023,19902.0
3212,2017,4800.0
3212,2018,4758.0
3212,2019,4868.0
3212,2020,4879.0
3212,2021,5006.0
3212,2022,12011.0
3212,2023,12306.0
3213,2017,6609.0
3213,2018,6598.0
3213,2019,6756.0
3213,2020,6728.0
3213,2021,6808.0
3213,2022,14904.0
3213,2023,14926.0
3214,2017,2891.0
3214,2018,2881.0
3214,2019,2938.0
3214,2020,2921.0
3214,2021,2917.0
3214,2022,5633.0
3214,2023,5705.0
3215,2017,7272.0
3215,2018,7214.0
3215,2019,7424.0
3215,2020,7459.0
3215,2021,7693.0
3215,2022,18345.0
3215,2023,18724.0
3216,2017,27408.0
3216,2018,27305.0
3216,2019,28859.0
3216,2020,29276.0
3216,2021,30254.0
3216,2022,85704.0
3216,2023,88797.0
3217,2017,5313.0
3217,2018,5221.0
3217,2019,5338.0
3217,2020,5340.0
3217,2021,5452.0
3217,2022,11353.0
3217,2023,11440.0
3218,2017,8973.0
3218,2018,8832.0
3218,2019,9308.0
3218,2020,9273.0
3218,2021,9555.0
3218,2022,28040.0
3218,2023,28692.0
3219,2017,4607.0
3219,2018,4565.0
3219,2019,4734.0
3219,2020,4699.0
3219,2021,4831.0
3219,2022,10312.0
3219,2023,10336.0
3220,2017,6531.0
3220,2018,6456.0
3220,2019,6688.0
3220,2020,6660.0
3220,2021,6733.0
3220,2022,13625.0
3220,2023,13876.0
3221,2017,4374.0
3221,2018,4342.0
3221,2019,4437.0
3221,2020,4427.0
3221,2021,4541.0
3221,2022,9766.0
3221,2023,9891.0
3222,2017,8084.0
3222,2018,7968.0
3222,2019,8168.0
3222,2020,8181.0
3222,2021,8517.0
3222,2022,20811.0
3222,2023,21111.0
4401,2017,2195.0
4401,2018,2141.0
4401,2019,2192.0
4401,2020,2146.0
4401,2021,2172.0
4401,2022,3833.0
4401,2023,3918.0
4402,2017,3337.0
4402,2018,3321.0
4402,2019,3397.0
4402,2020,3371.0
4402,2021,3445.0
4402,2022,6703.0
4402,2023,6735.0
4403,2017,4455.0
4403,2018,4388.0
4403,2019,4448.0
4403,2020,4333.0
4403,2021,4402.0
4403,2022,9302.0
4403,2023,9437.0
4404,2017,4408.0
4404,2018,4341.0
4404,2019,4382.0
4404,2020,4365.0
4404,2021,4444.0
4404,2022,8034.0
4404,2023,8123.0
4405,2017,7541.0
4405,2018,7570.0
4405,2019,7716.0
4405,2020,7617.0
4405,2021,7792.0
4405,2022,17732.0
4405,2023,17829.0
4406,2017,4474.0
4406,2018,4426.0
4406,2019,4609.0
4406,2020,4478.0
4406,2021,4539.0
4406,2022,6445.0
4406,2023,6411.0
4407,2017,5978.0
4407,2018,5881.0
4407,2019,6020.0
4407,2020,5983.0
4407,2021,6120.0
4407,2022,12778.0
4407,2023,12972.0
4408,2017,2190.0
4408,2018,2212.0
4408,2019,2279.0
4408,2020,2241.0
4408,2021,2291.0
4408,2022,5155.0
4408,2023,5249.0
4409,2017,7588.0
4409,2018,7590.0
4409,2019,7811.0
4409,2020,7843.0
4409,2021,8064.0
4409,2022,18711.0
4409,2023,18908.0
4410,2017,12814.0
4410,2018,12690.0
4410,2019,13119.0
4410,2020,13100.0
4410,2021,13490.0
4410,2022,32106.0
4410,2023,32650.0
4411,2017,12648.0
4411,2018,12633.0
4411,2019,12930.0
4411,2020,12918.0
4411,2021,13254.0
4411,2022,32042.0
4411,2023,32702.0
4412,2017,15728.0
4412,2018,15568.0
4412,2019,16042.0
4412,2020,16115.0
4412,2021,16490.0
4412,2022,40382.0
4412,2023,41603.0
4413,2017,11023.0
4413,2018,10894.0
4413,2019,11412.0
4413,2020,11412.0
4413,2021,11694.0
4413,2022,27097.0
4413,2023,27596.0
4414,2017,2964.0
4414,2018,2956.0
4414,2019,2964.0
4414,2020,2954.0
4414,2021,3041.0
4414,2022,7836.0
4414,2023,7839.0
4415,2017,2732.0
4415,2018,2673.0
4415,2019,2767.0
4415,2020,2780.0
4415,2021,2835.0
4415,2022,5091.0
4415,2023,5060.0
4416,2017,3135.0
4416,2018,3098.0
4416,2019,3145.0
4416,2020,3118.0
4416,2021,3200.0
4416,2022,7204.0
4416,2023,7469.0
4417,2017,2585.0
4417,2018,2573.0
4417,2019,2612.0
4417,2020,2603.0
4417,2021,2693.0
4417,2022,6452.0
4417,2023,6581.0
4418,2017,2430.0
4418,2018,2440.0
4418,2019,2462.0
4418,2020,2472.0
4418,2021,2513.0
4418,2022,6006.0
4418,2023,6083.0
4419,2017,3583.0
4419,2018,3535.0
4419,2019,3623.0
4419,2020,3590.0
4419,2021,3662.0
4419,2022,7629.0
4419,2023,7745.0
4420,2017,3545.0
4420,2018,3490.0
4420,2019,3562.0
4420,2020,3517.0
4420,2021,3564.0
4420,2022,7771.0
4420,2023,7907.0
4421,2017,2799.0
4421,2018,2794.0
4421,2019,2796.0
4421,2020,2776.0
4421,2021,2838.0
4421,2022,5201.0
4421,2023,5280.0
4422,2017,3245.0
4422,2018,3235.0
4422,2019,3327.0
4422,2020,3337.0
4422,2021,3414.0
4422,2022,8029.0
4422,2023,8071.0
4423,2017,24946.0
4423,2018,24932.0
4423,2019,25755.0
4423,2020,25926.0
4423,2021,26747.0
4423,2022,70800.0
4423,2023,71672.0
4424,2017,6551.0
4424,2018,6513.0
4424,2019,6640.0
4424,2020,6643.0
4424,2021,6768.0
4424,2022,15670.0
4424,2023,16210.0
4425,2017,8994.0
4425,2018,8924.0
4425,2019,9140.0
4425,2020,9088.0
4425,2021,9329.0
4425,2022,18962.0
4425,2023,19059.0
4426,2017,2349.0
4426,2018,2315.0
4426,2019,2414.0
4426,2020,2396.0
4426,2021,2422.0
4426,2022,4604.0
4426,2023,4694.0
4427,2017,3388.0
4427,2018,3364.0
4427,2019,3368.0
4427,2020,3359.0
4427,2021,3389.0
4427,2022,6565.0
4427,2023,6691.0
5201,2017,2538.0
5201,2018,2791.0
5201,2019,2878.0
5201,2020,2901.0
5201,2021,2973.0
5201,2022,7161.0
5201,2023,8386.0
5202,2017,11409.0
5202,2018,11696.0
5202,2019,12085.0
5202,2020,12209.0
5202,2021,12705.0
5202,2022,32880.0
5202,2023,33857.0
5203,2017,5879.0
5203,2018,5871.0
5203,2019,6033.0
5203,2020,6023.0
5203,2021,6277.0
5203,2022,15034.0
5203,2023,15247.0
5204,2017,1078.0
5204,2018,1360.0
5204,2019,1363.0
5204,2020,1373.0
5204,2021,1443.0
5204,2022,2933.0
5204,2023,3019.0
5205,2017,1708.0
5205,2018,1743.0
5205,2019,1771.0
5205,2020,1786.0
5205,2021,1812.0
5205,2022,3802.0
5205,2023,3859.0
5206,2017,5866.0
5206,2018,5851.0
5206,2019,5998.0
5206,2020,6007.0
5206,2021,6203.0
5206,2022,13909.0
5206,2023,14060.0
5207,2017,3685.0
5207,2018,3708.0
5207,2019,3867.0
5207,2020,3879.0
5207,2021,4019.0
5207,2022,8830.0
5207,2023,8954.0
5208,2017,1994.0
5208,2018,1984.0
5208,2019,2031.0
5208,2020,1992.0
5208,2021,2027.0
5208,2022,3930.0
5208,2023,3880.0
5209,2017,1670.0
5209,2018,1674.0
5209,2019,1739.0
5209,2020,1710.0
5209,2021,1755.0
5209,2022,3719.0
5209,2023,3748.0
5210,2017,5277.0
5210,2018,5281.0
5210,2019,5512.0
5210,2020,5577.0
5210,2021,5752.0
5210,2022,13879.0
5210,2023,14168.0
5211,2017,5259.0
5211,2018,5232.0
5211,2019,5493.0
5211,2020,5562.0
5211,2021,5674.0
5211,2022,12015.0
5211,2023,12531.0
5212,2017,9874.0
5212,2018,9819.0
5212,2019,10077.0
5212,2020,10027.0
5212,2021,10265.0
5212,2022,23978.0
5212,2023,24606.0
5213,2017,3765.0
5213,2018,4357.0
5213,2019,4504.0
5213,2020,4521.0
5213,2021,4652.0
5213,2022,10355.0
5213,2023,10565.0
5214,2017,2054.0
5214,2018,3027.0
5214,2019,3179.0
5214,2020,3222.0
5214,2021,3408.0
5214,2022,9365.0
5214,2023,9615.0
5215,2017,2375.0
5215,2018,2421.0
5215,2019,2502.0
5215,2020,2517.0
5215,2021,2570.0
5215,2022,4858.0
5215,2023,4776.0
5216,2017,28535.0
5216,2018,28393.0
5216,2019,29728.0
5216,2020,30249.0
5216,2021,31490.0
5216,2022,93168.0
5216,2023,94893.0
5217,2017,2305.0
5217,2018,2295.0
5217,2019,2394.0
5217,2020,2420.0
5217,2021,2559.0
5217,2022,7206.0
5217,2023,7299.0
5218,2017,1569.0
5218,2018,1567.0
5218,2019,1620.0
5218,2020,1603.0
5218,2021,1638.0
5218,2022,3122.0
5218,2023,3106.0
5219,2017,7637.0
5219,2018,7618.0
5219,2019,7967.0
5219,2020,8024.0
5219,2021,8368.0
5219,2022,22239.0
5219,2023,22595.0
5220,2017,2985.0
5220,2018,3125.0
5220,2019,3189.0
5220,2020,3186.0
5220,2021,3259.0
5220,2022,7379.0
5220,2023,7317.0
5221,2017,1496.0
5221,2018,1488.0
5221,2019,1539.0
5221,2020,1591.0
5221,2021,1649.0
5221,2022,3493.0
5221,2023,3469.0
5301,2017,3668.0
5301,2018,3688.0
5301,2019,3759.0
5301,2020,3773.0
5301,2021,3971.0
5301,2022,10817.0
5301,2023,11074.0
5302,2017,10854.0
5302,2018,10812.0
5302,2019,10971.0
5302,2020,10894.0
5302,2021,11301.0
5302,2022,28420.0
5302,2023,29022.0
5303,2017,2605.0
5303,2018,2659.0
5303,2019,2700.0
5303,2020,2653.0
5303,2021,2707.0
5303,2022,5908.0
5303,2023,5807.0
5304,2017,3009.0
5304,2018,3033.0
5304,2019,3102.0
5304,2020,3097.0
5304,2021,3200.0
5304,2022,8181.0
5304,2023,8503.0
5305,2017,2283.0
5305,2018,2405.0
5305,2019,2411.0
5305,2020,2452.0
5305,2021,2512.0
5305,2022,5491.0
5305,2023,5482.0
5306,2017,1786.0
5306,2018,1792.0
5306,2019,1837.0
5306,2020,1815.0
5306,2021,1853.0
5306,2022,3976.0
5306,2023,3902.0
5307,2017,2266.0
5307,2018,2333.0
5307,2019,2395.0
5307,2020,2414.0
5307,2021,2486.0
5307,2022,5620.0
5307,2023,5585.0
5308,2017,3913.0
5308,2018,3942.0
5308,2019,4023.0
5308,2020,4041.0
5308,2021,4195.0
5308,2022,9830.0
5308,2023,9845.0
5309,2017,6641.0
5309,2018,6711.0
5309,2019,6923.0
5309,2020,6915.0
5309,2021,7136.0
5309,2022,18925.0
5309,2023,19395.0
5310,2017,4333.0
5310,2018,4360.0
5310,2019,4389.0
5310,2020,4354.0
5310,2021,4497.0
5310,2022,9822.0
5310,2023,9948.0
5311,2017,2156.0
5311,2018,2162.0
5311,2019,2217.0
5311,2020,2240.0
5311,2021,2326.0
5311,2022,5579.0
5311,2023,5720.0
5312,2017,3710.0
5312,2018,3744.0
5312,2019,3839.0
5312,2020,3862.0
5312,2021,3959.0
5312,2022,8148.0
5312,2023,8167.0
5313,2017,9926.0
5313,2018,9870.0
5313,2019,9975.0
5313,2020,9902.0
5313,2021,10175.0
5313,2022,25404.0
5313,2023,26074.0
5314,2017,1588.0
5314,2018,1587.0
5314,2019,1618.0
5314,2020,1606.0
5314,2021,1649.0
5314,2022,4445.0
5314,2023,4534.0
5315,2017,20985.0
5315,2018,21240.0
5315,2019,22081.0
5315,2020,22250.0
5315,2021,23370.0
5315,2022,64220.0
5315,2023,65983.0
5316,2017,5847.0
5316,2018,5891.0
5316,2019,6054.0
5316,2020,6032.0
5316,2021,6255.0
5316,2022,15047.0
5316,2023,15317.0
5317,2017,5327.0
5317,2018,5447.0
5317,2019,5548.0
5317,2020,5612.0
5317,2021,5923.0
5317,2022,15953.0
5317,2023,16123.0
5318,2017,7843.0
5318,2018,7887.0
5318,2019,8179.0
5318,2020,8201.0
5318,2021,8632.0
5318,2022,22804.0
5318,2023,23372.0
5319,2017,2706.0
5319,2018,2693.0
5319,2019,2798.0
5319,2020,2825.0
5319,2021,2943.0
5319,2022,6956.0
5319,2023,6963.0
7501,2017,5096.0
7501,2018,5056.0
7501,2019,5198.0
7501,2020,5226.0
7501,2021,5392.0
7501,2022,12472.0
7501,2023,12648.0
7502,2017,7462.0
7502,2018,7507.0
7502,2019,7696.0
7502,2020,7741.0
7502,2021,7934.0
7502,2022,19058.0
7502,2023,19204.0
7503,2017,14545.0
7503,2018,14752.0
7503,2019,15197.0
7503,2020,15320.0
7503,2021,15998.0
7503,2022,49500.0
7503,2023,50621.0
7504,2017,4229.0
7504,2018,4203.0
7504,2019,4275.0
7504,2020,4267.0
7504,2021,4403.0
7504,2022,11138.0
7504,2023,11114.0
7505,2017,38968.0
7505,2018,39411.0
7505,2019,41164.0
7505,2020,42015.0
7505,2021,43958.0
7505,2022,139243.0
7505,2023,142567.0
7506,2017,3602.0
7506,2018,3602.0
7506,2019,3751.0
7506,2020,3726.0
7506,2021,3789.0
7506,2022,7610.0
7506,2023,7635.0
7507,2017,4636.0
7507,2018,4611.0
7507,2019,4689.0
7507,2020,4723.0
7507,2021,4925.0
7507,2022,12237.0
7507,2023,12276.0
7508,2017,2261.0
7508,2018,2241.0
7508,2019,2271.0
7508,2020,2231.0
7508,2021,2282.0
7508,2022,5513.0
7508,2023,5507.0
7509,2017,5564.0
7509,2018,5552.0
7509,2019,5752.0
7509,2020,5775.0
7509,2021,5839.0
7509,2022,11523.0
7509,2023,11165.0
7510,2017,5714.0
7510,2018,5732.0
7510,2019,5862.0
7510,2020,5849.0
7510,2021,6041.0
7510,2022,17121.0
7510,2023,17631.0
7511,2017,4115.0
7511,2018,4070.0
7511,2019,4120.0
7511,2020,4099.0
7511,2021,4176.0
7511,2022,8723.0
7511,2023,8461.0
7512,2017,9258.0
7512,2018,9299.0
7512,2019,9580.0
7512,2020,9738.0
7512,2021,10169.0
7512,2022,29642.0
7512,2023,30091.0
7513,2017,5612.0
7513,2018,5689.0
7513,2019,5961.0
7513,2020,5980.0
7513,2021,6365.0
7513,2022,19973.0
7513,2023,20618.0
7514,2017,4161.0
7514,2018,4175.0
7514,2019,4271.0
7514,2020,4303.0
7514,2021,4463.0
7514,2022,11537.0
7514,2023,11624.0
7515,2017,2568.0
7515,2018,2595.0
7515,2019,2680.0
7515,2020,2661.0
7515,2021,2819.0
7515,2022,6978.0
7515,2023,7086.0
7516,2017,5571.0
7516,2018,5547.0
7516,2019,5769.0
7516,2020,5742.0
7516,2021,5975.0
7516,2022,14527.0
7516,2023,14760.0
7517,2017,9085.0
7517,2018,9079.0
7517,2019,9281.0
7517,2020,9285.0
7517,2021,9568.0
7517,2022,23634.0
7517,2023,23976.0
7518,2017,3701.0
7518,2018,3678.0
7518,2019,3755.0
7518,2020,3782.0
7518,2021,3895.0
7518,2022,8517.0
7518,2023,8441.0
7519,2017,4692.0
7519,2018,4724.0
7519,2019,4728.0
7519,2020,4694.0
7519,2021,4821.0
7519,2022,10570.0
7519,2023,10653.0
7520,2017,6226.0
7520,2018,6381.0
7520,2019,6470.0
7520,2020,6473.0
7520,2021,6592.0
7520,2022,14927.0
7520,2023,15245.0
7521,2017,2661.0
7521,2018,2634.0
7521,2019,2695.0
7521,2020,2683.0
7521,2021,2785.0
7521,2022,6588.0
7521,2023,6461.0
7522,2017,10806.0
7522,2018,10732.0
7522,2019,10939.0
7522,2020,10874.0
7522,2021,11177.0
7522,2022,29302.0
7522,2023,29814.0
7523,2017,7254.0
7523,2018,7231.0
7523,2019,7348.0
7523,2020,7330.0
7523,2021,7581.0
7523,2022,19469.0
7523,2023,19558.0
7524,2017,9233.0
7524,2018,9199.0
7524,2019,9375.0
7524,2020,9375.0
7524,2021,9635.0
7524,2022,24344.0
7524,2023,24679.0
7525,2017,2282.0
7525,2018,2278.0
7525,2019,2308.0
7525,2020,2324.0
7525,2021,2385.0
7525,2022,6455.0
7525,2023,6522.0
7526,2017,5751.0
7526,2018,5719.0
7526,2019,5865.0
7526,2020,5859.0
7526,2021,6078.0
7526,2022,14967.0
7526,2023,15102.0
7527,2017,2512.0
7527,2018,2543.0
7527,2019,2593.0
7527,2020,2562.0
7527,2021,2636.0
7527,2022,6946.0
7527,2023,6884.0
7528,2017,4545.0
7528,2018,4543.0
7528,2019,4661.0
7528,2020,4626.0
7528,2021,4740.0
7528,2022,11084.0
7528,2023,11019.0
7529,2017,2956.0
7529,2018,2938.0
7529,2019,3061.0
7529,2020,3010.0
7529,2021,3154.0
7529,2022,8267.0
7529,2023,8142.0
7530,2017,1783.0
7530,2018,1911.0
7530,2019,1963.0
7530,2020,1944.0
7530,2021,2016.0
7530,2022,4169.0
7530,2023,4159.0
7531,2017,2818.0
7531,2018,2784.0
7531,2019,2855.0
7531,2020,2824.0
7531,2021,2904.0
7531,2022,6469.0
7531,2023,6530.0
7532,2017,3066.0
7532,2018,3011.0
7532,2019,3098.0
7532,2020,3111.0
7532,2021,3184.0
7532,2022,7987.0
7532,2023,8014.0
7601,2017,3627.0
7601,2018,3581.0
7601,2019,3752.0
7601,2020,3695.0
7601,2021,3962.0
7601,2022,10575.0
7601,2023,10667.0
7602,2017,7876.0
7602,2018,7876.0
7602,2019,8121.0
7602,2020,8199.0
7602,2021,8566.0
7602,2022,23682.0
7602,2023,23925.0
7603,2017,6149.0
7603,2018,6164.0
7603,2019,6332.0
7603,2020,6317.0
7603,2021,6538.0
7603,2022,17968.0
7603,2023,18477.0
7604,2017,6366.0
7604,2018,6375.0
7604,2019,6466.0
7604,2020,6492.0
7604,2021,6647.0
7604,2022,15472.0
7604,2023,15457.0
7605,2017,2259.0
7605,2018,2251.0
7605,2019,2311.0
7605,2020,2279.0
7605,2021,2360.0
7605,2022,6183.0
7605,2023,6298.0
7606,2017,7676.0
7606,2018,7691.0
7606,2019,8067.0
7606,2020,8074.0
7606,2021,8380.0
7606,2022,23697.0
7606,2023,24393.0
7607,2017,3217.0
7607,2018,3275.0
7607,2019,3292.0
7607,2020,3288.0
7607,2021,3410.0
7607,2022,8723.0
7607,2023,8742.0
7608,2017,6623.0
7608,2018,6599.0
7608,2019,6757.0
7608,2020,6791.0
7608,2021,7004.0
7608,2022,17116.0
7608,2023,17247.0
7609,2017,2441.0
7609,2018,2405.0
7609,2019,2426.0
7609,2020,2413.0
7609,2021,2468.0
7609,2022,5763.0
7609,2023,5768.0
7610,2017,5284.0
7610,2018,5228.0
7610,2019,5335.0
7610,2020,5362.0
7610,2021,5533.0
7610,2022,14135.0
7610,2023,14311.0
7611,2017,3260.0
7611,2018,3221.0
7611,2019,3258.0
7611,2020,3218.0
7611,2021,3301.0
7611,2022,8616.0
7611,2023,8494.0
7612,2017,4502.0
7612,2018,4469.0
7612,2019,4566.0
7612,2020,4558.0
7612,2021,4765.0
7612,2022,12634.0
7612,2023,12672.0
7613,2017,3226.0
7613,2018,3262.0
7613,2019,3255.0
7613,2020,3252.0
7613,2021,3369.0
7613,2022,6275.0
7613,2023,6177.0
7614,2017,2742.0
7614,2018,2732.0
7614,2019,2834.0
7614,2020,2822.0
7614,2021,2928.0
7614,2022,6484.0
7614,2023,6468.0
7615,2017,5965.0
7615,2018,5942.0
7615,2019,6097.0
7615,2020,6113.0
7615,2021,6410.0
7615,2022,17094.0
7615,2023,17401.0
7616,2017,26281.0
7616,2018,26581.0
7616,2019,27894.0
7616,2020,28438.0
7616,2021,30155.0
7616,2022,95847.0
7616,2023,98050.0
7617,2017,5811.0
7617,2018,5836.0
7617,2019,5963.0
7617,2020,5989.0
7617,2021,6193.0
7617,2022,16405.0
7617,2023,16826.0
7618,2017,12585.0
7618,2018,12614.0
7618,2019,13072.0
7618,2020,13127.0
7618,2021,13773.0
7618,2022,37896.0
7618,2023,39009.0
7619,2017,2094.0
7619,2018,2104.0
7619,2019,2107.0
7619,2020,2092.0
7619,2021,2169.0
7619,2022,5227.0
7619,2023,5126.0
7620,2017,17015.0
7620,2018,16805.0
7620,2019,17445.0
7620,2020,17568.0
7620,2021,18400.0
7620,2022,49313.0
7620,2023,50407.0
7621,2017,6139.0
7621,2018,6161.0
7621,2019,6250.0
7621,2020,6340.0
7621,2021,6497.0
7621,2022,14611.0
7621,2023,14354.0
7622,2017,4413.0
7622,2018,4369.0
7622,2019,4455.0
7622,2020,4419.0
7622,2021,4564.0
7622,2022,12184.0
7622,2023,12418.0
7623,2017,3705.0
7623,2018,3694.0
7623,2019,3783.0
7623,2020,3794.0
7623,2021,3990.0
7623,2022,11440.0
7623,2023,11806.0
7624,2017,8958.0
7624,2018,8784.0
7624,2019,8892.0
7624,2020,8766.0
7624,2021,8988.0
7624,2022,23106.0
7624,2023,22814.0
7625,2017,40318.0
7625,2018,40340.0
7625,2019,42105.0
7625,2020,42696.0
7625,2021,44718.0
7625,2022,137063.0
7625,2023,139791.0
8401,2017,11666.0
8401,2018,11725.0
8401,2019,12191.0
8401,2020,12294.0
8401,2021,12786.0
8401,2022,39407.0
8401,2023,40048.0
8402,2017,4984.0
8402,2018,4967.0
8402,2019,5053.0
8402,2020,5050.0
8402,2021,5324.0
8402,2022,14295.0
8402,2023,14421.0
8403,2017,3128.0
8403,2018,3134.0
8403,2019,3138.0
8403,2020,3131.0
8403,2021,3215.0
8403,2022,6596.0
8403,2023,6372.0
8404,2017,1467.0
8404,2018,1536.0
8404,2019,1578.0
8404,2020,1604.0
8404,2021,1648.0
8404,2022,4351.0
8404,2023,4429.0
8405,2017,7996.0
8405,2018,7994.0
8405,2019,8274.0
8405,2020,8284.0
8405,2021,8565.0
8405,2022,21350.0
8405,2023,21559.0
8406,2017,6664.0
8406,2018,6825.0
8406,2019,7155.0
8406,2020,7212.0
8406,2021,7504.0
8406,2022,20817.0
8406,2023,21375.0
8407,2017,8841.0
8407,2018,8932.0
8407,2019,9203.0
8407,2020,9247.0
8407,2021,9617.0
8407,2022,27751.0
8407,2023,28198.0
8408,2017,14845.0
8408,2018,14761.0
8408,2019,15059.0
8408,2020,15115.0
8408,2021,15734.0
8408,2022,40406.0
8408,2023,41296.0
8409,2017,20301.0
8409,2018,20099.0
8409,2019,20754.0
8409,2020,20634.0
8409,2021,21215.0
8409,2022,60804.0
8409,2023,61282.0
8410,2017,2966.0
8410,2018,2992.0
8410,2019,3010.0
8410,2020,3034.0
8410,2021,3173.0
8410,2022,7423.0
8410,2023,7254.0
8411,2017,2189.0
8411,2018,2217.0
8411,2019,2264.0
8411,2020,2257.0
8411,2021,2269.0
8411,2022,7467.0
8411,2023,6005.0
8412,2017,2941.0
8412,2018,2927.0
8412,2019,3038.0
8412,2020,3045.0
8412,2021,3128.0
8412,2022,7668.0
8412,2023,7735.0
8413,2017,7236.0
8413,2018,7284.0
8413,2019,7507.0
8413,2020,7456.0
8413,2021,7660.0
8413,2022,22502.0
8413,2023,22505.0
8414,2017,3336.0
8414,2018,3323.0
8414,2019,3401.0
8414,2020,3445.0
8414,2021,3502.0
8414,2022,9305.0
8414,2023,9448.0
8415,2017,4605.0
8415,2018,4615.0
8415,2019,4692.0
8415,2020,4661.0
8415,2021,4761.0
8415,2022,13928.0
8415,2023,14069.0
8416,2017,8741.0
8416,2018,8923.0
8416,2019,9174.0
8416,2020,9201.0
8416,2021,9594.0
8416,2022,26724.0
8416,2023,27062.0
8417,2017,2751.0
8417,2018,2753.0
8417,2019,2800.0
8417,2020,2782.0
8417,2021,2877.0
8417,2022,6812.0
8417,2023,6926.0
8418,2017,3762.0
8418,2018,3705.0
8418,2019,3823.0
8418,2020,3808.0
8418,2021,3917.0
8418,2022,13263.0
8418,2023,13472.0
8419,2017,4469.0
8419,2018,4430.0
8419,2019,4548.0
8419,2020,4508.0
8419,2021,4626.0
8419,2022,10104.0
8419,2023,10124.0
8420,2017,2875.0
8420,2018,2837.0
8420,2019,2945.0
8420,2020,2960.0
8420,2021,3040.0
8420,2022,7376.0
8420,2023,7577.0
8421,2017,40579.0
8421,2018,40696.0
8421,2019,42818.0
8421,2020,43438.0
8421,2021,45653.0
8421,2022,215226.0
8421,2023,218875.0
8422,2017,3634.0
8422,2018,3612.0
8422,2019,3704.0
8422,2020,3745.0
8422,2021,3917.0
8422,2022,10601.0
8422,2023,10763.0
8423,2017,3393.0
8423,2018,3295.0
8423,2019,3332.0
8423,2020,3304.0
8423,2021,3384.0
8423,2022,7562.0
8423,2023,7442.0
8424,2017,3121.0
8424,2018,3062.0
8424,2019,3157.0
8424,2020,3127.0
8424,2021,3170.0
8424,2022,6551.0
8424,2023,6383.0
8425,2017,2049.0
8425,2018,2044.0
8425,2019,2078.0
8425,2020,2099.0
8425,2021,2131.0
8425,2022,4609.0
8425,2023,4713.0
8426,2017,4143.0
8426,2018,4084.0
8426,2019,4134.0
8426,2020,4132.0
8426,2021,4282.0
8426,2022,10975.0
8426,2023,11060.0
8427,2017,3259.0
8427,2018,3285.0
8427,2019,3338.0
8427,2020,3410.0
8427,2021,3468.0
8427,2022,9512.0
8427,2023,9573.0
8428,2017,16307.0
8428,2018,16098.0
8428,2019,16647.0
8428,2020,16771.0
8428,2021,17316.0
8428,2022,44617.0
8428,2023,45438.0
8429,2017,1486.0
8429,2018,1494.0
8429,2019,1496.0
8429,2020,1473.0
8429,2021,1518.0
8429,2022,3023.0
8429,2023,2824.0
8430,2017,1696.0
8430,2018,1734.0
8430,2019,1749.0
8430,2020,1739.0
8430,2021,1821.0
8430,2022,4496.0
8430,2023,4528.0
8431,2017,10664.0
8431,2018,10610.0
8431,2019,10907.0
8431,2020,10995.0
8431,2021,11392.0
8431,2022,29616.0
8431,2023,30074.0
8432,2017,4653.0
8432,2018,4556.0
8432,2019,4619.0
8432,2020,4586.0
8432,2021,4743.0
8432,2022,11236.0
8432,2023,11348.0
8433,2017,7687.0
8433,2018,7687.0
8433,2019,7924.0
8433,2020,7972.0
8433,2021,8272.0
8433,2022,21058.0
8433,2023,21393.0
8434,2017,6081.0
8434,2018,6244.0
8434,2019,6504.0
8434,2020,6606.0
8434,2021,6866.0
8434,2022,17911.0
8434,2023,18537.0
8435,2017,5835.0
8435,2018,5880.0
8435,2019,6115.0
8435,2020,6110.0
8435,2021,6333.0
8435,2022,18586.0
8435,2023,18893.0
9301,2017,16174.0
9301,2018,16200.0
9301,2019,16974.0
9301,2020,17252.0
9301,2021,18042.0
9301,2022,55819.0
9301,2023,57226.0
9302,2017,2275.0
9302,2018,2227.0
9302,2019,2323.0
9302,2020,2299.0
9302,2021,2347.0
9302,2022,7059.0
9302,2023,6902.0
9303,2017,3830.0
9303,2018,3967.0
9303,2019,4144.0
9303,2020,4246.0
9303,2021,4532.0
9303,2022,14417.0
9303,2023,14854.0
9304,2017,19692.0
9304,2018,19657.0
9304,2019,20284.0
9304,2020,20104.0
9304,2021,20803.0
9304,2022,67372.0
9304,2023,69531.0
9305,2017,3301.0
9305,2018,3283.0
9305,2019,3607.0
9305,2020,3636.0
9305,2021,3814.0
9305,2022,10447.0
9305,2023,10595.0
9306,2017,5180.0
9306,2018,5123.0
9306,2019,5477.0
9306,2020,5487.0
9306,2021,5721.0
9306,2022,15699.0
9306,2023,16062.0
9307,2017,3495.0
9307,2018,3505.0
9307,2019,3667.0
9307,2020,3688.0
9307,2021,3781.0
9307,2022,8755.0
9307,2023,8722.0
9308,2017,3863.0
9308,2018,3886.0
9308,2019,4039.0
9308,2020,4015.0
9308,2021,4235.0
9308,2022,13299.0
9308,2023,13788.0
9309,2017,5104.0
9309,2018,5123.0
9309,2019,5288.0
9309,2020,5355.0
9309,2021,5598.0
9309,2022,17187.0
9309,2023,17650.0
9310,2017,4671.0
9310,2018,4724.0
9310,2019,4903.0
9310,2020,4924.0
9310,2021,5093.0
9310,2022,13795.0
9310,2023,13403.0
9311,2017,3582.0
9311,2018,3598.0
9311,2019,3721.0
9311,2020,3745.0
9311,2021,3883.0
9311,2022,10372.0
9311,2023,10531.0
9312,2017,12794.0
9312,2018,12872.0
9312,2019,13423.0
9312,2020,13635.0
9312,2021,14282.0
9312,2022,132860.0
9312,2023,136567.0
9313,2017,8557.0
9313,2018,8598.0
9313,2019,8966.0
9313,2020,9093.0
9313,2021,9477.0
9313,2022,26782.0
9313,2023,27431.0
9314,2017,2760.0
9314,2018,2719.0
9314,2019,2740.0
9314,2020,2716.0
9314,2021,2823.0
9314,2022,8548.0
9314,2023,8803.0
9315,2017,24596.0
9315,2018,24664.0
9315,2019,25475.0
9315,2020,25496.0
9315,2021,26439.0
9315,2022,82601.0
9315,2023,84182.0
9316,2017,2561.0
9316,2018,2548.0
9316,2019,2773.0
9316,2020,2787.0
9316,2021,2902.0
9316,2022,6802.0
9316,2023,6802.0
9317,2017,4557.0
9317,2018,4586.0
9317,2019,4808.0
9317,2020,4784.0
9317,2021,4979.0
9317,2022,13092.0
9317,2023,13490.0
9318,2017,18993.0
9318,2018,19104.0
9318,2019,19726.0
9318,2020,19744.0
9318,2021,20675.0
9318,2022,62354.0
9318,2023,63828.0
9401,2017,5134.0
9401,2018,5190.0
9401,2019,5335.0
9401,2020,5208.0
9401,2021,5458.0
9401,2022,14013.0
9401,2023,14352.0
9402,2017,5246.0
9402,2018,5303.0
9402,2019,5605.0
9402,2020,5610.0
9402,2021,5821.0
9402,2022,14087.0
9402,2023,14512.0
9403,2017,1467.0
9403,2018,1471.0
9403,2019,1539.0
9403,2020,1474.0
9403,2021,1577.0
9403,2022,3929.0
9403,2023,4045.0
9404,2017,678.0
9404,2018,705.0
9404,2019,748.0
9404,2020,719.0
9404,2021,754.0
9404,2022,1618.0
9404,2023,1675.0
9405,2017,910.0
9405,2018,920.0
9405,2019,964.0
9405,2020,974.0
9405,2021,1019.0
9405,2022,2315.0
9405,2023,2358.0
9406,2017,2140.0
9406,2018,2205.0
9406,2019,2338.0
9406,2020,2336.0
9406,2021,2523.0
9406,2022,6513.0
9406,2023,6809.0
9407,2017,790.0
9407,2018,822.0
9407,2019,872.0
9407,2020,851.0
9407,2021,915.0
9407,2022,2020.0
9407,2023,2036.0
