ZE2020,target_year,BE,FZ,GI,JZ,KZ,LZ,MN,OQ,RU,total
1,2010,8.6,1.9,11.4,0.2,0.7,0.4,5.6,17.5,1.3,47.599999999999994
2,2010,3.7,0.6,4.2,0.0,0.4,0.1,1.8,5.2,0.3,16.3
3,2010,19.3,7.8,34.1,7.8,4.2,1.5,31.7,73.3,5.3,185.0
4,2010,14.9,6.0,27.6,2.2,7.1,1.0,16.1,52.900000000000006,3.6,131.4
5,2010,6.2,2.3,10.4,0.3,1.0,0.3,4.1,12.2,1.7,38.5
6,2010,12.4,4.8,21.8,1.1,1.6,1.2,13.1,28.7,3.7,88.4
7,2010,6.6,3.1,17.3,0.8,2.2,0.6,8.6,31.8,3.3,74.3
8,2010,10.6,3.8,13.7,0.8,1.1,0.7,9.4,19.3,1.6,61.00000000000001
9,2010,7.7,2.9,13.3,0.6,1.9,0.4,7.0,23.0,1.6,58.4
10,2010,22.7,11.5,42.7,2.4,5.4,1.1,26.8,61.2,5.0,178.8
11,2010,9.5,3.1,15.3,1.8,1.3,0.7,13.6,21.900000000000002,2.7,69.9
12,2010,44.0,17.6,68.1,5.4,6.1,2.4,39.4,85.3,8.2,276.5
13,2010,32.3,17.1,77.1,8.0,11.5,2.6,44.0,112.0,11.5,316.1
14,2010,29.3,9.7,44.2,2.1,3.0,1.3,18.8,50.3,4.6,163.29999999999998
15,2010,33.0,12.4,75.5,6.4,8.8,3.1,56.2,119.3,13.6,328.30000000000007
16,2010,12.4,6.1,30.3,2.6,2.1,0.9,18.5,24.7,2.9,100.50000000000001
17,2010,42.2,32.0,158.8,39.5,35.7,7.2,115.0,202.9,32.6,665.9
18,2010,12.6,9.5,38.9,1.1,3.6,1.3,15.2,54.9,3.8,140.9
19,2010,8.6,4.1,26.8,2.3,4.1,1.0,13.4,33.9,3.8,97.99999999999999
20,2010,15.4,3.9,19.6,0.6,1.4,0.7,8.6,20.5,2.5,73.20000000000002
21,2010,6.4,2.6,20.9,2.6,2.0,0.8,15.3,30.5,5.6,86.69999999999999
22,2010,8.5,4.8,17.6,0.7,0.9,0.7,9.4,14.5,1.6,58.7
23,2010,43.6,20.3,228.5,41.6,61.7,10.1,196.3,202.4,31.6,836.1
24,2010,7.8,2.8,26.6,12.5,3.2,1.5,16.8,30.2,5.3,106.7
25,2010,16.8,7.0,46.3,3.3,4.9,1.4,24.0,62.5,6.3,172.5
26,2010,15.2,12.2,75.5,18.5,15.3,4.1,80.7,159.3,25.3,406.1
27,2010,8.1,6.0,27.4,3.5,2.0,1.1,25.2,40.6,3.0,116.9
28,2010,11.1,8.4,36.3,3.4,3.3,1.0,17.5,39.9,3.8,124.7
29,2010,58.3,35.8,182.3,15.0,21.4,7.4,121.1,202.20000000000002,25.2,668.7
30,2010,23.9,16.5,51.9,3.0,3.6,1.8,24.1,45.7,4.2,174.7
31,2010,7.7,2.7,13.4,0.2,1.0,0.3,4.7,12.4,0.8,43.199999999999996
32,2010,14.9,5.4,30.2,0.9,2.3,1.0,14.1,38.6,3.8,111.2
33,2010,42.9,15.7,79.2,3.9,7.1,2.6,48.2,85.8,8.3,293.70000000000005
34,2010,25.1,9.8,57.7,2.1,8.3,1.7,42.7,65.3,8.9,221.6
35,2010,45.9,18.6,83.2,7.0,9.1,2.4,47.8,91.0,9.5,314.5
36,2010,60.6,17.4,88.8,11.7,11.9,2.9,77.1,104.1,10.6,385.1
37,2010,22.8,4.1,38.9,1.1,2.2,0.8,19.1,43.1,4.0,136.1
38,2010,17.6,5.0,26.5,1.1,2.0,0.6,13.8,31.6,2.8,101.00000000000001
39,2010,33.6,9.5,65.0,6.0,8.3,2.6,39.4,88.9,7.8,261.09999999999997
40,2010,14.2,5.3,44.3,3.9,2.4,1.0,25.0,51.0,5.5,152.60000000000002
1,2011,8.7,1.9,11.4,0.2,0.9,0.4,5.4,17.799999999999997,1.2,47.9
2,2011,3.8,0.7,4.3,0.0,0.4,0.1,1.8,5.4,0.3,16.8
3,2011,18.6,7.1,34.4,7.8,4.6,1.5,30.7,74.60000000000001,5.2,184.5
4,2011,14.7,5.6,27.8,2.3,7.7,0.9,16.2,52.7,3.6,131.5
5,2011,5.9,2.1,10.5,0.3,1.1,0.3,4.5,11.7,1.7,38.10000000000001
6,2011,12.5,4.8,22.0,1.0,1.8,1.0,13.0,29.099999999999998,3.7,88.89999999999999
7,2011,7.0,0.0,17.1,0.9,2.4,0.6,8.6,29.3,3.3,69.2
8,2011,10.7,3.9,15.2,0.0,0.0,0.6,10.0,18.3,0.0,58.7
9,2011,7.6,2.8,13.7,0.6,2.2,0.4,8.6,23.2,1.6,60.699999999999996
10,2011,22.6,11.0,45.4,2.4,5.6,1.1,26.9,61.400000000000006,4.6,181.0
11,2011,9.7,3.0,15.7,1.7,1.4,0.6,14.0,21.900000000000002,2.7,70.7
12,2011,44.2,17.2,70.3,5.4,7.2,2.3,37.9,89.3,8.4,282.2
13,2011,32.3,16.8,79.0,8.0,13.8,2.3,44.6,111.2,11.6,319.6
14,2011,29.2,9.0,44.4,2.0,3.8,1.2,20.1,50.5,4.8,165.0
15,2011,33.2,11.8,73.9,6.2,10.2,2.9,56.7,124.0,13.3,332.20000000000005
16,2011,11.9,6.0,30.3,2.7,2.5,0.9,18.8,25.5,3.0,101.60000000000001
17,2011,40.8,32.4,161.3,39.7,38.5,6.6,110.9,212.70000000000002,31.4,674.3000000000001
18,2011,12.8,8.8,40.1,1.2,3.7,1.3,15.8,57.2,3.8,144.70000000000002
19,2011,9.2,3.8,27.2,2.3,5.0,1.0,13.6,34.3,3.9,100.30000000000001
20,2011,15.2,4.2,20.2,0.6,1.8,0.7,8.4,20.4,2.5,74.0
21,2011,5.5,2.6,21.7,2.2,2.5,0.8,13.7,31.1,5.3,85.39999999999999
22,2011,8.4,4.5,16.7,0.6,1.2,0.7,9.3,14.8,1.6,57.800000000000004
23,2011,42.8,20.4,232.3,43.7,64.3,9.5,196.6,201.9,30.9,842.4
24,2011,7.1,2.5,27.1,12.4,4.1,1.4,17.1,30.9,5.2,107.8
25,2011,16.7,6.5,47.9,3.2,6.3,1.5,22.3,63.9,5.9,174.2
26,2011,14.7,11.9,76.6,18.9,15.3,4.1,78.0,154.1,24.7,398.3
27,2011,8.3,6.2,28.2,3.8,2.6,1.1,25.5,41.3,2.9,119.9
28,2011,10.8,8.2,36.8,3.4,3.9,1.0,17.3,38.8,3.8,123.99999999999999
29,2011,58.2,34.5,184.4,14.1,24.4,6.9,116.2,201.20000000000002,23.3,663.1999999999999
30,2011,24.6,16.4,52.0,3.2,4.3,2.0,23.6,47.1,4.7,177.89999999999998
31,2011,7.7,2.8,13.8,0.1,1.2,0.3,4.8,12.1,0.8,43.6
32,2011,15.4,5.3,30.8,1.1,3.0,1.1,14.1,38.4,3.4,112.6
33,2011,43.0,15.1,83.4,3.9,8.5,2.4,50.0,89.6,8.2,304.09999999999997
34,2011,24.8,9.5,57.7,2.1,9.8,1.7,40.7,62.0,8.1,216.4
35,2011,44.2,18.4,81.8,7.1,10.3,2.1,46.7,92.0,8.5,311.1
36,2011,63.3,16.2,88.9,11.7,13.4,2.9,78.2,105.6,10.4,390.6
37,2011,22.9,3.7,39.4,1.2,2.8,0.7,21.2,42.7,3.9,138.50000000000003
38,2011,17.6,4.8,27.4,1.1,2.5,0.6,14.4,2.2,0.0,70.60000000000001
39,2011,33.4,9.7,65.8,6.0,8.7,2.7,39.2,89.2,7.6,262.3
40,2011,13.7,5.0,46.2,4.0,3.0,1.0,24.0,51.5,5.1,153.5
1,2012,8.5,1.9,11.0,0.3,0.7,0.5,5.2,17.099999999999998,1.1,46.3
2,2012,3.7,0.6,4.4,0.0,0.3,0.1,2.0,5.3,0.3,16.7
3,2012,18.6,6.5,35.0,7.6,4.1,1.4,28.1,71.7,4.9,177.9
4,2012,13.6,5.0,28.0,2.1,6.1,0.9,16.6,51.2,3.4,126.90000000000002
5,2012,5.8,1.9,10.6,0.4,0.8,0.3,4.6,11.8,1.6,37.800000000000004
6,2012,12.5,4.5,22.2,1.0,1.5,0.9,12.9,29.7,3.6,88.8
7,2012,7.2,0.0,16.5,1.1,2.2,0.6,9.3,29.5,3.0,69.4
8,2012,9.8,3.6,15.0,0.7,0.9,0.6,9.9,0.0,1.6,42.1
9,2012,7.2,2.4,13.0,0.0,1.7,0.0,8.7,25.9,1.6,60.5
10,2012,23.5,9.5,44.3,2.4,5.0,0.9,26.0,62.1,4.9,178.60000000000002
11,2012,9.3,2.9,15.3,1.8,1.1,0.7,12.4,22.8,2.2,68.5
12,2012,43.4,15.8,69.7,5.4,5.6,2.1,39.3,88.5,7.8,277.6
13,2012,32.9,16.0,78.5,7.9,11.8,2.4,43.8,109.69999999999999,11.1,314.1
14,2012,28.9,8.1,43.0,2.0,2.6,1.2,22.4,50.6,4.4,163.2
15,2012,32.9,10.5,75.6,6.2,8.4,2.8,54.9,121.0,13.1,325.40000000000003
16,2012,12.2,6.0,29.1,2.5,1.8,0.8,18.6,25.1,2.9,99.0
17,2012,39.5,31.3,161.7,40.0,36.6,6.1,112.5,208.7,30.4,666.8000000000001
18,2012,13.1,7.8,40.0,1.1,2.9,1.3,14.9,56.6,3.7,141.4
19,2012,8.4,4.0,27.5,3.0,4.4,0.9,12.5,34.1,3.7,98.5
20,2012,15.3,3.5,20.2,0.6,1.4,0.7,8.4,20.6,2.4,73.10000000000001
21,2012,5.7,2.5,21.1,2.0,1.8,0.6,15.1,30.200000000000003,5.1,84.1
22,2012,7.8,4.2,16.9,0.8,0.9,0.6,10.5,14.200000000000001,1.6,57.50000000000001
23,2012,43.3,19.5,234.9,44.1,56.5,9.8,188.9,201.5,30.8,829.3
24,2012,6.8,2.3,27.1,11.8,3.0,1.6,16.3,30.4,4.8,104.10000000000001
25,2012,17.0,5.7,46.5,3.1,5.2,1.4,23.9,62.4,5.6,170.8
26,2012,12.8,12.0,74.6,18.3,13.2,3.8,78.1,156.70000000000002,22.5,392.0
27,2012,8.5,5.9,28.6,3.7,1.8,1.0,25.6,40.8,2.9,118.8
28,2012,10.4,7.5,36.6,3.6,2.9,1.0,17.2,39.0,3.8,122.0
29,2012,57.1,33.4,184.7,14.7,19.9,6.6,116.9,197.5,22.6,653.4
30,2012,23.9,16.6,50.8,2.9,3.3,1.8,23.9,47.0,5.3,175.5
31,2012,7.7,2.8,13.4,0.2,0.8,0.3,4.9,11.7,0.8,42.599999999999994
32,2012,15.2,5.4,30.7,1.0,2.3,1.1,12.2,38.0,3.2,109.1
33,2012,41.3,14.5,83.9,4.1,6.7,2.3,45.6,87.8,8.1,294.3
34,2012,24.8,8.6,57.8,2.1,8.8,1.7,39.2,60.5,8.5,212.0
35,2012,45.8,18.1,82.5,6.9,9.1,2.2,47.0,91.8,8.7,312.09999999999997
36,2012,63.2,15.5,89.3,12.3,10.1,2.7,78.6,105.0,9.7,386.4
37,2012,22.6,3.4,39.5,1.2,2.1,0.6,22.5,42.300000000000004,3.7,137.89999999999998
38,2012,17.1,4.6,27.7,1.1,1.9,0.7,12.4,30.8,2.7,99.00000000000001
39,2012,32.5,9.0,64.1,5.8,7.7,2.5,36.5,88.9,8.0,255.0
40,2012,13.4,4.9,47.8,4.2,2.0,1.0,22.6,49.5,5.0,150.4
1,2013,8.5,1.8,10.1,0.2,0.6,0.4,5.5,17.5,1.1,45.699999999999996
2,2013,3.3,0.5,4.3,0.0,0.3,0.1,1.8,5.2,0.3,15.8
3,2013,17.8,6.0,34.3,7.0,3.6,1.4,29.5,72.89999999999999,4.7,177.2
4,2013,12.5,4.5,26.9,2.0,5.5,0.8,15.7,49.0,3.4,120.3
5,2013,5.6,1.5,10.0,0.3,0.7,0.3,4.2,11.4,1.7,35.7
6,2013,12.4,3.7,21.6,0.9,1.4,0.9,12.7,29.4,3.3,86.3
7,2013,6.5,2.5,16.9,0.9,2.1,0.6,8.5,29.3,3.1,70.39999999999999
8,2013,10.5,3.2,13.8,0.7,0.8,0.5,9.7,0.0,1.5,40.7
9,2013,7.4,0.0,13.0,0.0,1.9,0.0,9.3,23.5,1.5,56.599999999999994
10,2013,22.6,8.3,43.0,2.5,5.2,1.0,23.4,63.4,4.3,173.70000000000002
11,2013,9.1,2.8,16.0,1.9,1.0,0.7,12.3,22.3,2.0,68.1
12,2013,42.4,15.2,68.0,5.6,5.2,2.0,36.7,88.9,7.2,271.2
13,2013,33.0,15.4,76.4,7.6,11.4,2.4,44.3,107.7,11.1,309.3
14,2013,28.2,7.0,41.9,1.9,2.3,1.1,20.8,49.2,4.3,156.7
15,2013,31.5,9.9,73.5,5.8,7.6,2.7,51.0,119.9,12.3,314.2
16,2013,11.5,5.9,29.4,2.5,1.7,0.8,19.5,24.8,2.7,98.8
17,2013,38.7,29.3,158.2,41.1,34.9,6.2,110.8,211.29999999999998,28.5,659.0
18,2013,13.4,7.4,41.3,1.0,2.8,1.4,13.9,53.900000000000006,3.6,138.70000000000002
19,2013,8.3,3.5,26.1,2.7,4.1,0.9,11.5,33.699999999999996,3.7,94.50000000000001
20,2013,15.4,3.5,19.3,0.7,1.3,0.8,8.6,20.1,2.2,71.9
21,2013,5.1,2.3,21.0,1.7,1.8,0.8,13.4,31.6,4.6,82.29999999999998
22,2013,8.2,4.4,17.0,0.8,0.9,0.6,9.4,14.700000000000001,1.5,57.50000000000001
23,2013,40.0,18.0,237.1,43.8,54.0,9.2,220.4,201.8,29.8,854.0999999999999
24,2013,6.7,2.2,26.4,11.8,2.8,1.6,16.2,29.599999999999998,4.8,102.09999999999998
25,2013,16.7,5.1,46.2,3.1,5.3,1.4,23.4,61.9,5.6,168.7
26,2013,13.6,9.4,72.7,16.9,13.9,3.7,70.9,155.1,22.1,378.3
27,2013,7.9,5.4,27.4,3.9,1.9,1.0,25.8,41.0,2.9,117.2
28,2013,10.6,7.0,35.8,3.4,2.8,1.0,15.5,40.0,3.7,119.8
29,2013,55.4,30.8,183.3,13.2,19.8,6.2,113.7,191.29999999999998,23.5,637.1999999999999
30,2013,23.9,15.3,49.5,3.2,3.0,1.7,23.8,45.3,5.1,170.79999999999998
31,2013,7.7,2.4,13.1,0.2,0.8,0.3,4.2,11.5,0.9,41.1
32,2013,14.5,5.0,30.2,1.0,2.1,1.1,12.3,36.6,3.1,105.9
33,2013,41.1,12.7,81.9,4.0,6.0,2.1,48.0,85.7,7.6,289.1
34,2013,24.5,7.6,56.4,2.1,8.6,1.6,39.9,59.4,8.2,208.29999999999998
35,2013,44.4,16.8,82.8,7.2,8.4,2.1,46.4,89.80000000000001,8.2,306.09999999999997
36,2013,62.4,13.9,89.1,11.4,10.0,2.6,79.5,103.2,9.3,381.4
37,2013,22.4,3.0,40.4,1.2,1.8,0.6,22.3,42.699999999999996,3.4,137.79999999999998
38,2013,16.8,4.3,27.8,1.1,1.7,0.7,11.3,30.5,2.7,96.90000000000002
39,2013,31.1,7.8,63.6,6.4,7.7,2.3,36.0,86.2,7.4,248.50000000000003
40,2013,12.9,4.1,46.5,4.3,1.7,1.0,23.1,43.0,4.9,141.5
1,2014,8.6,1.6,9.6,0.0,0.5,0.0,5.4,18.299999999999997,1.0,44.99999999999999
2,2014,3.1,0.5,4.4,0.0,0.2,0.1,2.0,5.0,0.3,15.6
3,2014,16.7,5.6,35.4,6.7,3.9,1.4,31.0,72.3,4.9,177.9
4,2014,13.0,4.2,26.9,2.0,4.9,0.7,15.3,47.5,3.2,117.7
5,2014,7.3,1.7,12.4,0.3,0.8,0.4,5.6,14.6,1.9,45.0
6,2014,11.2,3.2,19.7,0.8,1.3,0.7,12.0,27.200000000000003,3.1,79.19999999999999
7,2014,6.9,2.5,17.2,1.0,2.0,0.6,9.0,30.200000000000003,2.8,72.2
8,2014,10.3,2.9,14.1,0.7,0.8,0.4,10.9,18.3,1.5,59.900000000000006
9,2014,7.2,0.0,12.7,0.6,1.7,0.4,10.9,0.7,1.4,35.6
10,2014,22.6,8.4,43.6,2.4,4.7,1.0,24.0,62.300000000000004,4.9,173.9
11,2014,8.7,2.6,16.0,2.1,1.0,0.6,13.1,22.2,2.1,68.39999999999999
12,2014,42.1,14.6,69.1,5.6,5.1,2.0,38.8,84.7,7.2,269.2
13,2014,32.9,15.4,77.4,7.6,11.1,2.4,44.3,107.7,11.2,310.0
14,2014,28.9,6.3,42.8,2.0,2.1,1.0,24.5,47.2,4.4,159.20000000000002
15,2014,31.7,9.8,74.6,5.8,7.0,2.7,51.4,120.0,12.7,315.7
16,2014,11.5,5.5,30.1,2.7,1.6,0.8,21.1,24.599999999999998,2.7,100.60000000000001
17,2014,39.6,28.2,160.2,41.8,33.2,5.9,114.1,209.60000000000002,29.5,662.1
18,2014,13.6,7.0,41.8,1.2,2.6,1.4,15.3,52.5,3.8,139.20000000000002
19,2014,8.5,3.6,26.6,2.4,4.1,0.9,11.5,33.199999999999996,3.7,94.5
20,2014,16.0,3.3,18.8,0.6,1.2,0.8,8.8,19.8,2.2,71.5
21,2014,4.9,1.8,21.7,2.0,1.6,0.8,13.6,30.700000000000003,4.7,81.8
22,2014,7.9,4.0,18.6,0.9,0.7,0.6,9.2,13.4,1.7,57.00000000000001
23,2014,41.2,17.4,242.7,49.8,55.8,9.7,224.4,200.7,31.4,873.1
24,2014,6.9,2.1,27.4,11.6,2.8,1.5,16.5,29.4,4.6,102.79999999999998
25,2014,16.7,4.9,45.8,3.0,5.2,1.5,22.3,62.400000000000006,5.7,167.5
26,2014,13.0,9.0,75.4,16.6,13.8,3.6,75.7,151.1,22.0,380.20000000000005
27,2014,8.5,5.4,28.1,4.2,1.8,1.0,27.4,39.6,3.0,119.0
28,2014,10.7,7.1,36.1,3.5,2.7,0.9,16.3,38.5,3.7,119.5
29,2014,54.0,30.3,186.9,13.8,19.8,6.1,122.6,190.6,19.1,643.2
30,2014,25.2,15.1,49.8,3.5,3.0,1.7,23.4,44.9,4.1,170.7
31,2014,7.9,2.4,12.7,0.2,0.7,0.3,4.1,11.6,0.8,40.699999999999996
32,2014,14.8,4.7,30.3,1.0,2.2,1.1,12.4,37.7,3.1,107.3
33,2014,40.7,12.3,82.5,4.2,5.4,2.1,52.9,83.6,7.0,290.7
34,2014,24.5,7.4,57.6,2.1,8.7,1.6,44.7,59.099999999999994,7.8,213.5
35,2014,44.2,16.4,83.3,7.8,6.6,2.1,45.2,87.1,8.4,301.1
36,2014,63.1,13.7,90.5,11.6,9.5,2.5,82.6,102.5,9.2,385.2
37,2014,22.2,2.9,40.2,1.1,1.8,0.6,25.2,41.6,3.4,139.0
38,2014,16.5,4.0,28.4,1.3,1.7,0.7,12.2,30.1,2.6,97.5
39,2014,31.3,7.2,64.1,6.1,7.2,2.3,39.4,85.2,7.1,249.9
40,2014,12.8,3.9,45.2,4.8,1.8,1.1,24.5,43.199999999999996,4.6,141.89999999999998
1,2015,8.5,1.6,9.9,0.0,0.7,0.0,6.0,16.3,1.1,44.1
2,2015,3.0,0.6,4.5,0.0,0.2,0.1,2.5,4.6,0.3,15.799999999999999
3,2015,16.3,5.7,36.3,7.0,4.4,1.4,36.0,73.8,5.0,185.9
4,2015,13.2,4.2,27.3,1.8,5.3,0.8,17.6,48.199999999999996,3.2,121.59999999999998
5,2015,7.3,1.8,12.8,0.4,1.0,0.3,5.7,14.4,1.8,45.49999999999999
6,2015,11.4,3.1,19.5,0.9,1.6,0.6,13.2,25.900000000000002,3.0,79.2
7,2015,6.8,2.6,17.2,1.2,2.3,0.5,9.9,30.8,2.6,73.89999999999999
8,2015,9.8,2.5,14.2,0.5,1.1,0.4,10.8,19.0,1.6,59.9
9,2015,7.0,0.0,13.2,0.7,2.0,0.3,11.7,0.7,1.4,37.0
10,2015,23.2,8.0,44.7,2.5,5.2,0.9,27.4,61.7,4.8,178.40000000000003
11,2015,8.7,2.7,16.0,2.0,1.2,0.6,13.5,21.7,2.2,68.60000000000001
12,2015,41.5,14.9,70.4,5.9,6.7,2.0,40.5,83.7,7.0,272.6
13,2015,33.5,15.9,78.5,7.4,12.8,2.3,45.7,103.8,11.1,311.00000000000006
14,2015,29.0,6.5,43.2,1.8,3.3,1.0,26.2,47.599999999999994,4.2,162.79999999999998
15,2015,30.5,9.5,77.4,5.9,8.0,2.6,55.9,120.5,12.5,322.8
16,2015,11.4,5.1,30.2,2.7,2.2,0.7,20.5,24.6,2.8,100.2
17,2015,40.1,26.8,161.3,37.5,35.9,5.6,120.9,208.5,29.7,666.3000000000001
18,2015,13.5,6.6,42.1,1.1,3.5,1.4,16.9,52.0,3.9,141.00000000000003
19,2015,8.4,3.9,27.4,2.2,4.5,1.0,13.2,32.3,3.7,96.60000000000001
20,2015,14.9,3.3,19.9,0.6,1.7,0.7,9.0,18.9,2.3,71.3
21,2015,5.6,1.5,21.6,2.0,2.2,0.7,13.7,29.0,4.6,80.9
22,2015,7.9,3.6,18.8,0.9,1.0,0.5,9.0,14.100000000000001,1.6,57.400000000000006
23,2015,40.8,17.3,248.7,56.1,60.9,10.2,212.1,197.8,31.0,874.8999999999999
24,2015,7.0,2.1,28.0,11.5,3.5,1.4,18.2,29.4,4.6,105.69999999999999
25,2015,17.1,4.9,46.4,2.9,6.1,1.3,25.0,62.9,5.8,172.4
26,2015,13.5,8.5,77.9,16.9,16.9,3.6,74.9,159.2,22.5,393.9
27,2015,9.4,4.8,28.0,4.4,2.6,0.8,29.1,39.6,2.9,121.6
28,2015,11.2,7.9,38.3,3.6,3.5,0.9,17.7,35.800000000000004,3.8,122.7
29,2015,52.6,27.8,188.4,15.7,23.2,5.8,132.7,190.29999999999998,18.8,655.3
30,2015,25.4,15.6,50.6,3.1,3.9,1.7,25.1,44.2,3.7,173.3
31,2015,7.9,2.2,13.2,0.2,0.8,0.3,4.3,11.2,0.7,40.800000000000004
32,2015,14.6,4.3,31.5,1.0,3.0,1.0,12.7,36.6,3.1,107.79999999999998
33,2015,38.3,12.0,83.4,4.7,7.0,2.0,56.1,82.5,6.9,292.9
34,2015,24.8,7.4,57.7,2.3,9.2,1.3,51.0,57.9,7.8,219.4
35,2015,43.5,17.0,84.0,8.1,9.0,2.0,49.4,84.30000000000001,8.3,305.6
36,2015,62.7,13.5,92.3,12.3,11.9,2.5,86.8,101.60000000000001,9.7,393.3
37,2015,22.3,3.2,39.9,1.3,2.3,0.6,28.0,41.599999999999994,3.3,142.5
38,2015,16.0,4.0,28.9,1.2,2.0,0.6,12.2,29.0,2.4,96.30000000000001
39,2015,31.1,7.2,64.6,6.0,7.5,2.3,43.0,83.2,7.0,251.89999999999998
40,2015,13.3,4.0,45.5,4.9,2.3,1.0,24.9,42.199999999999996,4.9,143.0
1,2016,0.0,1.7,0.0,0.3,0.7,0.0,6.2,0.4,1.0,10.3
2,2016,3.2,0.5,4.5,0.0,0.3,0.1,2.5,4.7,0.3,16.1
3,2016,15.7,5.6,36.9,7.4,4.4,1.5,37.2,76.8,5.0,190.5
4,2016,13.1,4.3,27.6,1.9,5.4,0.8,17.1,47.300000000000004,3.4,120.9
5,2016,7.5,1.9,13.1,0.4,0.9,0.3,6.2,15.799999999999999,1.9,47.99999999999999
6,2016,11.3,3.1,20.7,1.1,1.5,0.6,15.9,26.5,3.0,83.7
7,2016,6.6,2.5,17.9,1.1,2.1,0.5,9.7,29.2,2.6,72.2
8,2016,9.5,2.6,14.2,0.6,1.0,0.4,10.8,18.2,1.8,59.099999999999994
9,2016,6.7,1.9,13.0,0.7,1.9,0.3,11.9,21.599999999999998,1.5,59.5
10,2016,22.5,8.6,45.7,2.8,5.0,0.9,32.7,64.0,4.9,187.10000000000002
11,2016,8.7,2.9,16.5,2.3,1.3,0.6,13.8,21.5,2.1,69.7
12,2016,40.4,15.1,72.8,6.9,6.4,2.0,42.1,85.0,7.2,277.90000000000003
13,2016,33.8,16.1,80.1,7.5,12.5,2.3,51.5,103.3,11.1,318.20000000000005
14,2016,28.8,6.3,43.5,2.1,3.2,1.0,27.6,48.0,4.2,164.7
15,2016,30.9,10.0,78.6,6.0,7.4,2.6,57.2,122.2,12.3,327.2
16,2016,11.6,5.2,31.0,2.7,2.2,0.7,19.5,25.200000000000003,3.1,101.2
17,2016,41.7,26.8,163.8,39.9,35.6,5.7,120.7,211.60000000000002,29.9,675.6999999999999
18,2016,13.6,7.0,41.6,1.2,3.3,1.3,16.9,53.3,4.1,142.29999999999998
19,2016,8.5,3.7,27.4,2.4,4.4,1.1,13.8,32.7,3.6,97.6
20,2016,14.5,3.2,19.9,0.6,1.6,0.7,8.8,19.0,2.3,70.6
21,2016,5.6,1.5,22.4,2.1,2.1,0.7,15.2,29.6,4.7,83.90000000000002
22,2016,7.7,3.6,18.3,0.9,1.1,0.5,7.5,15.100000000000001,1.5,56.2
23,2016,41.8,16.6,256.6,60.5,61.1,9.9,225.1,202.2,32.2,906.0
24,2016,6.9,2.1,27.8,11.5,3.4,1.5,19.1,29.299999999999997,4.6,106.19999999999999
25,2016,16.9,5.1,47.4,3.1,5.8,1.3,24.0,63.4,5.6,172.6
26,2016,13.7,8.6,79.6,15.5,15.9,3.6,73.5,153.8,21.8,386.0
27,2016,9.6,4.9,28.8,4.9,2.3,1.0,31.3,40.4,3.1,126.29999999999998
28,2016,11.0,8.3,40.6,4.1,3.4,1.0,18.4,35.9,3.4,126.10000000000002
29,2016,53.2,27.5,190.4,16.3,23.0,6.1,135.5,190.4,19.7,662.1000000000001
30,2016,25.8,15.2,51.0,3.3,3.7,1.7,29.1,44.599999999999994,4.0,178.4
31,2016,8.1,2.2,12.9,0.2,0.6,0.3,4.7,10.9,0.7,40.60000000000001
32,2016,14.6,4.4,32.4,1.0,2.9,1.0,13.2,36.6,3.1,109.19999999999999
33,2016,37.9,11.9,85.5,4.9,7.1,2.0,58.1,82.2,7.1,296.70000000000005
34,2016,25.6,7.6,58.5,2.3,8.9,1.4,52.5,58.8,8.2,223.8
35,2016,44.3,17.4,84.6,8.6,8.6,2.1,50.1,85.60000000000001,8.4,309.69999999999993
36,2016,65.1,13.9,93.1,12.2,11.5,2.6,95.6,102.0,10.1,406.1
37,2016,22.1,3.3,41.3,1.3,2.1,0.6,30.8,41.1,3.2,145.79999999999998
38,2016,15.7,4.1,28.8,1.2,2.0,0.7,13.9,28.9,2.6,97.9
39,2016,30.8,7.1,64.9,6.5,7.7,2.4,47.5,83.8,7.0,257.70000000000005
40,2016,13.6,4.7,47.4,4.4,2.4,1.0,24.0,41.9,4.8,144.20000000000002
1,2017,0.0,1.7,0.0,0.4,0.6,0.0,6.3,0.5,1.1,10.6
2,2017,3.3,0.5,4.5,0.0,0.2,0.1,2.2,4.8,0.3,15.900000000000002
3,2017,15.5,5.7,37.5,7.5,3.7,1.5,42.0,80.19999999999999,5.1,198.7
4,2017,13.3,4.7,28.7,1.8,4.7,0.8,18.6,48.7,3.4,124.7
5,2017,7.9,1.9,13.9,0.5,0.8,0.4,6.9,15.5,1.9,49.7
6,2017,11.3,2.9,21.1,1.1,1.5,0.6,16.1,27.2,2.9,84.70000000000002
7,2017,6.5,2.6,18.7,0.9,2.0,0.5,9.8,29.8,2.8,73.6
8,2017,9.3,2.5,14.7,0.6,1.0,0.4,11.4,19.2,2.0,61.099999999999994
9,2017,6.8,1.8,13.5,1.0,1.9,0.3,13.6,20.3,1.5,60.7
10,2017,23.0,9.3,47.8,3.0,4.9,1.0,32.4,64.6,5.2,191.2
11,2017,8.5,3.0,17.4,2.4,1.3,0.6,22.3,20.8,2.3,78.6
12,2017,41.4,15.6,75.3,6.5,6.1,2.1,46.4,85.60000000000001,7.5,286.5
13,2017,34.3,16.9,83.7,7.7,12.1,2.3,52.6,105.2,11.3,326.1
14,2017,28.1,6.7,45.0,2.0,3.2,1.0,22.5,50.6,4.4,163.50000000000003
15,2017,29.3,10.2,80.4,6.2,7.0,2.5,61.4,123.30000000000001,12.2,332.50000000000006
16,2017,12.3,5.7,32.4,2.5,2.1,0.8,20.0,25.599999999999998,3.1,104.49999999999999
17,2017,42.8,27.0,169.7,42.3,35.1,6.0,134.9,217.8,31.1,706.7000000000002
18,2017,13.7,7.3,41.2,1.3,3.1,1.3,18.6,54.2,3.8,144.5
19,2017,8.4,3.8,28.4,2.2,4.0,0.9,13.3,34.3,3.7,99.0
20,2017,14.5,3.4,19.5,0.6,1.4,0.7,8.9,19.2,2.4,70.60000000000001
21,2017,4.8,1.6,24.1,2.1,2.1,0.8,14.8,29.3,4.9,84.5
22,2017,7.8,4.1,18.7,0.9,1.0,0.6,8.6,15.4,1.5,58.6
23,2017,41.8,17.9,266.7,65.8,60.3,10.3,233.5,205.2,33.6,935.1
24,2017,6.7,2.2,28.1,12.1,3.6,1.5,19.5,29.599999999999998,4.9,108.2
25,2017,15.9,5.2,50.3,3.1,5.3,1.3,24.7,64.5,5.8,176.10000000000002
26,2017,12.4,9.4,80.9,16.2,13.5,3.6,82.5,156.7,21.7,396.9
27,2017,9.2,5.2,30.6,5.4,2.3,1.0,35.4,41.0,3.4,133.5
28,2017,11.3,8.3,39.4,4.3,3.5,0.9,21.0,37.5,3.5,129.7
29,2017,53.7,27.5,194.0,17.9,22.1,6.1,138.1,194.1,20.6,674.1
30,2017,26.2,16.2,51.4,3.3,3.5,1.7,30.6,44.599999999999994,4.1,181.6
31,2017,8.2,2.3,12.9,0.2,0.7,0.3,5.1,11.2,0.7,41.599999999999994
32,2017,14.7,4.6,33.2,0.9,2.9,1.0,13.4,37.2,3.2,111.10000000000001
33,2017,0.0,0.0,87.0,5.5,6.9,2.0,65.1,83.7,7.2,257.4
34,2017,0.0,0.0,62.6,2.5,8.1,1.4,55.9,59.800000000000004,8.6,198.9
35,2017,45.6,18.2,86.3,8.8,8.5,2.0,52.5,87.5,8.6,318.0
36,2017,68.5,13.8,96.0,13.1,12.0,2.7,98.4,103.5,10.1,418.1
37,2017,22.4,3.3,43.1,1.3,2.0,0.6,34.6,40.699999999999996,3.3,151.29999999999998
38,2017,15.9,4.4,31.1,1.3,2.0,0.7,16.6,29.2,2.6,103.8
39,2017,31.5,7.4,66.4,5.8,8.0,2.2,50.2,83.7,7.4,262.59999999999997
40,2017,14.1,4.9,48.4,4.2,2.5,1.0,25.4,44.300000000000004,4.6,149.4
1,2018,0.0,1.7,0.0,0.5,0.7,0.0,5.9,0.4,1.1,10.3
2,2018,3.5,0.6,4.6,0.0,0.2,0.1,2.2,4.3,0.3,15.8
3,2018,15.8,6.2,40.8,7.2,3.5,1.6,40.3,83.2,5.7,204.29999999999998
4,2018,13.6,5.1,30.8,1.9,4.2,0.9,20.3,48.6,3.3,128.70000000000002
5,2018,8.0,2.0,15.3,0.6,0.8,0.3,6.7,16.1,1.9,51.7
6,2018,11.5,3.2,21.1,1.2,1.5,0.7,15.9,27.8,2.9,85.80000000000001
7,2018,6.8,2.6,18.0,1.1,2.1,0.6,9.6,31.6,2.7,75.10000000000001
8,2018,9.5,2.6,15.5,0.7,1.0,0.4,11.5,20.0,1.9,63.1
9,2018,6.8,2.1,14.3,1.0,2.0,0.3,14.7,20.9,1.4,63.5
10,2018,24.0,9.9,50.0,3.0,4.7,1.1,31.9,66.4,5.4,196.4
11,2018,8.9,3.1,17.6,2.5,1.3,0.6,23.2,21.2,2.3,80.7
12,2018,41.6,16.6,78.3,6.8,6.0,2.0,48.4,88.5,7.7,295.90000000000003
13,2018,35.1,18.1,86.3,8.2,11.2,2.4,52.6,107.4,11.6,332.9
14,2018,29.8,7.1,46.7,2.1,3.2,1.0,23.5,51.300000000000004,4.3,169.0
15,2018,30.1,10.3,83.1,6.1,7.1,2.6,64.5,126.6,12.5,342.9
16,2018,12.7,5.9,34.0,2.6,2.1,0.8,20.6,26.5,3.1,108.3
17,2018,43.2,27.5,175.0,46.6,34.8,6.1,136.5,224.2,31.6,725.5000000000001
18,2018,14.2,7.7,42.4,1.2,3.3,1.3,18.8,55.3,3.7,147.89999999999998
19,2018,9.0,3.9,28.3,2.2,3.8,0.9,12.8,34.9,3.7,99.50000000000001
20,2018,14.8,3.5,20.3,0.7,1.4,0.7,9.8,19.2,2.6,73.0
21,2018,4.7,1.5,24.7,2.4,2.1,0.7,15.0,30.400000000000002,5.1,86.6
22,2018,8.0,4.3,20.1,0.9,1.0,0.6,9.9,16.2,1.6,62.6
23,2018,43.7,18.4,274.7,68.2,62.7,10.4,248.7,207.5,34.9,969.1999999999999
24,2018,6.5,2.1,28.5,12.7,3.7,1.5,20.4,30.4,5.0,110.80000000000001
25,2018,16.2,5.5,50.4,3.3,5.3,1.3,24.3,65.6,6.1,177.99999999999997
26,2018,12.2,9.3,80.9,15.9,13.5,3.5,84.2,160.4,22.3,402.2
27,2018,10.0,5.3,31.6,5.7,2.2,1.0,35.3,42.1,3.3,136.50000000000003
28,2018,11.1,8.4,40.1,4.1,3.3,1.0,20.8,38.6,3.4,130.8
29,2018,54.2,28.6,199.5,18.5,22.2,6.3,144.5,198.9,21.1,693.8000000000001
30,2018,26.3,16.0,52.9,3.5,3.7,1.7,33.0,46.0,4.1,187.2
31,2018,8.2,2.5,13.2,0.3,0.7,0.3,5.7,11.2,0.7,42.8
32,2018,14.8,4.9,34.4,1.0,2.9,1.0,14.4,39.2,3.0,115.60000000000001
33,2018,0.0,0.0,89.9,5.7,6.6,2.0,64.2,86.5,7.3,262.2
34,2018,0.0,0.0,65.3,2.7,8.2,1.4,55.7,60.699999999999996,9.2,203.2
35,2018,46.2,19.1,90.7,9.1,8.4,2.0,54.1,88.7,8.6,326.90000000000003
36,2018,71.5,14.5,98.6,13.4,12.0,2.8,95.5,105.7,10.4,424.4
37,2018,22.9,3.6,44.6,1.4,1.9,0.6,36.6,40.7,3.4,155.70000000000002
38,2018,16.2,4.3,31.6,1.3,2.1,0.7,16.6,30.4,2.7,105.90000000000002
39,2018,33.2,7.3,67.4,5.5,7.7,2.1,49.2,84.8,7.7,264.9
40,2018,14.2,5.5,50.6,4.0,2.4,1.0,30.0,44.7,4.6,157.0
1,2019,8.1,2.0,10.3,0.5,0.6,0.3,6.1,17.5,1.0,46.4
2,2019,3.5,0.5,4.7,0.0,0.2,0.1,2.3,4.3,0.3,15.899999999999999
3,2019,15.8,6.4,41.2,7.4,3.8,1.6,38.5,85.8,5.2,205.7
4,2019,13.8,5.2,31.1,1.9,4.3,1.0,19.8,49.1,3.3,129.5
5,2019,8.3,2.2,15.3,0.5,0.8,0.3,6.2,16.3,2.5,52.400000000000006
6,2019,12.3,3.4,21.6,1.2,1.5,0.7,16.8,29.2,2.9,89.60000000000002
7,2019,7.1,2.8,18.6,1.1,2.1,0.6,9.6,32.0,2.7,76.60000000000001
8,2019,9.5,2.8,15.7,0.7,1.0,0.4,11.0,20.7,2.0,63.8
9,2019,7.0,2.3,14.8,1.0,2.1,0.3,14.8,21.099999999999998,1.3,64.7
10,2019,24.0,10.5,51.7,3.1,3.7,1.0,32.5,67.5,5.7,199.7
11,2019,8.6,3.0,17.9,2.6,1.3,0.6,13.2,21.6,2.5,71.30000000000001
12,2019,42.5,17.0,79.2,6.8,6.1,2.0,48.0,90.60000000000001,7.3,299.5
13,2019,35.5,18.9,87.6,8.4,8.6,2.6,58.0,112.7,11.9,344.2
14,2019,29.9,7.5,48.1,1.8,3.2,1.0,22.6,53.1,4.3,171.5
15,2019,30.8,10.4,83.3,6.7,7.4,2.8,65.5,129.7,12.5,349.1
16,2019,13.2,6.2,33.7,2.5,2.1,0.8,21.7,27.6,2.9,110.70000000000002
17,2019,44.5,30.3,180.6,47.5,35.6,6.5,139.6,233.39999999999998,32.6,750.6
18,2019,14.5,7.6,42.9,1.1,3.5,1.3,18.4,57.0,3.7,149.99999999999997
19,2019,8.8,4.1,29.2,2.4,3.7,0.9,12.7,36.3,3.7,101.8
20,2019,14.9,3.6,20.5,0.7,1.4,0.7,9.1,19.900000000000002,2.6,73.4
21,2019,4.4,1.4,24.4,2.4,2.1,0.7,13.3,31.8,4.8,85.3
22,2019,7.8,3.9,20.3,1.0,1.0,0.6,10.2,17.0,1.6,63.4
23,2019,44.6,19.9,281.5,72.3,65.0,11.2,256.4,212.2,36.6,999.6999999999999
24,2019,6.6,2.1,28.7,13.0,3.4,1.5,20.6,31.3,4.9,112.10000000000001
25,2019,15.8,5.9,50.5,3.6,4.6,1.3,25.9,67.8,6.0,181.39999999999998
26,2019,11.8,9.4,81.9,15.9,16.1,3.7,85.2,165.0,22.6,411.6
27,2019,10.8,5.1,32.6,5.8,2.2,1.1,35.5,42.7,3.3,139.10000000000002
28,2019,11.0,8.3,40.2,4.4,3.5,1.1,20.9,39.5,3.6,132.5
29,2019,55.3,29.1,201.0,19.7,22.5,6.2,141.8,205.9,20.7,702.2
30,2019,24.8,14.4,50.5,3.4,3.5,1.6,31.0,44.6,3.9,177.7
31,2019,8.3,2.5,13.3,0.3,0.7,0.3,5.7,11.7,0.7,43.5
32,2019,15.0,5.2,34.2,1.2,2.9,0.9,13.6,40.699999999999996,3.0,116.69999999999999
33,2019,38.7,13.0,91.1,5.7,6.6,2.0,63.0,89.0,7.5,316.6
34,2019,26.5,9.0,67.3,2.9,6.8,1.5,60.9,63.3,9.3,247.5
35,2019,47.5,19.7,91.2,9.3,8.3,2.1,54.1,92.30000000000001,9.3,333.8
36,2019,76.4,14.8,99.7,13.7,12.1,2.8,93.4,108.60000000000001,10.0,431.5
37,2019,22.2,3.8,44.6,1.4,2.4,0.6,29.2,41.4,3.5,149.1
38,2019,15.9,4.6,31.4,1.2,2.0,0.7,17.0,31.5,2.6,106.9
39,2019,32.4,7.5,67.6,5.2,7.7,2.1,47.9,87.5,8.0,265.9
40,2019,14.9,5.4,50.1,4.0,2.3,1.0,31.3,47.3,4.6,160.9
1,2020,7.9,2.1,10.4,0.6,0.6,0.3,5.5,17.799999999999997,1.0,46.2
2,2020,3.6,0.6,4.9,0.0,0.2,0.1,1.8,4.4,0.2,15.8
3,2020,16.1,6.6,38.9,7.2,4.0,1.7,35.2,88.7,4.8,203.20000000000002
4,2020,13.8,5.5,29.6,2.0,4.8,0.9,19.4,51.599999999999994,3.2,130.79999999999998
5,2020,8.2,2.1,14.7,0.5,0.8,0.3,6.3,16.2,2.4,51.49999999999999
6,2020,12.2,3.6,21.5,1.2,1.5,0.6,14.7,29.400000000000002,2.8,87.5
7,2020,6.7,2.8,18.6,1.1,2.1,0.6,10.9,32.3,2.5,77.6
8,2020,9.6,2.9,15.5,0.7,0.9,0.4,9.4,20.9,1.8,62.099999999999994
9,2020,7.0,2.4,14.5,1.0,2.2,0.4,13.3,21.3,1.2,63.3
10,2020,23.8,11.0,49.8,3.2,4.1,1.2,32.8,68.6,5.1,199.6
11,2020,8.7,3.1,16.1,2.7,1.2,0.6,12.2,22.400000000000002,2.3,69.3
12,2020,42.3,17.2,75.9,7.2,6.2,2.1,46.0,93.5,6.5,296.9
13,2020,35.1,19.5,85.1,8.3,10.2,2.4,54.0,116.2,10.3,341.1
14,2020,30.0,7.6,46.4,2.0,3.1,1.0,21.0,54.1,3.8,169.0
15,2020,31.5,10.5,80.1,6.8,8.1,2.8,60.5,131.89999999999998,11.5,343.7
16,2020,13.2,6.6,33.0,2.7,2.1,0.8,21.0,29.2,2.5,111.10000000000001
17,2020,44.7,30.9,174.2,48.4,39.7,6.2,134.7,242.1,31.8,752.6999999999999
18,2020,14.7,7.7,41.4,1.2,3.4,1.3,16.5,58.599999999999994,3.2,148.0
19,2020,9.0,4.3,28.8,2.5,3.9,1.1,12.2,36.6,3.3,101.7
20,2020,14.6,3.4,20.5,0.7,1.2,0.7,8.3,20.400000000000002,2.3,72.10000000000001
21,2020,4.5,1.5,23.1,2.7,2.2,0.7,11.8,32.9,4.3,83.7
22,2020,7.7,3.7,19.7,1.0,1.0,0.6,10.1,17.7,1.6,63.1
23,2020,43.6,20.1,250.8,71.9,64.7,11.2,228.7,217.1,33.7,941.8000000000001
24,2020,6.4,2.1,26.9,13.4,3.7,1.6,15.6,32.3,4.2,106.2
25,2020,16.1,5.9,47.4,4.1,5.1,1.3,26.5,69.10000000000001,5.4,180.9
26,2020,11.4,9.4,76.4,16.8,15.5,3.7,82.8,171.5,22.1,409.6
27,2020,11.5,5.1,31.9,5.9,2.2,1.1,34.5,44.3,2.9,139.4
28,2020,10.8,8.3,39.1,4.7,3.5,1.1,19.7,40.2,3.2,130.6
29,2020,54.4,29.5,193.9,21.0,22.7,6.2,131.8,212.6,18.3,690.4
30,2020,22.1,14.5,49.3,3.2,3.5,1.5,30.1,47.0,3.7,174.9
31,2020,8.1,2.4,12.4,0.3,0.7,0.3,5.2,11.9,0.7,42.0
32,2020,14.8,5.4,32.8,1.2,2.8,1.1,12.4,42.0,2.7,115.2
33,2020,38.1,13.2,87.0,6.1,6.4,2.1,55.2,90.80000000000001,6.9,305.8
34,2020,26.1,9.0,67.2,3.1,7.3,1.5,52.2,65.7,8.5,240.60000000000002
35,2020,47.0,19.9,87.8,9.6,8.2,2.2,50.5,94.2,8.3,327.7
36,2020,78.0,15.4,95.2,13.8,12.4,2.7,81.6,111.0,9.1,419.20000000000005
37,2020,21.4,3.8,42.8,1.5,2.0,0.8,26.2,43.300000000000004,3.1,144.9
38,2020,15.7,4.8,28.8,1.3,2.1,0.7,15.6,32.6,2.4,104.0
39,2020,31.6,8.0,63.1,5.3,7.0,2.2,46.9,89.8,7.2,261.09999999999997
40,2020,14.9,5.4,49.8,4.0,2.5,1.0,30.1,48.699999999999996,4.3,160.7
1,2021,8.1,2.2,10.6,0.6,0.6,0.4,5.0,18.5,1.1,47.1
2,2021,3.6,0.6,5.2,0.1,0.2,0.1,2.1,4.8,0.2,16.9
3,2021,15.6,6.9,41.3,7.6,4.2,1.7,37.7,91.7,5.0,211.7
4,2021,13.9,5.8,31.6,2.0,4.8,0.9,22.1,52.2,3.3,136.60000000000002
5,2021,8.4,2.1,15.1,0.5,0.8,0.2,6.5,16.7,2.4,52.699999999999996
6,2021,12.1,3.8,22.5,1.3,1.7,0.6,14.4,30.5,2.7,89.60000000000001
7,2021,6.6,2.8,19.3,1.0,2.1,0.6,11.9,34.8,2.5,81.6
8,2021,9.5,3.1,16.0,0.7,1.0,0.4,9.5,21.200000000000003,1.9,63.300000000000004
9,2021,7.2,2.4,14.6,1.1,2.2,0.3,14.3,22.099999999999998,1.2,65.4
10,2021,25.5,11.4,52.3,3.7,3.9,1.1,33.5,70.39999999999999,5.2,206.99999999999994
11,2021,8.8,3.2,17.4,3.0,1.2,0.6,12.4,23.5,2.5,72.6
12,2021,41.6,17.9,80.3,8.1,6.4,2.1,50.0,96.1,7.2,309.7
13,2021,35.9,20.0,88.0,8.7,10.2,2.5,54.6,118.4,10.9,349.19999999999993
14,2021,30.3,7.5,47.8,1.9,3.0,1.1,22.4,56.0,3.8,173.8
15,2021,31.5,10.8,83.2,7.4,8.8,2.7,65.3,136.39999999999998,12.0,358.09999999999997
16,2021,13.5,7.2,34.7,2.5,2.2,0.9,20.6,29.4,2.5,113.5
17,2021,44.0,31.5,183.6,53.1,41.1,6.4,136.6,248.5,33.3,778.1
18,2021,15.1,8.1,42.2,1.3,3.3,1.4,16.9,59.5,3.4,151.20000000000002
19,2021,9.0,4.2,29.0,2.6,4.1,1.0,13.8,37.0,3.3,104.0
20,2021,14.8,3.5,21.1,0.7,1.2,0.8,8.3,21.0,2.3,73.7
21,2021,4.4,1.5,23.0,3.1,2.2,0.8,13.3,33.300000000000004,4.4,86.0
22,2021,7.5,4.0,20.1,0.9,1.0,0.6,9.9,18.0,1.5,63.5
23,2021,44.5,20.8,266.7,79.1,67.2,11.4,248.1,224.5,36.6,998.9
24,2021,6.3,2.0,27.8,13.9,3.9,1.7,15.1,32.400000000000006,4.6,107.7
25,2021,17.0,6.0,48.8,4.3,4.9,1.4,27.0,69.5,5.4,184.3
26,2021,11.2,9.5,81.0,16.5,14.6,3.9,85.0,176.4,23.1,421.20000000000005
27,2021,11.6,5.4,33.3,5.8,2.2,1.1,33.6,45.4,2.9,141.3
28,2021,10.5,8.5,39.9,4.8,3.4,1.1,19.4,41.900000000000006,3.4,132.9
29,2021,54.6,29.1,200.8,21.7,23.1,6.4,141.6,217.79999999999998,19.0,714.0999999999999
30,2021,22.0,14.6,51.0,3.4,3.6,1.4,34.0,48.5,3.6,182.1
31,2021,8.4,2.4,12.8,0.2,0.7,0.3,5.1,12.2,0.7,42.8
32,2021,14.7,6.1,34.3,1.3,2.8,0.9,13.5,42.7,2.9,119.2
33,2021,38.3,13.1,89.9,6.6,6.3,2.2,58.5,92.60000000000001,7.1,314.6
34,2021,26.6,9.4,70.0,3.3,7.4,1.5,57.5,69.0,8.9,253.6
35,2021,47.7,21.1,90.2,10.3,8.3,2.2,52.3,95.0,8.7,335.8
36,2021,82.3,15.8,98.5,14.3,12.5,2.9,86.6,113.6,9.5,436.0
37,2021,21.4,3.8,44.7,1.6,2.2,0.8,28.6,43.8,3.3,150.2
38,2021,15.9,4.9,28.9,1.2,1.9,0.8,13.8,32.6,2.5,102.5
39,2021,30.9,7.7,64.9,5.3,6.9,2.2,51.7,92.5,7.5,269.6
40,2021,15.6,5.6,51.9,4.1,2.6,1.0,32.3,49.8,4.4,167.29999999999998
1,2022,8.1,2.2,11.4,0.5,0.6,0.4,5.2,18.5,1.0,47.900000000000006
2,2022,2.8,0.7,5.1,0.1,0.2,0.1,1.8,5.3,0.3,16.4
3,2022,16.0,6.6,43.9,7.9,4.2,1.8,37.3,93.4,5.3,216.40000000000003
4,2022,14.3,6.0,33.2,2.1,4.7,0.9,20.9,53.199999999999996,3.5,138.79999999999998
5,2022,8.3,2.3,16.0,0.5,1.0,0.2,6.4,17.099999999999998,1.9,53.699999999999996
6,2022,12.3,4.1,23.3,1.4,1.6,0.7,13.6,31.099999999999998,2.8,90.9
7,2022,6.4,3.0,19.2,1.1,2.2,0.6,11.8,35.199999999999996,2.7,82.2
8,2022,9.4,3.3,16.5,0.6,1.0,0.4,10.1,22.5,2.0,65.8
9,2022,7.6,2.4,15.0,1.2,2.3,0.3,15.0,22.1,1.3,67.2
10,2022,26.2,11.8,54.3,3.7,4.3,1.3,31.7,72.2,5.7,211.2
11,2022,8.9,3.2,18.2,3.4,1.3,0.6,12.7,23.2,2.6,74.1
12,2022,42.8,18.3,84.3,8.5,6.6,2.2,51.3,97.5,7.3,318.79999999999995
13,2022,36.1,20.3,92.4,8.7,10.7,2.5,57.0,120.30000000000001,11.5,359.5
14,2022,31.0,7.7,51.2,1.9,3.2,1.0,21.6,56.5,4.1,178.20000000000002
15,2022,33.0,11.3,86.5,7.8,8.1,2.8,69.3,137.7,12.7,369.2
16,2022,13.3,6.7,37.1,2.5,2.5,0.8,21.4,29.799999999999997,2.5,116.6
17,2022,44.9,32.4,191.2,56.3,42.3,6.5,141.0,253.8,34.6,803.0000000000001
18,2022,15.3,8.0,43.2,1.3,3.5,1.4,16.8,59.5,3.7,152.7
19,2022,9.1,4.4,30.4,2.8,3.9,1.0,14.3,37.0,3.5,106.39999999999999
20,2022,15.1,3.5,21.8,0.7,1.5,0.8,8.4,21.5,2.5,75.80000000000001
21,2022,5.4,1.5,23.0,3.5,2.2,0.7,13.6,32.9,4.6,87.4
22,2022,8.0,4.0,21.1,0.9,1.0,0.6,8.4,18.5,1.8,64.3
23,2022,45.6,21.7,283.6,85.1,71.3,11.5,259.4,228.79999999999998,38.1,1045.1
24,2022,6.3,2.1,29.3,14.5,4.0,1.8,15.3,32.300000000000004,4.8,110.39999999999999
25,2022,17.2,5.9,49.4,4.3,5.1,1.4,29.6,69.9,5.7,188.5
26,2022,11.7,9.7,83.2,16.9,15.9,3.9,87.7,184.0,24.0,437.0
27,2022,11.3,5.7,35.4,6.2,2.2,1.1,33.7,45.599999999999994,3.3,144.5
28,2022,10.8,9.2,41.6,4.7,3.4,1.1,19.0,42.2,3.5,135.5
29,2022,53.5,29.8,208.5,23.4,22.0,6.2,146.1,221.4,20.3,731.1999999999999
30,2022,22.4,15.2,52.3,3.5,3.6,1.4,37.1,49.5,3.6,188.6
31,2022,9.8,2.4,13.4,0.3,0.7,0.3,4.3,12.1,0.8,44.1
32,2022,14.8,6.1,35.5,1.3,2.9,1.0,14.9,43.0,2.9,122.4
33,2022,38.0,13.0,93.2,7.5,6.7,2.2,58.0,94.7,7.2,320.49999999999994
34,2022,26.9,9.9,72.0,3.5,7.3,1.6,56.9,70.39999999999999,9.6,258.1
35,2022,49.1,21.3,94.2,11.3,8.6,2.3,54.4,96.8,8.8,346.80000000000007
36,2022,85.6,16.2,101.8,14.6,12.8,3.0,88.4,116.4,9.8,448.59999999999997
37,2022,21.4,3.8,47.7,1.6,2.4,0.8,30.1,44.099999999999994,3.7,155.6
38,2022,16.1,4.8,30.9,1.2,2.0,0.7,13.3,33.0,2.6,104.6
39,2022,30.8,7.9,68.2,5.4,7.1,2.2,47.8,94.1,8.2,271.7
40,2022,16.2,6.4,53.2,4.1,2.8,0.9,31.7,50.9,5.0,171.20000000000002
1,2023,7.5,2.5,11.5,0.3,0.6,0.4,5.3,18.5,1.1,47.7
2,2023,2.8,0.7,4.6,0.1,0.1,0.1,2.2,4.9,0.3,15.799999999999999
3,2023,16.2,6.9,44.5,7.9,3.7,1.9,36.6,95.0,5.2,217.9
4,2023,14.4,6.1,33.4,2.0,4.3,1.0,18.6,53.6,3.6,137.0
5,2023,8.4,2.3,15.6,0.5,0.8,0.3,6.1,17.5,1.9,53.4
6,2023,12.6,4.3,24.0,1.4,1.9,0.8,13.6,31.2,2.8,92.6
7,2023,6.6,3.2,19.3,1.3,2.5,0.6,10.5,36.699999999999996,2.9,83.60000000000001
8,2023,9.9,3.1,17.1,0.6,1.1,0.4,10.0,21.1,1.9,65.2
9,2023,7.8,2.7,15.6,1.1,2.2,0.3,14.1,24.400000000000002,1.3,69.5
10,2023,25.6,11.7,55.4,3.8,4.2,1.3,28.0,73.5,6.1,209.6
11,2023,8.8,3.3,18.5,3.3,1.4,0.6,12.8,23.200000000000003,2.7,74.60000000000001
12,2023,43.5,18.2,84.5,8.9,6.7,2.2,46.5,101.5,7.6,319.6
13,2023,37.0,21.2,94.1,8.7,10.9,2.5,54.7,123.6,11.7,364.40000000000003
14,2023,31.1,7.8,50.0,1.9,3.2,1.0,21.4,57.2,4.3,177.90000000000003
15,2023,33.2,11.5,87.1,8.0,8.2,2.8,65.6,139.6,12.7,368.7
16,2023,13.5,6.9,37.1,2.5,2.5,0.9,21.9,30.0,2.5,117.8
17,2023,45.8,31.4,194.4,58.1,46.1,7.2,137.1,262.7,37.1,819.9
18,2023,15.8,7.9,43.7,1.2,3.6,1.4,16.9,61.199999999999996,3.7,155.39999999999998
19,2023,9.5,4.4,30.2,2.8,3.8,1.0,13.9,38.3,3.9,107.8
20,2023,15.6,3.5,20.0,0.7,1.7,0.8,8.6,21.900000000000002,2.4,75.20000000000002
21,2023,5.2,1.4,23.8,3.3,2.1,0.8,13.4,33.1,3.8,86.89999999999999
22,2023,7.9,3.9,21.1,0.9,1.0,0.7,8.5,19.1,1.9,65.00000000000001
23,2023,48.9,21.9,294.4,88.3,74.3,11.9,256.4,234.20000000000002,39.5,1069.8
24,2023,4.5,2.0,27.1,13.4,3.7,1.5,14.7,30.8,4.5,102.2
25,2023,17.3,5.9,50.8,4.1,4.9,1.5,31.2,71.0,5.8,192.5
26,2023,11.5,9.6,84.5,17.2,14.9,4.1,82.6,190.5,24.0,438.9
27,2023,11.5,5.4,35.2,6.4,2.2,1.2,34.2,47.3,3.2,146.6
28,2023,11.3,9.6,41.4,4.4,3.4,1.1,19.8,42.8,3.3,137.10000000000002
29,2023,54.6,30.6,210.3,23.1,23.6,6.1,141.9,224.8,20.1,735.1
30,2023,22.4,15.3,52.3,3.7,3.7,1.5,37.8,50.6,3.7,190.99999999999997
31,2023,9.7,2.3,13.4,0.3,0.6,0.3,3.6,12.3,0.8,43.3
32,2023,14.8,6.2,36.3,1.5,3.0,1.0,14.8,43.8,3.1,124.49999999999999
33,2023,37.8,13.3,94.1,7.0,6.8,2.2,57.8,97.7,7.3,324.0
34,2023,27.0,10.0,72.3,3.5,7.6,1.7,50.7,72.0,10.2,255.0
35,2023,49.2,21.4,96.4,11.1,8.6,2.4,52.6,100.7,9.1,351.5
36,2023,89.3,16.6,104.0,14.7,12.6,3.3,87.9,118.5,9.9,456.79999999999995
37,2023,21.5,4.1,48.3,1.5,2.1,0.8,27.3,43.9,3.8,153.3
38,2023,16.0,5.2,31.4,1.3,2.0,0.8,12.4,34.300000000000004,2.7,106.10000000000001
39,2023,30.7,8.0,69.2,5.3,7.5,2.2,44.8,95.39999999999999,8.1,271.2
40,2023,16.4,6.3,53.8,4.5,2.6,1.0,31.1,51.6,5.1,172.39999999999998
1,2024,7.6,2.5,11.6,0.3,0.3,0.4,5.2,19.200000000000003,1.0,48.1
2,2024,2.8,0.7,4.5,0.1,0.1,0.1,1.9,4.7,0.3,15.2
3,2024,16.0,7.5,44.3,7.8,3.5,1.9,35.5,97.6,5.4,219.5
4,2024,14.0,6.2,33.2,2.0,4.0,1.0,17.2,53.7,3.7,135.0
5,2024,8.5,2.5,16.1,0.5,0.4,0.3,6.3,17.6,2.1,54.300000000000004
6,2024,12.4,4.3,23.8,1.4,1.7,0.8,13.8,31.6,2.9,92.70000000000002
7,2024,7.0,3.3,19.6,1.3,1.9,0.7,10.7,37.5,3.1,85.1
8,2024,9.9,3.2,17.3,0.6,0.5,0.4,10.9,21.3,2.1,66.2
9,2024,7.7,2.8,15.5,1.1,1.6,0.4,14.1,24.3,1.3,68.8
10,2024,26.2,12.2,57.4,3.9,3.3,1.4,27.2,75.5,5.7,212.79999999999998
11,2024,8.7,3.3,18.9,3.3,0.6,0.7,12.9,24.2,2.7,75.3
12,2024,44.0,19.1,85.8,8.2,4.9,2.3,46.6,101.8,7.6,320.3
13,2024,36.8,22.0,93.8,9.0,9.2,2.8,55.5,126.89999999999999,12.2,368.2
14,2024,30.9,8.1,49.7,1.9,1.5,1.1,20.3,58.300000000000004,4.2,176.0
15,2024,34.0,11.8,87.7,8.7,6.0,3.0,67.3,141.70000000000002,13.3,373.50000000000006
16,2024,13.9,7.0,37.3,2.6,1.4,1.0,22.2,30.1,2.5,118.0
17,2024,45.8,31.4,199.0,58.7,44.5,7.3,138.4,271.9,38.9,835.9
18,2024,15.9,8.2,43.7,1.3,1.8,1.6,17.0,63.1,3.7,156.29999999999998
19,2024,9.6,4.5,30.2,2.7,3.0,1.2,14.7,39.7,3.9,109.50000000000001
20,2024,15.5,3.4,20.4,0.9,0.8,0.8,8.4,22.8,2.5,75.49999999999999
21,2024,5.2,1.4,24.0,3.2,1.1,0.9,13.8,33.2,3.8,86.60000000000001
22,2024,8.0,3.9,21.3,0.9,0.7,0.7,8.9,19.099999999999998,1.9,65.4
23,2024,50.3,22.9,299.4,85.1,69.6,12.6,260.9,237.60000000000002,40.8,1079.2
24,2024,4.6,2.1,26.2,13.6,2.3,1.6,13.9,31.3,4.7,100.3
25,2024,18.3,6.1,51.9,4.4,3.7,1.7,29.1,72.4,6.0,193.60000000000002
26,2024,11.6,10.7,85.0,17.9,12.8,4.4,81.7,196.8,24.2,445.1
27,2024,11.8,5.5,34.4,6.4,1.2,1.3,36.4,48.6,3.3,148.9
28,2024,11.4,9.7,41.4,4.8,2.1,1.3,20.2,43.199999999999996,3.5,137.6
29,2024,55.8,30.6,212.5,22.6,17.9,6.7,146.5,230.9,20.7,744.2
30,2024,22.6,15.9,52.3,3.9,2.2,1.6,36.7,50.4,3.8,189.4
31,2024,9.9,2.4,13.2,0.3,0.4,0.3,3.9,12.5,0.7,43.6
32,2024,14.9,6.3,36.7,1.5,1.7,1.1,15.2,43.9,3.3,124.60000000000001
33,2024,37.5,13.6,94.8,7.5,4.3,2.5,58.6,101.5,7.5,327.8
34,2024,26.7,10.1,71.5,3.4,7.3,1.8,50.4,72.8,10.2,254.2
35,2024,49.3,21.9,98.1,11.6,5.2,2.6,54.4,102.0,9.4,354.49999999999994
36,2024,90.3,17.1,105.0,13.7,9.9,3.6,85.3,120.9,10.0,455.79999999999995
37,2024,21.1,4.2,48.1,1.5,0.9,1.1,28.3,44.199999999999996,3.9,153.3
38,2024,15.8,5.4,31.4,1.3,1.3,0.8,12.0,34.8,3.0,105.8
39,2024,28.1,7.7,69.5,5.1,6.3,2.2,43.8,97.2,8.1,268.0
40,2024,18.0,5.6,53.5,4.2,1.3,1.1,32.3,53.1,5.3,174.4
