ZE2020,target_year,node_idx,side_establishment_creations_official,side_enterprise_creations_official,side_lag_1,growth_1y,has_flores_source,has_side_stock_source,has_urssaf_source,feature_forecast_safe,is_covid_year,is_post_covid_rebound,side_stock_total_t_minus_1
1,2015,0,885.0,885.0,,,0,0,0,1,0,0,
2,2015,1,300.0,300.0,,,0,0,0,1,0,0,
3,2015,2,3470.0,3470.0,,,0,0,0,1,0,0,
4,2015,3,2565.0,2565.0,,,0,0,0,1,0,0,
5,2015,4,1090.0,1090.0,,,0,0,0,1,0,0,
6,2015,5,1465.0,1465.0,,,0,0,0,1,0,0,
7,2015,6,1430.0,1430.0,,,0,0,0,1,0,0,
8,2015,7,1215.0,1215.0,,,0,0,0,1,0,0,
9,2015,8,1030.0,1030.0,,,0,0,0,1,0,0,
10,2015,9,2960.0,2960.0,,,0,0,0,1,0,0,
11,2015,10,1240.0,1240.0,,,0,0,0,1,0,0,
12,2015,11,5090.0,5090.0,,,0,0,0,1,0,0,
13,2015,12,5905.0,5905.0,,,0,0,0,1,0,0,
14,2015,13,3110.0,3110.0,,,0,0,0,1,0,0,
15,2015,14,6680.0,6680.0,,,0,0,0,1,0,0,
16,2015,15,2120.0,2120.0,,,0,0,0,1,0,0,
17,2015,16,14625.0,14625.0,,,0,0,0,1,0,0,
18,2015,17,3030.0,3030.0,,,0,0,0,1,0,0,
19,2015,18,2275.0,2275.0,,,0,0,0,1,0,0,
20,2015,19,1630.0,1630.0,,,0,0,0,1,0,0,
21,2015,20,2945.0,2945.0,,,0,0,0,1,0,0,
22,2015,21,1455.0,1455.0,,,0,0,0,1,0,0,
23,2015,22,21365.0,21365.0,,,0,0,0,1,0,0,
24,2015,23,3120.0,3120.0,,,0,0,0,1,0,0,
25,2015,24,3850.0,3850.0,,,0,0,0,1,0,0,
26,2015,25,9880.0,9880.0,,,0,0,0,1,0,0,
27,2015,26,2140.0,2140.0,,,0,0,0,1,0,0,
28,2015,27,2885.0,2885.0,,,0,0,0,1,0,0,
29,2015,28,13805.0,13805.0,,,0,0,0,1,0,0,
30,2015,29,3400.0,3400.0,,,0,0,0,1,0,0,
31,2015,30,800.0,800.0,,,0,0,0,1,0,0,
32,2015,31,2135.0,2135.0,,,0,0,0,1,0,0,
33,2015,32,5635.0,5635.0,,,0,0,0,1,0,0,
34,2015,33,4140.0,4140.0,,,0,0,0,1,0,0,
35,2015,34,6110.0,6110.0,,,0,0,0,1,0,0,
36,2015,35,6930.0,6930.0,,,0,0,0,1,0,0,
37,2015,36,1975.0,1975.0,,,0,0,0,1,0,0,
38,2015,37,1790.0,1790.0,,,0,0,0,1,0,0,
39,2015,38,4355.0,4355.0,,,0,0,0,1,0,0,
40,2015,39,4140.0,4140.0,,,0,0,0,1,0,0,
1,2016,0,915.0,915.0,885.0,0.0338983050847457,0,0,0,1,0,0,11030.0
2,2016,1,270.0,270.0,300.0,-0.1,0,0,0,1,0,0,3390.0
3,2016,2,3540.0,3540.0,3470.0,0.0201729106628242,0,0,0,1,0,0,33995.0
4,2016,3,2445.0,2445.0,2565.0,-0.0467836257309941,0,0,0,1,0,0,28565.0
5,2016,4,1075.0,1075.0,1090.0,-0.0137614678899082,0,0,0,1,0,0,14625.0
6,2016,5,1310.0,1310.0,1465.0,-0.1058020477815699,0,0,0,1,0,0,17270.0
7,2016,6,1465.0,1465.0,1430.0,0.0244755244755244,0,0,0,1,0,0,16395.0
8,2016,7,1175.0,1175.0,1215.0,-0.0329218106995884,0,0,0,1,0,0,13950.0
9,2016,8,1020.0,1020.0,1030.0,-0.0097087378640776,0,0,0,1,0,0,12150.0
10,2016,9,2930.0,2930.0,2960.0,-0.0101351351351351,0,0,0,1,0,0,32970.0
11,2016,10,1230.0,1230.0,1240.0,-0.0080645161290322,0,0,0,1,0,0,13025.0
12,2016,11,4850.0,4850.0,5090.0,-0.0471512770137524,0,0,0,1,0,0,53330.0
13,2016,12,5775.0,5775.0,5905.0,-0.0220152413209144,0,0,0,1,0,0,63830.0
14,2016,13,3105.0,3105.0,3110.0,-0.0016077170418006,0,0,0,1,0,0,37825.0
15,2016,14,6970.0,6970.0,6680.0,0.0434131736526946,0,0,0,1,0,0,65045.0
16,2016,15,2110.0,2110.0,2120.0,-0.0047169811320754,0,0,0,1,0,0,26420.0
17,2016,16,14525.0,14525.0,14625.0,-0.0068376068376068,0,0,0,1,0,0,136440.0
18,2016,17,2985.0,2985.0,3030.0,-0.0148514851485148,0,0,0,1,0,0,35420.0
19,2016,18,2305.0,2305.0,2275.0,0.0131868131868131,0,0,0,1,0,0,23220.0
20,2016,19,1705.0,1705.0,1630.0,0.0460122699386503,0,0,0,1,0,0,16775.0
21,2016,20,3010.0,3010.0,2945.0,0.0220713073005093,0,0,0,1,0,0,26195.0
22,2016,21,1705.0,1705.0,1455.0,0.1718213058419244,0,0,0,1,0,0,14380.0
23,2016,22,23355.0,23355.0,21365.0,0.093142990872923,0,0,0,1,0,0,171745.0
24,2016,23,3165.0,3165.0,3120.0,0.0144230769230769,0,0,0,1,0,0,32400.0
25,2016,24,3955.0,3955.0,3850.0,0.0272727272727272,0,0,0,1,0,0,37690.0
26,2016,25,10720.0,10720.0,9880.0,0.0850202429149797,0,0,0,1,0,0,79460.0
27,2016,26,2280.0,2280.0,2140.0,0.0654205607476635,0,0,0,1,0,0,22600.0
28,2016,27,2950.0,2950.0,2885.0,0.022530329289428,0,0,0,1,0,0,30755.0
29,2016,28,14510.0,14510.0,13805.0,0.0510684534588917,0,0,0,1,0,0,123870.0
30,2016,29,3340.0,3340.0,3400.0,-0.0176470588235294,0,0,0,1,0,0,34565.0
31,2016,30,725.0,725.0,800.0,-0.09375,0,0,0,1,0,0,9095.0
32,2016,31,2140.0,2140.0,2135.0,0.0023419203747072,0,0,0,1,0,0,25805.0
33,2016,32,5650.0,5650.0,5635.0,0.0026619343389529,0,0,0,1,0,0,60050.0
34,2016,33,4305.0,4305.0,4140.0,0.0398550724637681,0,0,0,1,0,0,44565.0
35,2016,34,5960.0,5960.0,6110.0,-0.0245499181669394,0,0,0,1,0,0,66555.0
36,2016,35,7170.0,7170.0,6930.0,0.0346320346320346,0,0,0,1,0,0,73650.0
37,2016,36,1965.0,1965.0,1975.0,-0.0050632911392405,0,0,0,1,0,0,23625.0
38,2016,37,1835.0,1835.0,1790.0,0.0251396648044692,0,0,0,1,0,0,21230.0
39,2016,38,4430.0,4430.0,4355.0,0.0172215843857634,0,0,0,1,0,0,46280.0
40,2016,39,4320.0,4320.0,4140.0,0.0434782608695652,0,0,0,1,0,0,37165.0
1,2017,0,845.0,845.0,915.0,-0.0765027322404371,0,0,0,1,0,0,11325.0
2,2017,1,225.0,225.0,270.0,-0.1666666666666666,0,0,0,1,0,0,3510.0
3,2017,2,3530.0,3530.0,3540.0,-0.0028248587570621,0,0,0,1,0,0,35535.0
4,2017,3,2310.0,2310.0,2445.0,-0.0552147239263803,0,0,0,1,0,0,29720.0
5,2017,4,1105.0,1105.0,1075.0,0.027906976744186,0,0,0,1,0,0,15055.0
6,2017,5,1405.0,1405.0,1310.0,0.0725190839694656,0,0,0,1,0,0,17960.0
7,2017,6,1350.0,1350.0,1465.0,-0.0784982935153583,0,0,0,1,0,0,17130.0
8,2017,7,1095.0,1095.0,1175.0,-0.0680851063829787,0,0,0,1,0,0,14425.0
9,2017,8,945.0,945.0,1020.0,-0.0735294117647058,0,0,0,1,0,0,12580.0
10,2017,9,3005.0,3005.0,2930.0,0.0255972696245733,0,0,0,1,0,0,34355.0
11,2017,10,1260.0,1260.0,1230.0,0.024390243902439,0,0,0,1,0,0,13620.0
12,2017,11,4720.0,4720.0,4850.0,-0.0268041237113402,0,0,0,1,0,0,55440.0
13,2017,12,5690.0,5690.0,5775.0,-0.0147186147186147,0,0,0,1,0,0,66615.0
14,2017,13,2790.0,2790.0,3105.0,-0.1014492753623188,0,0,0,1,0,0,39190.0
15,2017,14,7025.0,7025.0,6970.0,0.0078909612625538,0,0,0,1,0,0,67970.0
16,2017,15,2100.0,2100.0,2110.0,-0.0047393364928909,0,0,0,1,0,0,27280.0
17,2017,16,14780.0,14780.0,14525.0,0.0175559380378657,0,0,0,1,0,0,142805.0
18,2017,17,3225.0,3225.0,2985.0,0.0804020100502512,0,0,0,1,0,0,36685.0
19,2017,18,2350.0,2350.0,2305.0,0.0195227765726681,0,0,0,1,0,0,24195.0
20,2017,19,1725.0,1725.0,1705.0,0.0117302052785923,0,0,0,1,0,0,17480.0
21,2017,20,2960.0,2960.0,3010.0,-0.0166112956810631,0,0,0,1,0,0,27690.0
22,2017,21,1635.0,1635.0,1705.0,-0.0410557184750733,0,0,0,1,0,0,14895.0
23,2017,22,23720.0,23720.0,23355.0,0.0156283451081138,0,0,0,1,0,0,181705.0
24,2017,23,3300.0,3300.0,3165.0,0.0426540284360189,0,0,0,1,0,0,33780.0
25,2017,24,4010.0,4010.0,3955.0,0.0139064475347661,0,0,0,1,0,0,39445.0
26,2017,25,11315.0,11315.0,10720.0,0.0555037313432835,0,0,0,1,0,0,83475.0
27,2017,26,2280.0,2280.0,2280.0,0.0,0,0,0,1,0,0,23515.0
28,2017,27,2935.0,2935.0,2950.0,-0.0050847457627118,0,0,0,1,0,0,32095.0
29,2017,28,14900.0,14900.0,14510.0,0.0268780151619572,0,0,0,1,0,0,129490.0
30,2017,29,3290.0,3290.0,3340.0,-0.0149700598802395,0,0,0,1,0,0,35935.0
31,2017,30,675.0,675.0,725.0,-0.0689655172413793,0,0,0,1,0,0,9445.0
32,2017,31,2180.0,2180.0,2140.0,0.0186915887850467,0,0,0,1,0,0,26700.0
33,2017,32,5695.0,5695.0,5650.0,0.0079646017699115,0,0,0,1,0,0,61945.0
34,2017,33,4260.0,4260.0,4305.0,-0.0104529616724738,0,0,0,1,0,0,45830.0
35,2017,34,6035.0,6035.0,5960.0,0.0125838926174496,0,0,0,1,0,0,69315.0
36,2017,35,7195.0,7195.0,7170.0,0.003486750348675,0,0,0,1,0,0,76425.0
37,2017,36,2005.0,2005.0,1965.0,0.0203562340966921,0,0,0,1,0,0,24345.0
38,2017,37,1830.0,1830.0,1835.0,-0.0027247956403269,0,0,0,1,0,0,21980.0
39,2017,38,4285.0,4285.0,4430.0,-0.0327313769751693,0,0,0,1,0,0,47950.0
40,2017,39,4310.0,4310.0,4320.0,-0.0023148148148148,0,0,0,1,0,0,38670.0
1,2018,0,870.0,870.0,845.0,0.029585798816568,0,0,0,1,0,0,11605.0
2,2018,1,240.0,240.0,225.0,0.0666666666666666,0,0,0,1,0,0,3545.0
3,2018,2,3735.0,3735.0,3530.0,0.0580736543909348,0,0,0,1,0,0,36525.0
4,2018,3,2510.0,2510.0,2310.0,0.0865800865800865,0,0,0,1,0,0,30415.0
5,2018,4,1180.0,1180.0,1105.0,0.0678733031674208,0,0,0,1,0,0,15370.0
6,2018,5,1380.0,1380.0,1405.0,-0.0177935943060498,0,0,0,1,0,0,18360.0
7,2018,6,1485.0,1485.0,1350.0,0.1,0,0,0,1,0,0,17550.0
8,2018,7,1160.0,1160.0,1095.0,0.0593607305936073,0,0,0,1,0,0,14695.0
9,2018,8,1070.0,1070.0,945.0,0.1322751322751322,0,0,0,1,0,0,12980.0
10,2018,9,3160.0,3160.0,3005.0,0.0515806988352745,0,0,0,1,0,0,35420.0
11,2018,10,1295.0,1295.0,1260.0,0.0277777777777777,0,0,0,1,0,0,14075.0
12,2018,11,4890.0,4890.0,4720.0,0.0360169491525423,0,0,0,1,0,0,56765.0
13,2018,12,6290.0,6290.0,5690.0,0.1054481546572935,0,0,0,1,0,0,68690.0
14,2018,13,2990.0,2990.0,2790.0,0.07168458781362,0,0,0,1,0,0,40360.0
15,2018,14,7605.0,7605.0,7025.0,0.0825622775800711,0,0,0,1,0,0,70515.0
16,2018,15,2340.0,2340.0,2100.0,0.1142857142857142,0,0,0,1,0,0,27930.0
17,2018,16,16090.0,16090.0,14780.0,0.0886332882273342,0,0,0,1,0,0,147490.0
18,2018,17,3330.0,3330.0,3225.0,0.0325581395348837,0,0,0,1,0,0,37515.0
19,2018,18,2640.0,2640.0,2350.0,0.1234042553191489,0,0,0,1,0,0,24955.0
20,2018,19,1910.0,1910.0,1725.0,0.1072463768115942,0,0,0,1,0,0,18005.0
21,2018,20,3325.0,3325.0,2960.0,0.1233108108108108,0,0,0,1,0,0,28785.0
22,2018,21,1885.0,1885.0,1635.0,0.1529051987767584,0,0,0,1,0,0,15560.0
23,2018,22,25410.0,25410.0,23720.0,0.0712478920741989,0,0,0,1,0,0,190210.0
24,2018,23,3415.0,3415.0,3300.0,0.0348484848484848,0,0,0,1,0,0,34725.0
25,2018,24,4290.0,4290.0,4010.0,0.0698254364089775,0,0,0,1,0,0,40820.0
26,2018,25,13240.0,13240.0,11315.0,0.170128148475475,0,0,0,1,0,0,87000.0
27,2018,26,2565.0,2565.0,2280.0,0.125,0,0,0,1,0,0,24030.0
28,2018,27,3235.0,3235.0,2935.0,0.1022146507666098,0,0,0,1,0,0,33080.0
29,2018,28,17210.0,17210.0,14900.0,0.1550335570469798,0,0,0,1,0,0,133705.0
30,2018,29,3655.0,3655.0,3290.0,0.1109422492401215,0,0,0,1,0,0,36680.0
31,2018,30,750.0,750.0,675.0,0.1111111111111111,0,0,0,1,0,0,9655.0
32,2018,31,2410.0,2410.0,2180.0,0.1055045871559633,0,0,0,1,0,0,27335.0
33,2018,32,6210.0,6210.0,5695.0,0.0904302019315188,0,0,0,1,0,0,63355.0
34,2018,33,4685.0,4685.0,4260.0,0.0997652582159624,0,0,0,1,0,0,47000.0
35,2018,34,6505.0,6505.0,6035.0,0.0778790389395194,0,0,0,1,0,0,71535.0
36,2018,35,7825.0,7825.0,7195.0,0.0875608061153578,0,0,0,1,0,0,78725.0
37,2018,36,2190.0,2190.0,2005.0,0.0922693266832917,0,0,0,1,0,0,24860.0
38,2018,37,1815.0,1815.0,1830.0,-0.0081967213114754,0,0,0,1,0,0,22590.0
39,2018,38,4430.0,4430.0,4285.0,0.0338389731621937,0,0,0,1,0,0,49400.0
40,2018,39,4745.0,4745.0,4310.0,0.1009280742459396,0,0,0,1,0,0,39845.0
1,2019,0,895.0,895.0,870.0,0.028735632183908,0,0,0,1,0,0,10975.0
2,2019,1,250.0,250.0,240.0,0.0416666666666666,0,0,0,1,0,0,3550.0
3,2019,2,4260.0,4260.0,3735.0,0.1405622489959839,0,0,0,1,0,0,38950.0
4,2019,3,2805.0,2805.0,2510.0,0.1175298804780876,0,0,0,1,0,0,30845.0
5,2019,4,1230.0,1230.0,1180.0,0.0423728813559322,0,0,0,1,0,0,16555.0
6,2019,5,1600.0,1600.0,1380.0,0.1594202898550724,0,0,0,1,0,0,18960.0
7,2019,6,1575.0,1575.0,1485.0,0.0606060606060606,0,0,0,1,0,0,18225.0
8,2019,7,1280.0,1280.0,1160.0,0.1034482758620689,0,0,0,1,0,0,15120.0
9,2019,8,1075.0,1075.0,1070.0,0.0046728971962616,0,0,0,1,0,0,13470.0
10,2019,9,3375.0,3375.0,3160.0,0.0680379746835443,0,0,0,1,0,0,36920.0
11,2019,10,1465.0,1465.0,1295.0,0.1312741312741312,0,0,0,1,0,0,14685.0
12,2019,11,5465.0,5465.0,4890.0,0.1175869120654396,0,0,0,1,0,0,58730.0
13,2019,12,6955.0,6955.0,6290.0,0.1057233704292527,0,0,0,1,0,0,71550.0
14,2019,13,3235.0,3235.0,2990.0,0.0819397993311036,0,0,0,1,0,0,41520.0
15,2019,14,8510.0,8510.0,7605.0,0.1190006574621959,0,0,0,1,0,0,74095.0
16,2019,15,2590.0,2590.0,2340.0,0.1068376068376068,0,0,0,1,0,0,28875.0
17,2019,16,18425.0,18425.0,16090.0,0.1451211932877563,0,0,0,1,0,0,154610.0
18,2019,17,3880.0,3880.0,3330.0,0.1651651651651651,0,0,0,1,0,0,39035.0
19,2019,18,2860.0,2860.0,2640.0,0.0833333333333333,0,0,0,1,0,0,26200.0
20,2019,19,2165.0,2165.0,1910.0,0.1335078534031413,0,0,0,1,0,0,18870.0
21,2019,20,3680.0,3680.0,3325.0,0.106766917293233,0,0,0,1,0,0,30325.0
22,2019,21,2220.0,2220.0,1885.0,0.1777188328912466,0,0,0,1,0,0,16465.0
23,2019,22,29420.0,29420.0,25410.0,0.1578118850846123,0,0,0,1,0,0,202285.0
24,2019,23,3825.0,3825.0,3415.0,0.1200585651537335,0,0,0,1,0,0,36270.0
25,2019,24,4825.0,4825.0,4290.0,0.1247086247086247,0,0,0,1,0,0,42870.0
26,2019,25,14920.0,14920.0,13240.0,0.1268882175226586,0,0,0,1,0,0,92970.0
27,2019,26,2920.0,2920.0,2565.0,0.138401559454191,0,0,0,1,0,0,25110.0
28,2019,27,3435.0,3435.0,3235.0,0.061823802163833,0,0,0,1,0,0,34745.0
29,2019,28,20045.0,20045.0,17210.0,0.1647298082510168,0,0,0,1,0,0,141185.0
30,2019,29,3835.0,3835.0,3655.0,0.0492476060191518,0,0,0,1,0,0,38170.0
31,2019,30,805.0,805.0,750.0,0.0733333333333333,0,0,0,1,0,0,9895.0
32,2019,31,2690.0,2690.0,2410.0,0.1161825726141078,0,0,0,1,0,0,28355.0
33,2019,32,6935.0,6935.0,6210.0,0.1167471819645732,0,0,0,1,0,0,65985.0
34,2019,33,5395.0,5395.0,4685.0,0.151547491995731,0,0,0,1,0,0,49010.0
35,2019,34,7255.0,7255.0,6505.0,0.1152959262106072,0,0,0,1,0,0,74300.0
36,2019,35,8735.0,8735.0,7825.0,0.11629392971246,0,0,0,1,0,0,82080.0
37,2019,36,2440.0,2440.0,2190.0,0.1141552511415525,0,0,0,1,0,0,25810.0
38,2019,37,2105.0,2105.0,1815.0,0.1597796143250688,0,0,0,1,0,0,23485.0
39,2019,38,4795.0,4795.0,4430.0,0.082392776523702,0,0,0,1,0,0,51090.0
40,2019,39,5585.0,5585.0,4745.0,0.1770284510010537,0,0,0,1,0,0,41820.0
1,2020,0,995.0,995.0,895.0,0.1117318435754189,0,0,0,1,0,0,11385.0
2,2020,1,280.0,280.0,250.0,0.12,0,0,0,1,0,0,3625.0
3,2020,2,4445.0,4445.0,4260.0,0.0434272300469483,0,0,0,1,0,0,40350.0
4,2020,3,3080.0,3080.0,2805.0,0.0980392156862745,0,0,0,1,0,0,32040.0
5,2020,4,1275.0,1275.0,1230.0,0.0365853658536585,0,0,0,1,0,0,17130.0
6,2020,5,1620.0,1620.0,1600.0,0.0125,0,0,0,1,0,0,19485.0
7,2020,6,1580.0,1580.0,1575.0,0.0031746031746031,0,0,0,1,0,0,18915.0
8,2020,7,1315.0,1315.0,1280.0,0.02734375,0,0,0,1,0,0,15535.0
9,2020,8,1145.0,1145.0,1075.0,0.0651162790697674,0,0,0,1,0,0,13980.0
10,2020,9,3555.0,3555.0,3375.0,0.0533333333333333,0,0,0,1,0,0,38655.0
11,2020,10,1500.0,1500.0,1465.0,0.0238907849829351,0,0,0,1,0,0,15335.0
12,2020,11,5585.0,5585.0,5465.0,0.0219579139981701,0,0,0,1,0,0,60540.0
13,2020,12,7145.0,7145.0,6955.0,0.0273184759166067,0,0,0,1,0,0,74915.0
14,2020,13,3450.0,3450.0,3235.0,0.0664605873261205,0,0,0,1,0,0,42820.0
15,2020,14,8435.0,8435.0,8510.0,-0.008813160987074,0,0,0,1,0,0,77830.0
16,2020,15,2685.0,2685.0,2590.0,0.0366795366795366,0,0,0,1,0,0,30030.0
17,2020,16,17745.0,17745.0,18425.0,-0.0369063772048846,0,0,0,1,0,0,166225.0
18,2020,17,3805.0,3805.0,3880.0,-0.0193298969072164,0,0,0,1,0,0,40455.0
19,2020,18,3105.0,3105.0,2860.0,0.0856643356643356,0,0,0,1,0,0,27765.0
20,2020,19,2200.0,2200.0,2165.0,0.0161662817551963,0,0,0,1,0,0,19970.0
21,2020,20,3370.0,3370.0,3680.0,-0.0842391304347826,0,0,0,1,0,0,31270.0
22,2020,21,2170.0,2170.0,2220.0,-0.0225225225225225,0,0,0,1,0,0,17460.0
23,2020,22,27680.0,27680.0,29420.0,-0.0591434398368456,0,0,0,1,0,0,214980.0
24,2020,23,3735.0,3735.0,3825.0,-0.0235294117647058,0,0,0,1,0,0,37855.0
25,2020,24,4800.0,4800.0,4825.0,-0.005181347150259,0,0,0,1,0,0,45050.0
26,2020,25,14520.0,14520.0,14920.0,-0.0268096514745308,0,0,0,1,0,0,100265.0
27,2020,26,2945.0,2945.0,2920.0,0.0085616438356164,0,0,0,1,0,0,26420.0
28,2020,27,3545.0,3545.0,3435.0,0.032023289665211,0,0,0,1,0,0,36420.0
29,2020,28,20330.0,20330.0,20045.0,0.0142180094786729,0,0,0,1,0,0,149795.0
30,2020,29,3940.0,3940.0,3835.0,0.0273794002607561,0,0,0,1,0,0,36420.0
31,2020,30,870.0,870.0,805.0,0.0807453416149068,0,0,0,1,0,0,10155.0
32,2020,31,2785.0,2785.0,2690.0,0.0353159851301115,0,0,0,1,0,0,29700.0
33,2020,32,7190.0,7190.0,6935.0,0.0367700072098053,0,0,0,1,0,0,68475.0
34,2020,33,5620.0,5620.0,5395.0,0.041705282669138,0,0,0,1,0,0,51320.0
35,2020,34,7520.0,7520.0,7255.0,0.0365265334252239,0,0,0,1,0,0,77345.0
36,2020,35,8960.0,8960.0,8735.0,0.0257584430452203,0,0,0,1,0,0,85440.0
37,2020,36,2600.0,2600.0,2440.0,0.0655737704918032,0,0,0,1,0,0,26815.0
38,2020,37,2280.0,2280.0,2105.0,0.0831353919239905,0,0,0,1,0,0,24285.0
39,2020,38,5240.0,5240.0,4795.0,0.0928050052137643,0,0,0,1,0,0,52770.0
40,2020,39,5575.0,5575.0,5585.0,-0.0017905102954341,0,0,0,1,0,0,44020.0
1,2021,0,965.0,965.0,995.0,-0.0301507537688442,0,0,0,1,0,0,11730.0
2,2021,1,320.0,320.0,280.0,0.1428571428571428,0,0,0,1,0,0,3695.0
3,2021,2,4870.0,4870.0,4445.0,0.0956130483689538,0,0,0,1,0,0,42065.0
4,2021,3,3440.0,3440.0,3080.0,0.1168831168831168,0,0,0,1,0,0,33270.0
5,2021,4,1505.0,1505.0,1275.0,0.1803921568627451,0,0,0,1,0,0,17615.0
6,2021,5,1825.0,1825.0,1620.0,0.1265432098765432,0,0,0,1,0,0,20185.0
7,2021,6,1795.0,1795.0,1580.0,0.1360759493670886,0,0,0,1,0,0,19615.0
8,2021,7,1485.0,1485.0,1315.0,0.1292775665399239,0,0,0,1,0,0,16050.0
9,2021,8,1280.0,1280.0,1145.0,0.1179039301310043,0,0,0,1,0,0,14495.0
10,2021,9,4025.0,4025.0,3555.0,0.1322081575246132,0,0,0,1,0,0,40170.0
11,2021,10,1685.0,1685.0,1500.0,0.1233333333333333,0,0,0,1,0,0,16020.0
12,2021,11,6440.0,6440.0,5585.0,0.153088630259624,0,0,0,1,0,0,62535.0
13,2021,12,8275.0,8275.0,7145.0,0.1581525542337298,0,0,0,1,0,0,78480.0
14,2021,13,3905.0,3905.0,3450.0,0.1318840579710145,0,0,0,1,0,0,44295.0
15,2021,14,9375.0,9375.0,8435.0,0.1114404267931239,0,0,0,1,0,0,81770.0
16,2021,15,2870.0,2870.0,2685.0,0.068901303538175,0,0,0,1,0,0,31345.0
17,2021,16,19985.0,19985.0,17745.0,0.126232741617357,0,0,0,1,0,0,175510.0
18,2021,17,4065.0,4065.0,3805.0,0.0683311432325887,0,0,0,1,0,0,42330.0
19,2021,18,2955.0,2955.0,3105.0,-0.0483091787439613,0,0,0,1,0,0,29190.0
20,2021,19,2310.0,2310.0,2200.0,0.05,0,0,0,1,0,0,21125.0
21,2021,20,3670.0,3670.0,3370.0,0.0890207715133531,0,0,0,1,0,0,33090.0
22,2021,21,2460.0,2460.0,2170.0,0.1336405529953917,0,0,0,1,0,0,18610.0
23,2021,22,30645.0,30645.0,27680.0,0.1071170520231213,0,0,0,1,0,0,228695.0
24,2021,23,4090.0,4090.0,3735.0,0.0950468540829986,0,0,0,1,0,0,39595.0
25,2021,24,5175.0,5175.0,4800.0,0.078125,0,0,0,1,0,0,47520.0
26,2021,25,16270.0,16270.0,14520.0,0.1205234159779614,0,0,0,1,0,0,108210.0
27,2021,26,3235.0,3235.0,2945.0,0.098471986417657,0,0,0,1,0,0,27860.0
28,2021,27,3960.0,3960.0,3545.0,0.1170662905500705,0,0,0,1,0,0,38195.0
29,2021,28,22795.0,22795.0,20330.0,0.1212493851451057,0,0,0,1,0,0,160490.0
30,2021,29,4385.0,4385.0,3940.0,0.1129441624365482,0,0,0,1,0,0,38300.0
31,2021,30,975.0,975.0,870.0,0.1206896551724138,0,0,0,1,0,0,10410.0
32,2021,31,2995.0,2995.0,2785.0,0.0754039497307001,0,0,0,1,0,0,30930.0
33,2021,32,8045.0,8045.0,7190.0,0.1189151599443671,0,0,0,1,0,0,71660.0
34,2021,33,6340.0,6340.0,5620.0,0.1281138790035587,0,0,0,1,0,0,53810.0
35,2021,34,8300.0,8300.0,7520.0,0.1037234042553191,0,0,0,1,0,0,80920.0
36,2021,35,9970.0,9970.0,8960.0,0.1127232142857142,0,0,0,1,0,0,89360.0
37,2021,36,2955.0,2955.0,2600.0,0.1365384615384615,0,0,0,1,0,0,27870.0
38,2021,37,2410.0,2410.0,2280.0,0.0570175438596491,0,0,0,1,0,0,25130.0
39,2021,38,5455.0,5455.0,5240.0,0.041030534351145,0,0,0,1,0,0,54285.0
40,2021,39,6270.0,6270.0,5575.0,0.1246636771300448,0,0,0,1,0,0,46955.0
1,2022,0,1010.0,1010.0,965.0,0.0466321243523316,0,0,0,1,0,0,12090.0
2,2022,1,340.0,340.0,320.0,0.0625,0,0,0,1,0,0,3775.0
3,2022,2,4805.0,4805.0,4870.0,-0.0133470225872689,0,0,0,1,0,0,43550.0
4,2022,3,3455.0,3455.0,3440.0,0.004360465116279,0,0,0,1,0,0,34405.0
5,2022,4,1375.0,1375.0,1505.0,-0.0863787375415282,0,0,0,1,0,0,18025.0
6,2022,5,1750.0,1750.0,1825.0,-0.0410958904109589,0,0,0,1,0,0,20640.0
7,2022,6,1725.0,1725.0,1795.0,-0.0389972144846796,0,0,0,1,0,0,19995.0
8,2022,7,1460.0,1460.0,1485.0,-0.0168350168350168,0,0,0,1,0,0,16440.0
9,2022,8,1305.0,1305.0,1280.0,0.01953125,0,0,0,1,0,0,14905.0
10,2022,9,3995.0,3995.0,4025.0,-0.0074534161490683,0,0,0,1,0,0,41485.0
11,2022,10,1780.0,1780.0,1685.0,0.0563798219584569,0,0,0,1,0,0,16575.0
12,2022,11,6250.0,6250.0,6440.0,-0.0295031055900621,0,0,0,1,0,0,64110.0
13,2022,12,8125.0,8125.0,8275.0,-0.0181268882175226,0,0,0,1,0,0,81320.0
14,2022,13,3720.0,3720.0,3905.0,-0.0473751600512163,0,0,0,1,0,0,45495.0
15,2022,14,9740.0,9740.0,9375.0,0.0389333333333333,0,0,0,1,0,0,84365.0
16,2022,15,2975.0,2975.0,2870.0,0.0365853658536585,0,0,0,1,0,0,32485.0
17,2022,16,20895.0,20895.0,19985.0,0.0455341506129597,0,0,0,1,0,0,180460.0
18,2022,17,4225.0,4225.0,4065.0,0.039360393603936,0,0,0,1,0,0,43795.0
19,2022,18,3095.0,3095.0,2955.0,0.0473773265651438,0,0,0,1,0,0,30515.0
20,2022,19,2480.0,2480.0,2310.0,0.0735930735930736,0,0,0,1,0,0,21880.0
21,2022,20,3890.0,3890.0,3670.0,0.0599455040871934,0,0,0,1,0,0,34070.0
22,2022,21,2825.0,2825.0,2460.0,0.1483739837398374,0,0,0,1,0,0,19500.0
23,2022,22,32080.0,32080.0,30645.0,0.0468265622450644,0,0,0,1,0,0,235685.0
24,2022,23,4255.0,4255.0,4090.0,0.0403422982885085,0,0,0,1,0,0,40715.0
25,2022,24,5215.0,5215.0,5175.0,0.0077294685990338,0,0,0,1,0,0,49110.0
26,2022,25,18125.0,18125.0,16270.0,0.1140135218192993,0,0,0,1,0,0,113825.0
27,2022,26,3370.0,3370.0,3235.0,0.0417310664605873,0,0,0,1,0,0,28905.0
28,2022,27,4085.0,4085.0,3960.0,0.0315656565656565,0,0,0,1,0,0,39485.0
29,2022,28,24670.0,24670.0,22795.0,0.0822548804562404,0,0,0,1,0,0,169145.0
30,2022,29,4685.0,4685.0,4385.0,0.0684150513112884,0,0,0,1,0,0,39670.0
31,2022,30,935.0,935.0,975.0,-0.041025641025641,0,0,0,1,0,0,10675.0
32,2022,31,3015.0,3015.0,2995.0,0.006677796327212,0,0,0,1,0,0,32130.0
33,2022,32,7735.0,7735.0,8045.0,-0.038533250466128,0,0,0,1,0,0,73965.0
34,2022,33,6185.0,6185.0,6340.0,-0.0244479495268138,0,0,0,1,0,0,56875.0
35,2022,34,8315.0,8315.0,8300.0,0.0018072289156626,0,0,0,1,0,0,82685.0
36,2022,35,9730.0,9730.0,9970.0,-0.0240722166499498,0,0,0,1,0,0,92210.0
37,2022,36,2870.0,2870.0,2955.0,-0.0287648054145516,0,0,0,1,0,0,28675.0
38,2022,37,2475.0,2475.0,2410.0,0.0269709543568464,0,0,0,1,0,0,25985.0
39,2022,38,5505.0,5505.0,5455.0,0.0091659028414298,0,0,0,1,0,0,55675.0
40,2022,39,6785.0,6785.0,6270.0,0.0821371610845295,0,0,0,1,0,0,49240.0
1,2023,0,1090.0,1090.0,1010.0,0.0792079207920792,0,0,0,1,0,0,12805.0
2,2023,1,415.0,415.0,340.0,0.2205882352941176,0,0,0,1,0,0,4020.0
3,2023,2,5335.0,5335.0,4805.0,0.1103017689906347,0,0,0,1,0,0,46785.0
4,2023,3,3690.0,3690.0,3455.0,0.0680173661360347,0,0,0,1,0,0,37010.0
5,2023,4,1510.0,1510.0,1375.0,0.0981818181818181,0,0,0,1,0,0,19245.0
6,2023,5,1820.0,1820.0,1750.0,0.04,0,0,0,1,0,0,22140.0
7,2023,6,1845.0,1845.0,1725.0,0.0695652173913043,0,0,0,1,0,0,21380.0
8,2023,7,1535.0,1535.0,1460.0,0.0513698630136986,0,0,0,1,0,0,17585.0
9,2023,8,1295.0,1295.0,1305.0,-0.0076628352490421,0,0,0,1,0,0,15870.0
10,2023,9,4210.0,4210.0,3995.0,0.0538172715894868,0,0,0,1,0,0,44475.0
11,2023,10,1930.0,1930.0,1780.0,0.0842696629213483,0,0,0,1,0,0,17795.0
12,2023,11,7055.0,7055.0,6250.0,0.1288,0,0,0,1,0,0,68820.0
13,2023,12,8635.0,8635.0,8125.0,0.0627692307692307,0,0,0,1,0,0,87935.0
14,2023,13,4005.0,4005.0,3720.0,0.0766129032258064,0,0,0,1,0,0,48740.0
15,2023,14,10540.0,10540.0,9740.0,0.082135523613963,0,0,0,1,0,0,91275.0
16,2023,15,3160.0,3160.0,2975.0,0.0621848739495798,0,0,0,1,0,0,34750.0
17,2023,16,21710.0,21710.0,20895.0,0.0390045465422349,0,0,0,1,0,0,194320.0
18,2023,17,4510.0,4510.0,4225.0,0.0674556213017751,0,0,0,1,0,0,46990.0
19,2023,18,3350.0,3350.0,3095.0,0.0823909531502423,0,0,0,1,0,0,32850.0
20,2023,19,2610.0,2610.0,2480.0,0.0524193548387096,0,0,0,1,0,0,23540.0
21,2023,20,4030.0,4030.0,3890.0,0.0359897172236503,0,0,0,1,0,0,36655.0
22,2023,21,2870.0,2870.0,2825.0,0.015929203539823,0,0,0,1,0,0,21270.0
23,2023,22,33880.0,33880.0,32080.0,0.0561097256857855,0,0,0,1,0,0,255945.0
24,2023,23,3920.0,3920.0,4255.0,-0.0787309048178613,0,0,0,1,0,0,43970.0
25,2023,24,5555.0,5555.0,5215.0,0.0651965484180249,0,0,0,1,0,0,52765.0
26,2023,25,18730.0,18730.0,18125.0,0.0333793103448275,0,0,0,1,0,0,125485.0
27,2023,26,3575.0,3575.0,3370.0,0.0608308605341246,0,0,0,1,0,0,31235.0
28,2023,27,4240.0,4240.0,4085.0,0.0379436964504283,0,0,0,1,0,0,42345.0
29,2023,28,26325.0,26325.0,24670.0,0.0670855289825699,0,0,0,1,0,0,185720.0
30,2023,29,5070.0,5070.0,4685.0,0.0821771611526147,0,0,0,1,0,0,42965.0
31,2023,30,980.0,980.0,935.0,0.0481283422459893,0,0,0,1,0,0,11390.0
32,2023,31,3225.0,3225.0,3015.0,0.0696517412935323,0,0,0,1,0,0,34410.0
33,2023,32,8240.0,8240.0,7735.0,0.0652876535229476,0,0,0,1,0,0,80070.0
34,2023,33,6485.0,6485.0,6185.0,0.0485044462409054,0,0,0,1,0,0,61635.0
35,2023,34,9050.0,9050.0,8315.0,0.0883944678292242,0,0,0,1,0,0,89250.0
36,2023,35,10220.0,10220.0,9730.0,0.0503597122302158,0,0,0,1,0,0,99610.0
37,2023,36,2970.0,2970.0,2870.0,0.0348432055749128,0,0,0,1,0,0,31025.0
38,2023,37,2750.0,2750.0,2475.0,0.1111111111111111,0,0,0,1,0,0,27835.0
39,2023,38,5930.0,5930.0,5505.0,0.0772025431425976,0,0,0,1,0,0,59420.0
40,2023,39,7400.0,7400.0,6785.0,0.0906411201179071,0,0,0,1,0,0,53915.0
1,2024,0,1060.0,1060.0,1090.0,-0.0275229357798165,0,0,0,1,0,0,13140.0
2,2024,1,330.0,330.0,415.0,-0.2048192771084337,0,0,0,1,0,0,4110.0
3,2024,2,4835.0,4835.0,5335.0,-0.0937207122774133,0,0,0,1,0,0,48220.0
4,2024,3,3250.0,3250.0,3690.0,-0.1192411924119241,0,0,0,1,0,0,38415.0
5,2024,4,1315.0,1315.0,1510.0,-0.1291390728476821,0,0,0,1,0,0,19670.0
6,2024,5,1750.0,1750.0,1820.0,-0.0384615384615384,0,0,0,1,0,0,22820.0
7,2024,6,1730.0,1730.0,1845.0,-0.062330623306233,0,0,0,1,0,0,21945.0
8,2024,7,1570.0,1570.0,1535.0,0.022801302931596,0,0,0,1,0,0,17900.0
9,2024,8,1180.0,1180.0,1295.0,-0.0888030888030888,0,0,0,1,0,0,16185.0
10,2024,9,3965.0,3965.0,4210.0,-0.0581947743467933,0,0,0,1,0,0,46030.0
11,2024,10,1640.0,1640.0,1930.0,-0.1502590673575129,0,0,0,1,0,0,18450.0
12,2024,11,6135.0,6135.0,7055.0,-0.1304039688164422,0,0,0,1,0,0,70700.0
13,2024,12,7940.0,7940.0,8635.0,-0.0804863925883034,0,0,0,1,0,0,90900.0
14,2024,13,3630.0,3630.0,4005.0,-0.0936329588014981,0,0,0,1,0,0,49905.0
15,2024,14,9110.0,9110.0,10540.0,-0.135673624288425,0,0,0,1,0,0,94645.0
16,2024,15,2790.0,2790.0,3160.0,-0.1170886075949367,0,0,0,1,0,0,35805.0
17,2024,16,18975.0,18975.0,21710.0,-0.1259788116075541,0,0,0,1,0,0,202020.0
18,2024,17,4090.0,4090.0,4510.0,-0.0931263858093126,0,0,0,1,0,0,48420.0
19,2024,18,2995.0,2995.0,3350.0,-0.1059701492537313,0,0,0,1,0,0,33750.0
20,2024,19,2300.0,2300.0,2610.0,-0.1187739463601532,0,0,0,1,0,0,24410.0
21,2024,20,3680.0,3680.0,4030.0,-0.086848635235732,0,0,0,1,0,0,37880.0
22,2024,21,2655.0,2655.0,2870.0,-0.0749128919860627,0,0,0,1,0,0,22730.0
23,2024,22,31550.0,31550.0,33880.0,-0.0687721369539551,0,0,0,1,0,0,268420.0
24,2024,23,3760.0,3760.0,3920.0,-0.0408163265306122,0,0,0,1,0,0,41755.0
25,2024,24,5100.0,5100.0,5555.0,-0.0819081908190819,0,0,0,1,0,0,54500.0
26,2024,25,16175.0,16175.0,18730.0,-0.1364121729845168,0,0,0,1,0,0,133195.0
27,2024,26,3215.0,3215.0,3575.0,-0.1006993006993007,0,0,0,1,0,0,32340.0
28,2024,27,3950.0,3950.0,4240.0,-0.0683962264150943,0,0,0,1,0,0,43820.0
29,2024,28,22515.0,22515.0,26325.0,-0.1447293447293447,0,0,0,1,0,0,196020.0
30,2024,29,4295.0,4295.0,5070.0,-0.1528599605522682,0,0,0,1,0,0,44810.0
31,2024,30,895.0,895.0,980.0,-0.086734693877551,0,0,0,1,0,0,11635.0
32,2024,31,2840.0,2840.0,3225.0,-0.1193798449612403,0,0,0,1,0,0,35615.0
33,2024,32,7600.0,7600.0,8240.0,-0.0776699029126213,0,0,0,1,0,0,82535.0
34,2024,33,6085.0,6085.0,6485.0,-0.061680801850424,0,0,0,1,0,0,63530.0
35,2024,34,8000.0,8000.0,9050.0,-0.1160220994475138,0,0,0,1,0,0,92090.0
36,2024,35,9410.0,9410.0,10220.0,-0.0792563600782778,0,0,0,1,0,0,102295.0
37,2024,36,2845.0,2845.0,2970.0,-0.042087542087542,0,0,0,1,0,0,32025.0
38,2024,37,2490.0,2490.0,2750.0,-0.0945454545454545,0,0,0,1,0,0,28555.0
39,2024,38,5610.0,5610.0,5930.0,-0.0539629005059021,0,0,0,1,0,0,60665.0
40,2024,39,6625.0,6625.0,7400.0,-0.1047297297297297,0,0,0,1,0,0,56745.0
1,2025,0,930.0,930.0,1060.0,-0.1226415094339622,0,0,0,1,0,0,13800.0
2,2025,1,280.0,280.0,330.0,-0.1515151515151515,0,0,0,1,0,0,4375.0
3,2025,2,4250.0,4250.0,4835.0,-0.1209927611168562,0,0,0,1,0,0,51260.0
4,2025,3,2850.0,2850.0,3250.0,-0.123076923076923,0,0,0,1,0,0,40715.0
5,2025,4,1165.0,1165.0,1315.0,-0.1140684410646387,0,0,0,1,0,0,20435.0
6,2025,5,1540.0,1540.0,1750.0,-0.12,0,0,0,1,0,0,23880.0
7,2025,6,1535.0,1535.0,1730.0,-0.1127167630057803,0,0,0,1,0,0,22980.0
8,2025,7,1300.0,1300.0,1570.0,-0.1719745222929936,0,0,0,1,0,0,18830.0
9,2025,8,1065.0,1065.0,1180.0,-0.097457627118644,0,0,0,1,0,0,16900.0
10,2025,9,3405.0,3405.0,3965.0,-0.1412358133669609,0,0,0,1,0,0,48485.0
11,2025,10,1545.0,1545.0,1640.0,-0.0579268292682926,0,0,0,1,0,0,19570.0
12,2025,11,5650.0,5650.0,6135.0,-0.0790546047269763,0,0,0,1,0,0,74415.0
13,2025,12,6640.0,6640.0,7940.0,-0.163727959697733,0,0,0,1,0,0,96240.0
14,2025,13,3145.0,3145.0,3630.0,-0.1336088154269972,0,0,0,1,0,0,52395.0
15,2025,14,7785.0,7785.0,9110.0,-0.1454445664105378,0,0,0,1,0,0,100805.0
16,2025,15,2460.0,2460.0,2790.0,-0.1182795698924731,0,0,0,1,0,0,37745.0
17,2025,16,16575.0,16575.0,18975.0,-0.1264822134387351,0,0,0,1,0,0,214545.0
18,2025,17,3505.0,3505.0,4090.0,-0.1430317848410758,0,0,0,1,0,0,51105.0
19,2025,18,2710.0,2710.0,2995.0,-0.0951585976627712,0,0,0,1,0,0,35680.0
20,2025,19,2005.0,2005.0,2300.0,-0.1282608695652174,0,0,0,1,0,0,25880.0
21,2025,20,3200.0,3200.0,3680.0,-0.1304347826086956,0,0,0,1,0,0,40230.0
22,2025,21,2350.0,2350.0,2655.0,-0.1148775894538606,0,0,0,1,0,0,24555.0
23,2025,22,27585.0,27585.0,31550.0,-0.1256735340729001,0,0,0,1,0,0,287570.0
24,2025,23,3250.0,3250.0,3760.0,-0.1356382978723404,0,0,0,1,0,0,43985.0
25,2025,24,4440.0,4440.0,5100.0,-0.1294117647058823,0,0,0,1,0,0,57660.0
26,2025,25,13235.0,13235.0,16175.0,-0.1817619783616692,0,0,0,1,0,0,144260.0
27,2025,26,2710.0,2710.0,3215.0,-0.1570762052877138,0,0,0,1,0,0,34555.0
28,2025,27,3415.0,3415.0,3950.0,-0.1354430379746835,0,0,0,1,0,0,46450.0
29,2025,28,18550.0,18550.0,22515.0,-0.1761048190095492,0,0,0,1,0,0,211940.0
30,2025,29,3795.0,3795.0,4295.0,-0.1164144353899883,0,0,0,1,0,0,48095.0
31,2025,30,870.0,870.0,895.0,-0.0279329608938547,0,0,0,1,0,0,12115.0
32,2025,31,2560.0,2560.0,2840.0,-0.0985915492957746,0,0,0,1,0,0,37565.0
33,2025,32,6640.0,6640.0,7600.0,-0.1263157894736842,0,0,0,1,0,0,87420.0
34,2025,33,5265.0,5265.0,6085.0,-0.1347576006573541,0,0,0,1,0,0,67020.0
35,2025,34,7045.0,7045.0,8000.0,-0.119375,0,0,0,1,0,0,97565.0
36,2025,35,8495.0,8495.0,9410.0,-0.0972369819341126,0,0,0,1,0,0,107780.0
37,2025,36,2450.0,2450.0,2845.0,-0.1388400702987697,0,0,0,1,0,0,33705.0
38,2025,37,2210.0,2210.0,2490.0,-0.1124497991967871,0,0,0,1,0,0,30165.0
39,2025,38,5165.0,5165.0,5610.0,-0.0793226381461675,0,0,0,1,0,0,63835.0
40,2025,39,5330.0,5330.0,6625.0,-0.1954716981132075,0,0,0,1,0,0,61290.0
