zone_id,target_year,a10,births
PT_111,2008,A,73.0
PT_111,2008,BE,133.0
PT_111,2008,FZ,400.0
PT_111,2008,GI,811.0
PT_111,2008,JZ,39.0
PT_111,2008,KZ,0.0
PT_111,2008,LZ,56.0
PT_111,2008,MN,795.0
PT_111,2008,OPQ,510.0
PT_111,2008,RSU,198.0
PT_111,2009,A,67.0
PT_111,2009,BE,132.0
PT_111,2009,FZ,290.0
PT_111,2009,GI,751.0
PT_111,2009,JZ,23.0
PT_111,2009,KZ,0.0
PT_111,2009,LZ,46.0
PT_111,2009,MN,649.0
PT_111,2009,OPQ,614.0
PT_111,2009,RSU,156.0
PT_111,2010,A,79.0
PT_111,2010,BE,117.0
PT_111,2010,FZ,319.0
PT_111,2010,GI,672.0
PT_111,2010,JZ,27.0
PT_111,2010,KZ,0.0
PT_111,2010,LZ,47.0
PT_111,2010,MN,621.0
PT_111,2010,OPQ,488.0
PT_111,2010,RSU,149.0
PT_111,2011,A,127.0
PT_111,2011,BE,136.0
PT_111,2011,FZ,310.0
PT_111,2011,GI,780.0
PT_111,2011,JZ,31.0
PT_111,2011,KZ,0.0
PT_111,2011,LZ,41.0
PT_111,2011,MN,794.0
PT_111,2011,OPQ,431.0
PT_111,2011,RSU,163.0
PT_111,2012,A,109.0
PT_111,2012,BE,141.0
PT_111,2012,FZ,254.0
PT_111,2012,GI,776.0
PT_111,2012,JZ,29.0
PT_111,2012,KZ,0.0
PT_111,2012,LZ,45.0
PT_111,2012,MN,720.0
PT_111,2012,OPQ,322.0
PT_111,2012,RSU,165.0
PT_111,2013,A,3432.0
PT_111,2013,BE,212.0
PT_111,2013,FZ,396.0
PT_111,2013,GI,966.0
PT_111,2013,JZ,21.0
PT_111,2013,KZ,0.0
PT_111,2013,LZ,55.0
PT_111,2013,MN,700.0
PT_111,2013,OPQ,399.0
PT_111,2013,RSU,192.0
PT_111,2014,A,1819.0
PT_111,2014,BE,147.0
PT_111,2014,FZ,333.0
PT_111,2014,GI,856.0
PT_111,2014,JZ,24.0
PT_111,2014,KZ,0.0
PT_111,2014,LZ,58.0
PT_111,2014,MN,734.0
PT_111,2014,OPQ,454.0
PT_111,2014,RSU,210.0
PT_111,2015,A,719.0
PT_111,2015,BE,198.0
PT_111,2015,FZ,365.0
PT_111,2015,GI,871.0
PT_111,2015,JZ,27.0
PT_111,2015,KZ,0.0
PT_111,2015,LZ,75.0
PT_111,2015,MN,797.0
PT_111,2015,OPQ,407.0
PT_111,2015,RSU,224.0
PT_111,2016,A,417.0
PT_111,2016,BE,210.0
PT_111,2016,FZ,374.0
PT_111,2016,GI,849.0
PT_111,2016,JZ,29.0
PT_111,2016,KZ,0.0
PT_111,2016,LZ,62.0
PT_111,2016,MN,795.0
PT_111,2016,OPQ,439.0
PT_111,2016,RSU,244.0
PT_111,2017,A,482.0
PT_111,2017,BE,136.0
PT_111,2017,FZ,388.0
PT_111,2017,GI,818.0
PT_111,2017,JZ,41.0
PT_111,2017,KZ,0.0
PT_111,2017,LZ,95.0
PT_111,2017,MN,841.0
PT_111,2017,OPQ,471.0
PT_111,2017,RSU,276.0
PT_111,2018,A,523.0
PT_111,2018,BE,189.0
PT_111,2018,FZ,460.0
PT_111,2018,GI,1025.0
PT_111,2018,JZ,47.0
PT_111,2018,KZ,0.0
PT_111,2018,LZ,79.0
PT_111,2018,MN,916.0
PT_111,2018,OPQ,532.0
PT_111,2018,RSU,239.0
PT_111,2019,A,382.0
PT_111,2019,BE,182.0
PT_111,2019,FZ,403.0
PT_111,2019,GI,806.0
PT_111,2019,JZ,39.0
PT_111,2019,KZ,0.0
PT_111,2019,LZ,92.0
PT_111,2019,MN,805.0
PT_111,2019,OPQ,458.0
PT_111,2019,RSU,243.0
PT_111,2020,A,349.0
PT_111,2020,BE,120.0
PT_111,2020,FZ,333.0
PT_111,2020,GI,624.0
PT_111,2020,JZ,46.0
PT_111,2020,KZ,0.0
PT_111,2020,LZ,79.0
PT_111,2020,MN,793.0
PT_111,2020,OPQ,447.0
PT_111,2020,RSU,205.0
PT_111,2021,A,358.0
PT_111,2021,BE,155.0
PT_111,2021,FZ,403.0
PT_111,2021,GI,827.0
PT_111,2021,JZ,53.0
PT_111,2021,KZ,0.0
PT_111,2021,LZ,114.0
PT_111,2021,MN,909.0
PT_111,2021,OPQ,509.0
PT_111,2021,RSU,252.0
PT_111,2022,A,354.0
PT_111,2022,BE,183.0
PT_111,2022,FZ,434.0
PT_111,2022,GI,891.0
PT_111,2022,JZ,87.0
PT_111,2022,KZ,0.0
PT_111,2022,LZ,115.0
PT_111,2022,MN,1164.0
PT_111,2022,OPQ,587.0
PT_111,2022,RSU,350.0
PT_111,2023,A,333.0
PT_111,2023,BE,164.0
PT_111,2023,FZ,486.0
PT_111,2023,GI,1042.0
PT_111,2023,JZ,82.0
PT_111,2023,KZ,0.0
PT_111,2023,LZ,115.0
PT_111,2023,MN,1269.0
PT_111,2023,OPQ,570.0
PT_111,2023,RSU,363.0
PT_111,2024,A,316.0
PT_111,2024,BE,168.0
PT_111,2024,FZ,592.0
PT_111,2024,GI,1011.0
PT_111,2024,JZ,123.0
PT_111,2024,KZ,0.0
PT_111,2024,LZ,158.0
PT_111,2024,MN,1269.0
PT_111,2024,OPQ,547.0
PT_111,2024,RSU,374.0
PT_112,2008,A,100.0
PT_112,2008,BE,488.0
PT_112,2008,FZ,497.0
PT_112,2008,GI,1587.0
PT_112,2008,JZ,86.0
PT_112,2008,KZ,0.0
PT_112,2008,LZ,124.0
PT_112,2008,MN,1777.0
PT_112,2008,OPQ,878.0
PT_112,2008,RSU,344.0
PT_112,2009,A,89.0
PT_112,2009,BE,376.0
PT_112,2009,FZ,366.0
PT_112,2009,GI,1387.0
PT_112,2009,JZ,54.0
PT_112,2009,KZ,0.0
PT_112,2009,LZ,92.0
PT_112,2009,MN,1491.0
PT_112,2009,OPQ,1070.0
PT_112,2009,RSU,286.0
PT_112,2010,A,79.0
PT_112,2010,BE,307.0
PT_112,2010,FZ,407.0
PT_112,2010,GI,1363.0
PT_112,2010,JZ,69.0
PT_112,2010,KZ,0.0
PT_112,2010,LZ,103.0
PT_112,2010,MN,1335.0
PT_112,2010,OPQ,942.0
PT_112,2010,RSU,276.0
PT_112,2011,A,150.0
PT_112,2011,BE,491.0
PT_112,2011,FZ,414.0
PT_112,2011,GI,1455.0
PT_112,2011,JZ,79.0
PT_112,2011,KZ,0.0
PT_112,2011,LZ,100.0
PT_112,2011,MN,1383.0
PT_112,2011,OPQ,744.0
PT_112,2011,RSU,332.0
PT_112,2012,A,169.0
PT_112,2012,BE,417.0
PT_112,2012,FZ,324.0
PT_112,2012,GI,1462.0
PT_112,2012,JZ,75.0
PT_112,2012,KZ,0.0
PT_112,2012,LZ,101.0
PT_112,2012,MN,1311.0
PT_112,2012,OPQ,603.0
PT_112,2012,RSU,293.0
PT_112,2013,A,1539.0
PT_112,2013,BE,513.0
PT_112,2013,FZ,368.0
PT_112,2013,GI,1699.0
PT_112,2013,JZ,88.0
PT_112,2013,KZ,0.0
PT_112,2013,LZ,104.0
PT_112,2013,MN,1490.0
PT_112,2013,OPQ,705.0
PT_112,2013,RSU,363.0
PT_112,2014,A,881.0
PT_112,2014,BE,485.0
PT_112,2014,FZ,396.0
PT_112,2014,GI,1544.0
PT_112,2014,JZ,65.0
PT_112,2014,KZ,0.0
PT_112,2014,LZ,125.0
PT_112,2014,MN,1500.0
PT_112,2014,OPQ,746.0
PT_112,2014,RSU,368.0
PT_112,2015,A,476.0
PT_112,2015,BE,464.0
PT_112,2015,FZ,407.0
PT_112,2015,GI,1640.0
PT_112,2015,JZ,97.0
PT_112,2015,KZ,0.0
PT_112,2015,LZ,154.0
PT_112,2015,MN,1591.0
PT_112,2015,OPQ,819.0
PT_112,2015,RSU,374.0
PT_112,2016,A,345.0
PT_112,2016,BE,602.0
PT_112,2016,FZ,453.0
PT_112,2016,GI,1439.0
PT_112,2016,JZ,80.0
PT_112,2016,KZ,0.0
PT_112,2016,LZ,164.0
PT_112,2016,MN,1716.0
PT_112,2016,OPQ,948.0
PT_112,2016,RSU,409.0
PT_112,2017,A,268.0
PT_112,2017,BE,397.0
PT_112,2017,FZ,490.0
PT_112,2017,GI,1448.0
PT_112,2017,JZ,104.0
PT_112,2017,KZ,0.0
PT_112,2017,LZ,231.0
PT_112,2017,MN,1845.0
PT_112,2017,OPQ,961.0
PT_112,2017,RSU,463.0
PT_112,2018,A,393.0
PT_112,2018,BE,383.0
PT_112,2018,FZ,570.0
PT_112,2018,GI,1582.0
PT_112,2018,JZ,144.0
PT_112,2018,KZ,0.0
PT_112,2018,LZ,235.0
PT_112,2018,MN,1954.0
PT_112,2018,OPQ,995.0
PT_112,2018,RSU,467.0
PT_112,2019,A,235.0
PT_112,2019,BE,393.0
PT_112,2019,FZ,615.0
PT_112,2019,GI,1606.0
PT_112,2019,JZ,158.0
PT_112,2019,KZ,0.0
PT_112,2019,LZ,267.0
PT_112,2019,MN,2077.0
PT_112,2019,OPQ,1014.0
PT_112,2019,RSU,519.0
PT_112,2020,A,198.0
PT_112,2020,BE,308.0
PT_112,2020,FZ,500.0
PT_112,2020,GI,1326.0
PT_112,2020,JZ,108.0
PT_112,2020,KZ,0.0
PT_112,2020,LZ,198.0
PT_112,2020,MN,1695.0
PT_112,2020,OPQ,1029.0
PT_112,2020,RSU,412.0
PT_112,2021,A,226.0
PT_112,2021,BE,364.0
PT_112,2021,FZ,590.0
PT_112,2021,GI,1464.0
PT_112,2021,JZ,200.0
PT_112,2021,KZ,0.0
PT_112,2021,LZ,272.0
PT_112,2021,MN,2082.0
PT_112,2021,OPQ,1048.0
PT_112,2021,RSU,449.0
PT_112,2022,A,209.0
PT_112,2022,BE,445.0
PT_112,2022,FZ,616.0
PT_112,2022,GI,1601.0
PT_112,2022,JZ,281.0
PT_112,2022,KZ,0.0
PT_112,2022,LZ,295.0
PT_112,2022,MN,2558.0
PT_112,2022,OPQ,1261.0
PT_112,2022,RSU,688.0
PT_112,2023,A,205.0
PT_112,2023,BE,373.0
PT_112,2023,FZ,687.0
PT_112,2023,GI,1875.0
PT_112,2023,JZ,284.0
PT_112,2023,KZ,0.0
PT_112,2023,LZ,296.0
PT_112,2023,MN,2896.0
PT_112,2023,OPQ,1175.0
PT_112,2023,RSU,700.0
PT_112,2024,A,213.0
PT_112,2024,BE,339.0
PT_112,2024,FZ,729.0
PT_112,2024,GI,1929.0
PT_112,2024,JZ,295.0
PT_112,2024,KZ,0.0
PT_112,2024,LZ,281.0
PT_112,2024,MN,3046.0
PT_112,2024,OPQ,1174.0
PT_112,2024,RSU,782.0
PT_119,2008,A,54.0
PT_119,2008,BE,597.0
PT_119,2008,FZ,405.0
PT_119,2008,GI,1767.0
PT_119,2008,JZ,43.0
PT_119,2008,KZ,0.0
PT_119,2008,LZ,97.0
PT_119,2008,MN,1423.0
PT_119,2008,OPQ,844.0
PT_119,2008,RSU,318.0
PT_119,2009,A,52.0
PT_119,2009,BE,450.0
PT_119,2009,FZ,296.0
PT_119,2009,GI,1486.0
PT_119,2009,JZ,38.0
PT_119,2009,KZ,0.0
PT_119,2009,LZ,73.0
PT_119,2009,MN,1041.0
PT_119,2009,OPQ,882.0
PT_119,2009,RSU,266.0
PT_119,2010,A,59.0
PT_119,2010,BE,431.0
PT_119,2010,FZ,288.0
PT_119,2010,GI,1467.0
PT_119,2010,JZ,34.0
PT_119,2010,KZ,0.0
PT_119,2010,LZ,72.0
PT_119,2010,MN,1052.0
PT_119,2010,OPQ,781.0
PT_119,2010,RSU,250.0
PT_119,2011,A,89.0
PT_119,2011,BE,538.0
PT_119,2011,FZ,281.0
PT_119,2011,GI,1522.0
PT_119,2011,JZ,52.0
PT_119,2011,KZ,0.0
PT_119,2011,LZ,81.0
PT_119,2011,MN,1029.0
PT_119,2011,OPQ,675.0
PT_119,2011,RSU,279.0
PT_119,2012,A,98.0
PT_119,2012,BE,514.0
PT_119,2012,FZ,247.0
PT_119,2012,GI,1535.0
PT_119,2012,JZ,54.0
PT_119,2012,KZ,0.0
PT_119,2012,LZ,77.0
PT_119,2012,MN,1179.0
PT_119,2012,OPQ,579.0
PT_119,2012,RSU,245.0
PT_119,2013,A,1020.0
PT_119,2013,BE,571.0
PT_119,2013,FZ,249.0
PT_119,2013,GI,1674.0
PT_119,2013,JZ,43.0
PT_119,2013,KZ,0.0
PT_119,2013,LZ,81.0
PT_119,2013,MN,1115.0
PT_119,2013,OPQ,612.0
PT_119,2013,RSU,342.0
PT_119,2014,A,811.0
PT_119,2014,BE,573.0
PT_119,2014,FZ,269.0
PT_119,2014,GI,1537.0
PT_119,2014,JZ,44.0
PT_119,2014,KZ,0.0
PT_119,2014,LZ,79.0
PT_119,2014,MN,1130.0
PT_119,2014,OPQ,660.0
PT_119,2014,RSU,318.0
PT_119,2015,A,328.0
PT_119,2015,BE,570.0
PT_119,2015,FZ,297.0
PT_119,2015,GI,1599.0
PT_119,2015,JZ,47.0
PT_119,2015,KZ,0.0
PT_119,2015,LZ,92.0
PT_119,2015,MN,1266.0
PT_119,2015,OPQ,791.0
PT_119,2015,RSU,372.0
PT_119,2016,A,249.0
PT_119,2016,BE,547.0
PT_119,2016,FZ,279.0
PT_119,2016,GI,1503.0
PT_119,2016,JZ,65.0
PT_119,2016,KZ,0.0
PT_119,2016,LZ,123.0
PT_119,2016,MN,1469.0
PT_119,2016,OPQ,780.0
PT_119,2016,RSU,381.0
PT_119,2017,A,272.0
PT_119,2017,BE,458.0
PT_119,2017,FZ,327.0
PT_119,2017,GI,1393.0
PT_119,2017,JZ,42.0
PT_119,2017,KZ,0.0
PT_119,2017,LZ,172.0
PT_119,2017,MN,1436.0
PT_119,2017,OPQ,820.0
PT_119,2017,RSU,377.0
PT_119,2018,A,264.0
PT_119,2018,BE,446.0
PT_119,2018,FZ,363.0
PT_119,2018,GI,1390.0
PT_119,2018,JZ,47.0
PT_119,2018,KZ,0.0
PT_119,2018,LZ,190.0
PT_119,2018,MN,1328.0
PT_119,2018,OPQ,853.0
PT_119,2018,RSU,412.0
PT_119,2019,A,190.0
PT_119,2019,BE,433.0
PT_119,2019,FZ,355.0
PT_119,2019,GI,1432.0
PT_119,2019,JZ,62.0
PT_119,2019,KZ,0.0
PT_119,2019,LZ,145.0
PT_119,2019,MN,1385.0
PT_119,2019,OPQ,843.0
PT_119,2019,RSU,474.0
PT_119,2020,A,217.0
PT_119,2020,BE,388.0
PT_119,2020,FZ,337.0
PT_119,2020,GI,1234.0
PT_119,2020,JZ,63.0
PT_119,2020,KZ,0.0
PT_119,2020,LZ,159.0
PT_119,2020,MN,1236.0
PT_119,2020,OPQ,801.0
PT_119,2020,RSU,339.0
PT_119,2021,A,170.0
PT_119,2021,BE,413.0
PT_119,2021,FZ,366.0
PT_119,2021,GI,1320.0
PT_119,2021,JZ,116.0
PT_119,2021,KZ,0.0
PT_119,2021,LZ,227.0
PT_119,2021,MN,1478.0
PT_119,2021,OPQ,915.0
PT_119,2021,RSU,449.0
PT_119,2022,A,207.0
PT_119,2022,BE,395.0
PT_119,2022,FZ,418.0
PT_119,2022,GI,1268.0
PT_119,2022,JZ,117.0
PT_119,2022,KZ,0.0
PT_119,2022,LZ,188.0
PT_119,2022,MN,1846.0
PT_119,2022,OPQ,984.0
PT_119,2022,RSU,599.0
PT_119,2023,A,172.0
PT_119,2023,BE,339.0
PT_119,2023,FZ,504.0
PT_119,2023,GI,1486.0
PT_119,2023,JZ,126.0
PT_119,2023,KZ,0.0
PT_119,2023,LZ,208.0
PT_119,2023,MN,1962.0
PT_119,2023,OPQ,965.0
PT_119,2023,RSU,605.0
PT_119,2024,A,144.0
PT_119,2024,BE,350.0
PT_119,2024,FZ,483.0
PT_119,2024,GI,1582.0
PT_119,2024,JZ,141.0
PT_119,2024,KZ,0.0
PT_119,2024,LZ,201.0
PT_119,2024,MN,2052.0
PT_119,2024,OPQ,1018.0
PT_119,2024,RSU,721.0
PT_11A,2008,A,236.0
PT_11A,2008,BE,1490.0
PT_11A,2008,FZ,1553.0
PT_11A,2008,GI,7525.0
PT_11A,2008,JZ,405.0
PT_11A,2008,KZ,0.0
PT_11A,2008,LZ,511.0
PT_11A,2008,MN,11995.0
PT_11A,2008,OPQ,4133.0
PT_11A,2008,RSU,2009.0
PT_11A,2009,A,202.0
PT_11A,2009,BE,1103.0
PT_11A,2009,FZ,1032.0
PT_11A,2009,GI,6221.0
PT_11A,2009,JZ,317.0
PT_11A,2009,KZ,0.0
PT_11A,2009,LZ,390.0
PT_11A,2009,MN,9469.0
PT_11A,2009,OPQ,4171.0
PT_11A,2009,RSU,1601.0
PT_11A,2010,A,192.0
PT_11A,2010,BE,1008.0
PT_11A,2010,FZ,929.0
PT_11A,2010,GI,5839.0
PT_11A,2010,JZ,337.0
PT_11A,2010,KZ,0.0
PT_11A,2010,LZ,406.0
PT_11A,2010,MN,8992.0
PT_11A,2010,OPQ,3876.0
PT_11A,2010,RSU,1495.0
PT_11A,2011,A,385.0
PT_11A,2011,BE,1272.0
PT_11A,2011,FZ,926.0
PT_11A,2011,GI,6267.0
PT_11A,2011,JZ,416.0
PT_11A,2011,KZ,0.0
PT_11A,2011,LZ,413.0
PT_11A,2011,MN,8749.0
PT_11A,2011,OPQ,3469.0
PT_11A,2011,RSU,1702.0
PT_11A,2012,A,337.0
PT_11A,2012,BE,1197.0
PT_11A,2012,FZ,764.0
PT_11A,2012,GI,6191.0
PT_11A,2012,JZ,357.0
PT_11A,2012,KZ,0.0
PT_11A,2012,LZ,473.0
PT_11A,2012,MN,8379.0
PT_11A,2012,OPQ,2988.0
PT_11A,2012,RSU,1623.0
PT_11A,2013,A,2517.0
PT_11A,2013,BE,1410.0
PT_11A,2013,FZ,900.0
PT_11A,2013,GI,7262.0
PT_11A,2013,JZ,358.0
PT_11A,2013,KZ,0.0
PT_11A,2013,LZ,473.0
PT_11A,2013,MN,8901.0
PT_11A,2013,OPQ,3322.0
PT_11A,2013,RSU,1906.0
PT_11A,2014,A,1792.0
PT_11A,2014,BE,1391.0
PT_11A,2014,FZ,936.0
PT_11A,2014,GI,6834.0
PT_11A,2014,JZ,415.0
PT_11A,2014,KZ,0.0
PT_11A,2014,LZ,554.0
PT_11A,2014,MN,9417.0
PT_11A,2014,OPQ,3436.0
PT_11A,2014,RSU,1849.0
PT_11A,2015,A,963.0
PT_11A,2015,BE,1436.0
PT_11A,2015,FZ,1041.0
PT_11A,2015,GI,7211.0
PT_11A,2015,JZ,443.0
PT_11A,2015,KZ,0.0
PT_11A,2015,LZ,693.0
PT_11A,2015,MN,10150.0
PT_11A,2015,OPQ,3891.0
PT_11A,2015,RSU,2104.0
PT_11A,2016,A,693.0
PT_11A,2016,BE,1513.0
PT_11A,2016,FZ,1040.0
PT_11A,2016,GI,6956.0
PT_11A,2016,JZ,454.0
PT_11A,2016,KZ,0.0
PT_11A,2016,LZ,850.0
PT_11A,2016,MN,10670.0
PT_11A,2016,OPQ,4093.0
PT_11A,2016,RSU,2224.0
PT_11A,2017,A,755.0
PT_11A,2017,BE,1130.0
PT_11A,2017,FZ,1109.0
PT_11A,2017,GI,7320.0
PT_11A,2017,JZ,548.0
PT_11A,2017,KZ,0.0
PT_11A,2017,LZ,1120.0
PT_11A,2017,MN,11584.0
PT_11A,2017,OPQ,4207.0
PT_11A,2017,RSU,2415.0
PT_11A,2018,A,742.0
PT_11A,2018,BE,1185.0
PT_11A,2018,FZ,1193.0
PT_11A,2018,GI,7694.0
PT_11A,2018,JZ,610.0
PT_11A,2018,KZ,0.0
PT_11A,2018,LZ,1268.0
PT_11A,2018,MN,11398.0
PT_11A,2018,OPQ,4203.0
PT_11A,2018,RSU,2381.0
PT_11A,2019,A,554.0
PT_11A,2019,BE,1244.0
PT_11A,2019,FZ,1549.0
PT_11A,2019,GI,8565.0
PT_11A,2019,JZ,743.0
PT_11A,2019,KZ,0.0
PT_11A,2019,LZ,1400.0
PT_11A,2019,MN,14283.0
PT_11A,2019,OPQ,4416.0
PT_11A,2019,RSU,2658.0
PT_11A,2020,A,494.0
PT_11A,2020,BE,947.0
PT_11A,2020,FZ,1206.0
PT_11A,2020,GI,6698.0
PT_11A,2020,JZ,521.0
PT_11A,2020,KZ,0.0
PT_11A,2020,LZ,1074.0
PT_11A,2020,MN,9674.0
PT_11A,2020,OPQ,3939.0
PT_11A,2020,RSU,2024.0
PT_11A,2021,A,462.0
PT_11A,2021,BE,1037.0
PT_11A,2021,FZ,1391.0
PT_11A,2021,GI,7045.0
PT_11A,2021,JZ,1055.0
PT_11A,2021,KZ,0.0
PT_11A,2021,LZ,1317.0
PT_11A,2021,MN,11771.0
PT_11A,2021,OPQ,4495.0
PT_11A,2021,RSU,2174.0
PT_11A,2022,A,532.0
PT_11A,2022,BE,1243.0
PT_11A,2022,FZ,1692.0
PT_11A,2022,GI,8047.0
PT_11A,2022,JZ,1554.0
PT_11A,2022,KZ,0.0
PT_11A,2022,LZ,1465.0
PT_11A,2022,MN,19510.0
PT_11A,2022,OPQ,5217.0
PT_11A,2022,RSU,3442.0
PT_11A,2023,A,516.0
PT_11A,2023,BE,1160.0
PT_11A,2023,FZ,1793.0
PT_11A,2023,GI,9512.0
PT_11A,2023,JZ,1592.0
PT_11A,2023,KZ,0.0
PT_11A,2023,LZ,1270.0
PT_11A,2023,MN,20108.0
PT_11A,2023,OPQ,4889.0
PT_11A,2023,RSU,3577.0
PT_11A,2024,A,536.0
PT_11A,2024,BE,1171.0
PT_11A,2024,FZ,2067.0
PT_11A,2024,GI,9283.0
PT_11A,2024,JZ,1517.0
PT_11A,2024,KZ,0.0
PT_11A,2024,LZ,1333.0
PT_11A,2024,MN,20741.0
PT_11A,2024,OPQ,4959.0
PT_11A,2024,RSU,3817.0
PT_11B,2008,A,64.0
PT_11B,2008,BE,42.0
PT_11B,2008,FZ,107.0
PT_11B,2008,GI,335.0
PT_11B,2008,JZ,8.0
PT_11B,2008,KZ,0.0
PT_11B,2008,LZ,19.0
PT_11B,2008,MN,241.0
PT_11B,2008,OPQ,184.0
PT_11B,2008,RSU,70.0
PT_11B,2009,A,47.0
PT_11B,2009,BE,37.0
PT_11B,2009,FZ,64.0
PT_11B,2009,GI,291.0
PT_11B,2009,JZ,6.0
PT_11B,2009,KZ,0.0
PT_11B,2009,LZ,18.0
PT_11B,2009,MN,189.0
PT_11B,2009,OPQ,233.0
PT_11B,2009,RSU,75.0
PT_11B,2010,A,47.0
PT_11B,2010,BE,26.0
PT_11B,2010,FZ,67.0
PT_11B,2010,GI,300.0
PT_11B,2010,JZ,9.0
PT_11B,2010,KZ,0.0
PT_11B,2010,LZ,9.0
PT_11B,2010,MN,177.0
PT_11B,2010,OPQ,202.0
PT_11B,2010,RSU,65.0
PT_11B,2011,A,115.0
PT_11B,2011,BE,45.0
PT_11B,2011,FZ,50.0
PT_11B,2011,GI,335.0
PT_11B,2011,JZ,12.0
PT_11B,2011,KZ,0.0
PT_11B,2011,LZ,6.0
PT_11B,2011,MN,176.0
PT_11B,2011,OPQ,175.0
PT_11B,2011,RSU,80.0
PT_11B,2012,A,92.0
PT_11B,2012,BE,43.0
PT_11B,2012,FZ,52.0
PT_11B,2012,GI,278.0
PT_11B,2012,JZ,3.0
PT_11B,2012,KZ,0.0
PT_11B,2012,LZ,5.0
PT_11B,2012,MN,148.0
PT_11B,2012,OPQ,126.0
PT_11B,2012,RSU,54.0
PT_11B,2013,A,3471.0
PT_11B,2013,BE,58.0
PT_11B,2013,FZ,102.0
PT_11B,2013,GI,462.0
PT_11B,2013,JZ,8.0
PT_11B,2013,KZ,0.0
PT_11B,2013,LZ,9.0
PT_11B,2013,MN,189.0
PT_11B,2013,OPQ,154.0
PT_11B,2013,RSU,67.0
PT_11B,2014,A,1076.0
PT_11B,2014,BE,41.0
PT_11B,2014,FZ,75.0
PT_11B,2014,GI,269.0
PT_11B,2014,JZ,4.0
PT_11B,2014,KZ,0.0
PT_11B,2014,LZ,8.0
PT_11B,2014,MN,225.0
PT_11B,2014,OPQ,172.0
PT_11B,2014,RSU,56.0
PT_11B,2015,A,573.0
PT_11B,2015,BE,45.0
PT_11B,2015,FZ,82.0
PT_11B,2015,GI,331.0
PT_11B,2015,JZ,4.0
PT_11B,2015,KZ,0.0
PT_11B,2015,LZ,12.0
PT_11B,2015,MN,223.0
PT_11B,2015,OPQ,144.0
PT_11B,2015,RSU,62.0
PT_11B,2016,A,509.0
PT_11B,2016,BE,78.0
PT_11B,2016,FZ,70.0
PT_11B,2016,GI,286.0
PT_11B,2016,JZ,16.0
PT_11B,2016,KZ,0.0
PT_11B,2016,LZ,11.0
PT_11B,2016,MN,238.0
PT_11B,2016,OPQ,117.0
PT_11B,2016,RSU,78.0
PT_11B,2017,A,360.0
PT_11B,2017,BE,44.0
PT_11B,2017,FZ,76.0
PT_11B,2017,GI,265.0
PT_11B,2017,JZ,10.0
PT_11B,2017,KZ,0.0
PT_11B,2017,LZ,14.0
PT_11B,2017,MN,259.0
PT_11B,2017,OPQ,159.0
PT_11B,2017,RSU,61.0
PT_11B,2018,A,489.0
PT_11B,2018,BE,85.0
PT_11B,2018,FZ,135.0
PT_11B,2018,GI,470.0
PT_11B,2018,JZ,11.0
PT_11B,2018,KZ,0.0
PT_11B,2018,LZ,21.0
PT_11B,2018,MN,302.0
PT_11B,2018,OPQ,187.0
PT_11B,2018,RSU,87.0
PT_11B,2019,A,454.0
PT_11B,2019,BE,56.0
PT_11B,2019,FZ,102.0
PT_11B,2019,GI,314.0
PT_11B,2019,JZ,5.0
PT_11B,2019,KZ,0.0
PT_11B,2019,LZ,17.0
PT_11B,2019,MN,226.0
PT_11B,2019,OPQ,149.0
PT_11B,2019,RSU,74.0
PT_11B,2020,A,290.0
PT_11B,2020,BE,34.0
PT_11B,2020,FZ,101.0
PT_11B,2020,GI,232.0
PT_11B,2020,JZ,11.0
PT_11B,2020,KZ,0.0
PT_11B,2020,LZ,16.0
PT_11B,2020,MN,201.0
PT_11B,2020,OPQ,160.0
PT_11B,2020,RSU,60.0
PT_11B,2021,A,316.0
PT_11B,2021,BE,41.0
PT_11B,2021,FZ,95.0
PT_11B,2021,GI,248.0
PT_11B,2021,JZ,11.0
PT_11B,2021,KZ,0.0
PT_11B,2021,LZ,19.0
PT_11B,2021,MN,286.0
PT_11B,2021,OPQ,158.0
PT_11B,2021,RSU,74.0
PT_11B,2022,A,294.0
PT_11B,2022,BE,50.0
PT_11B,2022,FZ,100.0
PT_11B,2022,GI,259.0
PT_11B,2022,JZ,14.0
PT_11B,2022,KZ,0.0
PT_11B,2022,LZ,19.0
PT_11B,2022,MN,327.0
PT_11B,2022,OPQ,200.0
PT_11B,2022,RSU,101.0
PT_11B,2023,A,328.0
PT_11B,2023,BE,44.0
PT_11B,2023,FZ,125.0
PT_11B,2023,GI,284.0
PT_11B,2023,JZ,12.0
PT_11B,2023,KZ,0.0
PT_11B,2023,LZ,31.0
PT_11B,2023,MN,349.0
PT_11B,2023,OPQ,152.0
PT_11B,2023,RSU,98.0
PT_11B,2024,A,330.0
PT_11B,2024,BE,49.0
PT_11B,2024,FZ,114.0
PT_11B,2024,GI,259.0
PT_11B,2024,JZ,16.0
PT_11B,2024,KZ,0.0
PT_11B,2024,LZ,23.0
PT_11B,2024,MN,340.0
PT_11B,2024,OPQ,154.0
PT_11B,2024,RSU,100.0
PT_11C,2008,A,95.0
PT_11C,2008,BE,501.0
PT_11C,2008,FZ,550.0
PT_11C,2008,GI,1444.0
PT_11C,2008,JZ,27.0
PT_11C,2008,KZ,0.0
PT_11C,2008,LZ,87.0
PT_11C,2008,MN,941.0
PT_11C,2008,OPQ,656.0
PT_11C,2008,RSU,214.0
PT_11C,2009,A,98.0
PT_11C,2009,BE,336.0
PT_11C,2009,FZ,416.0
PT_11C,2009,GI,1300.0
PT_11C,2009,JZ,22.0
PT_11C,2009,KZ,0.0
PT_11C,2009,LZ,63.0
PT_11C,2009,MN,813.0
PT_11C,2009,OPQ,816.0
PT_11C,2009,RSU,213.0
PT_11C,2010,A,93.0
PT_11C,2010,BE,358.0
PT_11C,2010,FZ,424.0
PT_11C,2010,GI,1248.0
PT_11C,2010,JZ,21.0
PT_11C,2010,KZ,0.0
PT_11C,2010,LZ,69.0
PT_11C,2010,MN,818.0
PT_11C,2010,OPQ,645.0
PT_11C,2010,RSU,203.0
PT_11C,2011,A,157.0
PT_11C,2011,BE,582.0
PT_11C,2011,FZ,407.0
PT_11C,2011,GI,1344.0
PT_11C,2011,JZ,25.0
PT_11C,2011,KZ,0.0
PT_11C,2011,LZ,56.0
PT_11C,2011,MN,763.0
PT_11C,2011,OPQ,573.0
PT_11C,2011,RSU,237.0
PT_11C,2012,A,321.0
PT_11C,2012,BE,450.0
PT_11C,2012,FZ,323.0
PT_11C,2012,GI,1373.0
PT_11C,2012,JZ,21.0
PT_11C,2012,KZ,0.0
PT_11C,2012,LZ,59.0
PT_11C,2012,MN,742.0
PT_11C,2012,OPQ,425.0
PT_11C,2012,RSU,197.0
PT_11C,2013,A,2403.0
PT_11C,2013,BE,593.0
PT_11C,2013,FZ,381.0
PT_11C,2013,GI,1607.0
PT_11C,2013,JZ,25.0
PT_11C,2013,KZ,0.0
PT_11C,2013,LZ,57.0
PT_11C,2013,MN,821.0
PT_11C,2013,OPQ,516.0
PT_11C,2013,RSU,255.0
PT_11C,2014,A,1379.0
PT_11C,2014,BE,620.0
PT_11C,2014,FZ,384.0
PT_11C,2014,GI,1370.0
PT_11C,2014,JZ,13.0
PT_11C,2014,KZ,0.0
PT_11C,2014,LZ,86.0
PT_11C,2014,MN,844.0
PT_11C,2014,OPQ,558.0
PT_11C,2014,RSU,259.0
PT_11C,2015,A,669.0
PT_11C,2015,BE,547.0
PT_11C,2015,FZ,441.0
PT_11C,2015,GI,1524.0
PT_11C,2015,JZ,31.0
PT_11C,2015,KZ,0.0
PT_11C,2015,LZ,87.0
PT_11C,2015,MN,947.0
PT_11C,2015,OPQ,657.0
PT_11C,2015,RSU,291.0
PT_11C,2016,A,426.0
PT_11C,2016,BE,563.0
PT_11C,2016,FZ,412.0
PT_11C,2016,GI,1342.0
PT_11C,2016,JZ,42.0
PT_11C,2016,KZ,0.0
PT_11C,2016,LZ,100.0
PT_11C,2016,MN,1049.0
PT_11C,2016,OPQ,651.0
PT_11C,2016,RSU,318.0
PT_11C,2017,A,470.0
PT_11C,2017,BE,487.0
PT_11C,2017,FZ,431.0
PT_11C,2017,GI,1380.0
PT_11C,2017,JZ,33.0
PT_11C,2017,KZ,0.0
PT_11C,2017,LZ,112.0
PT_11C,2017,MN,1135.0
PT_11C,2017,OPQ,793.0
PT_11C,2017,RSU,329.0
PT_11C,2018,A,448.0
PT_11C,2018,BE,491.0
PT_11C,2018,FZ,473.0
PT_11C,2018,GI,1343.0
PT_11C,2018,JZ,41.0
PT_11C,2018,KZ,0.0
PT_11C,2018,LZ,143.0
PT_11C,2018,MN,1201.0
PT_11C,2018,OPQ,840.0
PT_11C,2018,RSU,351.0
PT_11C,2019,A,343.0
PT_11C,2019,BE,482.0
PT_11C,2019,FZ,559.0
PT_11C,2019,GI,1305.0
PT_11C,2019,JZ,44.0
PT_11C,2019,KZ,0.0
PT_11C,2019,LZ,152.0
PT_11C,2019,MN,1060.0
PT_11C,2019,OPQ,857.0
PT_11C,2019,RSU,360.0
PT_11C,2020,A,320.0
PT_11C,2020,BE,424.0
PT_11C,2020,FZ,457.0
PT_11C,2020,GI,1119.0
PT_11C,2020,JZ,40.0
PT_11C,2020,KZ,0.0
PT_11C,2020,LZ,130.0
PT_11C,2020,MN,1009.0
PT_11C,2020,OPQ,778.0
PT_11C,2020,RSU,307.0
PT_11C,2021,A,310.0
PT_11C,2021,BE,401.0
PT_11C,2021,FZ,579.0
PT_11C,2021,GI,1156.0
PT_11C,2021,JZ,63.0
PT_11C,2021,KZ,0.0
PT_11C,2021,LZ,151.0
PT_11C,2021,MN,1091.0
PT_11C,2021,OPQ,906.0
PT_11C,2021,RSU,314.0
PT_11C,2022,A,358.0
PT_11C,2022,BE,479.0
PT_11C,2022,FZ,513.0
PT_11C,2022,GI,1170.0
PT_11C,2022,JZ,71.0
PT_11C,2022,KZ,0.0
PT_11C,2022,LZ,150.0
PT_11C,2022,MN,1383.0
PT_11C,2022,OPQ,934.0
PT_11C,2022,RSU,395.0
PT_11C,2023,A,309.0
PT_11C,2023,BE,371.0
PT_11C,2023,FZ,526.0
PT_11C,2023,GI,1278.0
PT_11C,2023,JZ,84.0
PT_11C,2023,KZ,0.0
PT_11C,2023,LZ,161.0
PT_11C,2023,MN,1434.0
PT_11C,2023,OPQ,822.0
PT_11C,2023,RSU,475.0
PT_11C,2024,A,324.0
PT_11C,2024,BE,385.0
PT_11C,2024,FZ,648.0
PT_11C,2024,GI,1353.0
PT_11C,2024,JZ,96.0
PT_11C,2024,KZ,0.0
PT_11C,2024,LZ,184.0
PT_11C,2024,MN,1502.0
PT_11C,2024,OPQ,851.0
PT_11C,2024,RSU,498.0
PT_11D,2008,A,162.0
PT_11D,2008,BE,94.0
PT_11D,2008,FZ,180.0
PT_11D,2008,GI,711.0
PT_11D,2008,JZ,22.0
PT_11D,2008,KZ,0.0
PT_11D,2008,LZ,23.0
PT_11D,2008,MN,628.0
PT_11D,2008,OPQ,460.0
PT_11D,2008,RSU,149.0
PT_11D,2009,A,125.0
PT_11D,2009,BE,65.0
PT_11D,2009,FZ,127.0
PT_11D,2009,GI,581.0
PT_11D,2009,JZ,19.0
PT_11D,2009,KZ,0.0
PT_11D,2009,LZ,16.0
PT_11D,2009,MN,588.0
PT_11D,2009,OPQ,525.0
PT_11D,2009,RSU,114.0
PT_11D,2010,A,141.0
PT_11D,2010,BE,60.0
PT_11D,2010,FZ,139.0
PT_11D,2010,GI,545.0
PT_11D,2010,JZ,14.0
PT_11D,2010,KZ,0.0
PT_11D,2010,LZ,18.0
PT_11D,2010,MN,537.0
PT_11D,2010,OPQ,384.0
PT_11D,2010,RSU,100.0
PT_11D,2011,A,898.0
PT_11D,2011,BE,79.0
PT_11D,2011,FZ,122.0
PT_11D,2011,GI,626.0
PT_11D,2011,JZ,16.0
PT_11D,2011,KZ,0.0
PT_11D,2011,LZ,22.0
PT_11D,2011,MN,486.0
PT_11D,2011,OPQ,370.0
PT_11D,2011,RSU,130.0
PT_11D,2012,A,574.0
PT_11D,2012,BE,65.0
PT_11D,2012,FZ,97.0
PT_11D,2012,GI,574.0
PT_11D,2012,JZ,16.0
PT_11D,2012,KZ,0.0
PT_11D,2012,LZ,27.0
PT_11D,2012,MN,473.0
PT_11D,2012,OPQ,257.0
PT_11D,2012,RSU,114.0
PT_11D,2013,A,9799.0
PT_11D,2013,BE,142.0
PT_11D,2013,FZ,225.0
PT_11D,2013,GI,1119.0
PT_11D,2013,JZ,19.0
PT_11D,2013,KZ,0.0
PT_11D,2013,LZ,22.0
PT_11D,2013,MN,535.0
PT_11D,2013,OPQ,286.0
PT_11D,2013,RSU,143.0
PT_11D,2014,A,3544.0
PT_11D,2014,BE,71.0
PT_11D,2014,FZ,127.0
PT_11D,2014,GI,614.0
PT_11D,2014,JZ,21.0
PT_11D,2014,KZ,0.0
PT_11D,2014,LZ,26.0
PT_11D,2014,MN,547.0
PT_11D,2014,OPQ,312.0
PT_11D,2014,RSU,138.0
PT_11D,2015,A,1373.0
PT_11D,2015,BE,79.0
PT_11D,2015,FZ,124.0
PT_11D,2015,GI,644.0
PT_11D,2015,JZ,16.0
PT_11D,2015,KZ,0.0
PT_11D,2015,LZ,23.0
PT_11D,2015,MN,576.0
PT_11D,2015,OPQ,336.0
PT_11D,2015,RSU,141.0
PT_11D,2016,A,1065.0
PT_11D,2016,BE,112.0
PT_11D,2016,FZ,133.0
PT_11D,2016,GI,617.0
PT_11D,2016,JZ,21.0
PT_11D,2016,KZ,0.0
PT_11D,2016,LZ,33.0
PT_11D,2016,MN,591.0
PT_11D,2016,OPQ,335.0
PT_11D,2016,RSU,142.0
PT_11D,2017,A,914.0
PT_11D,2017,BE,77.0
PT_11D,2017,FZ,125.0
PT_11D,2017,GI,543.0
PT_11D,2017,JZ,26.0
PT_11D,2017,KZ,0.0
PT_11D,2017,LZ,39.0
PT_11D,2017,MN,618.0
PT_11D,2017,OPQ,393.0
PT_11D,2017,RSU,158.0
PT_11D,2018,A,1062.0
PT_11D,2018,BE,145.0
PT_11D,2018,FZ,220.0
PT_11D,2018,GI,1015.0
PT_11D,2018,JZ,19.0
PT_11D,2018,KZ,0.0
PT_11D,2018,LZ,43.0
PT_11D,2018,MN,809.0
PT_11D,2018,OPQ,505.0
PT_11D,2018,RSU,199.0
PT_11D,2019,A,823.0
PT_11D,2019,BE,77.0
PT_11D,2019,FZ,162.0
PT_11D,2019,GI,554.0
PT_11D,2019,JZ,18.0
PT_11D,2019,KZ,0.0
PT_11D,2019,LZ,35.0
PT_11D,2019,MN,620.0
PT_11D,2019,OPQ,419.0
PT_11D,2019,RSU,159.0
PT_11D,2020,A,687.0
PT_11D,2020,BE,55.0
PT_11D,2020,FZ,140.0
PT_11D,2020,GI,505.0
PT_11D,2020,JZ,26.0
PT_11D,2020,KZ,0.0
PT_11D,2020,LZ,43.0
PT_11D,2020,MN,586.0
PT_11D,2020,OPQ,366.0
PT_11D,2020,RSU,135.0
PT_11D,2021,A,770.0
PT_11D,2021,BE,76.0
PT_11D,2021,FZ,152.0
PT_11D,2021,GI,474.0
PT_11D,2021,JZ,24.0
PT_11D,2021,KZ,0.0
PT_11D,2021,LZ,42.0
PT_11D,2021,MN,590.0
PT_11D,2021,OPQ,363.0
PT_11D,2021,RSU,123.0
PT_11D,2022,A,798.0
PT_11D,2022,BE,83.0
PT_11D,2022,FZ,145.0
PT_11D,2022,GI,561.0
PT_11D,2022,JZ,36.0
PT_11D,2022,KZ,0.0
PT_11D,2022,LZ,43.0
PT_11D,2022,MN,691.0
PT_11D,2022,OPQ,483.0
PT_11D,2022,RSU,173.0
PT_11D,2023,A,916.0
PT_11D,2023,BE,85.0
PT_11D,2023,FZ,153.0
PT_11D,2023,GI,617.0
PT_11D,2023,JZ,38.0
PT_11D,2023,KZ,0.0
PT_11D,2023,LZ,43.0
PT_11D,2023,MN,840.0
PT_11D,2023,OPQ,376.0
PT_11D,2023,RSU,181.0
PT_11D,2024,A,818.0
PT_11D,2024,BE,85.0
PT_11D,2024,FZ,160.0
PT_11D,2024,GI,552.0
PT_11D,2024,JZ,43.0
PT_11D,2024,KZ,0.0
PT_11D,2024,LZ,45.0
PT_11D,2024,MN,859.0
PT_11D,2024,OPQ,408.0
PT_11D,2024,RSU,192.0
PT_11E,2008,A,139.0
PT_11E,2008,BE,57.0
PT_11E,2008,FZ,118.0
PT_11E,2008,GI,431.0
PT_11E,2008,JZ,11.0
PT_11E,2008,KZ,0.0
PT_11E,2008,LZ,17.0
PT_11E,2008,MN,352.0
PT_11E,2008,OPQ,288.0
PT_11E,2008,RSU,56.0
PT_11E,2009,A,107.0
PT_11E,2009,BE,46.0
PT_11E,2009,FZ,88.0
PT_11E,2009,GI,368.0
PT_11E,2009,JZ,11.0
PT_11E,2009,KZ,0.0
PT_11E,2009,LZ,12.0
PT_11E,2009,MN,297.0
PT_11E,2009,OPQ,328.0
PT_11E,2009,RSU,64.0
PT_11E,2010,A,151.0
PT_11E,2010,BE,40.0
PT_11E,2010,FZ,88.0
PT_11E,2010,GI,366.0
PT_11E,2010,JZ,6.0
PT_11E,2010,KZ,0.0
PT_11E,2010,LZ,12.0
PT_11E,2010,MN,278.0
PT_11E,2010,OPQ,269.0
PT_11E,2010,RSU,72.0
PT_11E,2011,A,298.0
PT_11E,2011,BE,51.0
PT_11E,2011,FZ,83.0
PT_11E,2011,GI,392.0
PT_11E,2011,JZ,11.0
PT_11E,2011,KZ,0.0
PT_11E,2011,LZ,16.0
PT_11E,2011,MN,281.0
PT_11E,2011,OPQ,262.0
PT_11E,2011,RSU,78.0
PT_11E,2012,A,171.0
PT_11E,2012,BE,34.0
PT_11E,2012,FZ,76.0
PT_11E,2012,GI,350.0
PT_11E,2012,JZ,6.0
PT_11E,2012,KZ,0.0
PT_11E,2012,LZ,15.0
PT_11E,2012,MN,272.0
PT_11E,2012,OPQ,170.0
PT_11E,2012,RSU,62.0
PT_11E,2013,A,6283.0
PT_11E,2013,BE,96.0
PT_11E,2013,FZ,141.0
PT_11E,2013,GI,661.0
PT_11E,2013,JZ,12.0
PT_11E,2013,KZ,0.0
PT_11E,2013,LZ,11.0
PT_11E,2013,MN,292.0
PT_11E,2013,OPQ,226.0
PT_11E,2013,RSU,91.0
PT_11E,2014,A,3135.0
PT_11E,2014,BE,57.0
PT_11E,2014,FZ,102.0
PT_11E,2014,GI,392.0
PT_11E,2014,JZ,6.0
PT_11E,2014,KZ,0.0
PT_11E,2014,LZ,7.0
PT_11E,2014,MN,234.0
PT_11E,2014,OPQ,185.0
PT_11E,2014,RSU,88.0
PT_11E,2015,A,1322.0
PT_11E,2015,BE,54.0
PT_11E,2015,FZ,89.0
PT_11E,2015,GI,399.0
PT_11E,2015,JZ,17.0
PT_11E,2015,KZ,0.0
PT_11E,2015,LZ,13.0
PT_11E,2015,MN,265.0
PT_11E,2015,OPQ,211.0
PT_11E,2015,RSU,82.0
PT_11E,2016,A,901.0
PT_11E,2016,BE,96.0
PT_11E,2016,FZ,83.0
PT_11E,2016,GI,313.0
PT_11E,2016,JZ,6.0
PT_11E,2016,KZ,0.0
PT_11E,2016,LZ,15.0
PT_11E,2016,MN,271.0
PT_11E,2016,OPQ,208.0
PT_11E,2016,RSU,84.0
PT_11E,2017,A,723.0
PT_11E,2017,BE,51.0
PT_11E,2017,FZ,96.0
PT_11E,2017,GI,381.0
PT_11E,2017,JZ,11.0
PT_11E,2017,KZ,0.0
PT_11E,2017,LZ,16.0
PT_11E,2017,MN,290.0
PT_11E,2017,OPQ,246.0
PT_11E,2017,RSU,92.0
PT_11E,2018,A,1046.0
PT_11E,2018,BE,162.0
PT_11E,2018,FZ,258.0
PT_11E,2018,GI,799.0
PT_11E,2018,JZ,19.0
PT_11E,2018,KZ,0.0
PT_11E,2018,LZ,25.0
PT_11E,2018,MN,422.0
PT_11E,2018,OPQ,359.0
PT_11E,2018,RSU,140.0
PT_11E,2019,A,929.0
PT_11E,2019,BE,55.0
PT_11E,2019,FZ,110.0
PT_11E,2019,GI,360.0
PT_11E,2019,JZ,10.0
PT_11E,2019,KZ,0.0
PT_11E,2019,LZ,24.0
PT_11E,2019,MN,326.0
PT_11E,2019,OPQ,246.0
PT_11E,2019,RSU,76.0
PT_11E,2020,A,740.0
PT_11E,2020,BE,42.0
PT_11E,2020,FZ,90.0
PT_11E,2020,GI,301.0
PT_11E,2020,JZ,10.0
PT_11E,2020,KZ,0.0
PT_11E,2020,LZ,28.0
PT_11E,2020,MN,268.0
PT_11E,2020,OPQ,228.0
PT_11E,2020,RSU,64.0
PT_11E,2021,A,883.0
PT_11E,2021,BE,67.0
PT_11E,2021,FZ,128.0
PT_11E,2021,GI,352.0
PT_11E,2021,JZ,35.0
PT_11E,2021,KZ,0.0
PT_11E,2021,LZ,31.0
PT_11E,2021,MN,374.0
PT_11E,2021,OPQ,289.0
PT_11E,2021,RSU,75.0
PT_11E,2022,A,632.0
PT_11E,2022,BE,52.0
PT_11E,2022,FZ,98.0
PT_11E,2022,GI,352.0
PT_11E,2022,JZ,29.0
PT_11E,2022,KZ,0.0
PT_11E,2022,LZ,18.0
PT_11E,2022,MN,396.0
PT_11E,2022,OPQ,331.0
PT_11E,2022,RSU,115.0
PT_11E,2023,A,960.0
PT_11E,2023,BE,49.0
PT_11E,2023,FZ,108.0
PT_11E,2023,GI,379.0
PT_11E,2023,JZ,31.0
PT_11E,2023,KZ,0.0
PT_11E,2023,LZ,18.0
PT_11E,2023,MN,386.0
PT_11E,2023,OPQ,244.0
PT_11E,2023,RSU,98.0
PT_11E,2024,A,1024.0
PT_11E,2024,BE,67.0
PT_11E,2024,FZ,152.0
PT_11E,2024,GI,344.0
PT_11E,2024,JZ,27.0
PT_11E,2024,KZ,0.0
PT_11E,2024,LZ,33.0
PT_11E,2024,MN,493.0
PT_11E,2024,OPQ,253.0
PT_11E,2024,RSU,134.0
PT_150,2008,A,328.0
PT_150,2008,BE,210.0
PT_150,2008,FZ,1941.0
PT_150,2008,GI,2919.0
PT_150,2008,JZ,102.0
PT_150,2008,KZ,0.0
PT_150,2008,LZ,367.0
PT_150,2008,MN,3465.0
PT_150,2008,OPQ,900.0
PT_150,2008,RSU,894.0
PT_150,2009,A,257.0
PT_150,2009,BE,177.0
PT_150,2009,FZ,1223.0
PT_150,2009,GI,2322.0
PT_150,2009,JZ,80.0
PT_150,2009,KZ,0.0
PT_150,2009,LZ,202.0
PT_150,2009,MN,2850.0
PT_150,2009,OPQ,880.0
PT_150,2009,RSU,721.0
PT_150,2010,A,279.0
PT_150,2010,BE,145.0
PT_150,2010,FZ,745.0
PT_150,2010,GI,2083.0
PT_150,2010,JZ,71.0
PT_150,2010,KZ,0.0
PT_150,2010,LZ,191.0
PT_150,2010,MN,2538.0
PT_150,2010,OPQ,838.0
PT_150,2010,RSU,625.0
PT_150,2011,A,380.0
PT_150,2011,BE,170.0
PT_150,2011,FZ,537.0
PT_150,2011,GI,2226.0
PT_150,2011,JZ,80.0
PT_150,2011,KZ,0.0
PT_150,2011,LZ,178.0
PT_150,2011,MN,2305.0
PT_150,2011,OPQ,796.0
PT_150,2011,RSU,575.0
PT_150,2012,A,399.0
PT_150,2012,BE,165.0
PT_150,2012,FZ,519.0
PT_150,2012,GI,2178.0
PT_150,2012,JZ,101.0
PT_150,2012,KZ,0.0
PT_150,2012,LZ,189.0
PT_150,2012,MN,2201.0
PT_150,2012,OPQ,701.0
PT_150,2012,RSU,519.0
PT_150,2013,A,1106.0
PT_150,2013,BE,204.0
PT_150,2013,FZ,563.0
PT_150,2013,GI,2601.0
PT_150,2013,JZ,73.0
PT_150,2013,KZ,0.0
PT_150,2013,LZ,240.0
PT_150,2013,MN,2438.0
PT_150,2013,OPQ,703.0
PT_150,2013,RSU,643.0
PT_150,2014,A,1995.0
PT_150,2014,BE,194.0
PT_150,2014,FZ,722.0
PT_150,2014,GI,3101.0
PT_150,2014,JZ,90.0
PT_150,2014,KZ,0.0
PT_150,2014,LZ,297.0
PT_150,2014,MN,2747.0
PT_150,2014,OPQ,790.0
PT_150,2014,RSU,719.0
PT_150,2015,A,1518.0
PT_150,2015,BE,228.0
PT_150,2015,FZ,804.0
PT_150,2015,GI,5134.0
PT_150,2015,JZ,101.0
PT_150,2015,KZ,0.0
PT_150,2015,LZ,384.0
PT_150,2015,MN,3012.0
PT_150,2015,OPQ,883.0
PT_150,2015,RSU,806.0
PT_150,2016,A,741.0
PT_150,2016,BE,332.0
PT_150,2016,FZ,782.0
PT_150,2016,GI,3775.0
PT_150,2016,JZ,101.0
PT_150,2016,KZ,0.0
PT_150,2016,LZ,436.0
PT_150,2016,MN,3270.0
PT_150,2016,OPQ,891.0
PT_150,2016,RSU,823.0
PT_150,2017,A,780.0
PT_150,2017,BE,229.0
PT_150,2017,FZ,978.0
PT_150,2017,GI,3657.0
PT_150,2017,JZ,108.0
PT_150,2017,KZ,0.0
PT_150,2017,LZ,523.0
PT_150,2017,MN,3553.0
PT_150,2017,OPQ,841.0
PT_150,2017,RSU,979.0
PT_150,2018,A,834.0
PT_150,2018,BE,289.0
PT_150,2018,FZ,1039.0
PT_150,2018,GI,4019.0
PT_150,2018,JZ,132.0
PT_150,2018,KZ,0.0
PT_150,2018,LZ,577.0
PT_150,2018,MN,3681.0
PT_150,2018,OPQ,901.0
PT_150,2018,RSU,918.0
PT_150,2019,A,482.0
PT_150,2019,BE,220.0
PT_150,2019,FZ,1166.0
PT_150,2019,GI,3818.0
PT_150,2019,JZ,132.0
PT_150,2019,KZ,0.0
PT_150,2019,LZ,560.0
PT_150,2019,MN,3585.0
PT_150,2019,OPQ,971.0
PT_150,2019,RSU,980.0
PT_150,2020,A,574.0
PT_150,2020,BE,153.0
PT_150,2020,FZ,864.0
PT_150,2020,GI,2348.0
PT_150,2020,JZ,139.0
PT_150,2020,KZ,0.0
PT_150,2020,LZ,433.0
PT_150,2020,MN,2562.0
PT_150,2020,OPQ,842.0
PT_150,2020,RSU,701.0
PT_150,2021,A,721.0
PT_150,2021,BE,217.0
PT_150,2021,FZ,1091.0
PT_150,2021,GI,2682.0
PT_150,2021,JZ,204.0
PT_150,2021,KZ,0.0
PT_150,2021,LZ,582.0
PT_150,2021,MN,3247.0
PT_150,2021,OPQ,1048.0
PT_150,2021,RSU,801.0
PT_150,2022,A,822.0
PT_150,2022,BE,370.0
PT_150,2022,FZ,1378.0
PT_150,2022,GI,5198.0
PT_150,2022,JZ,295.0
PT_150,2022,KZ,0.0
PT_150,2022,LZ,613.0
PT_150,2022,MN,4543.0
PT_150,2022,OPQ,1185.0
PT_150,2022,RSU,1224.0
PT_150,2023,A,703.0
PT_150,2023,BE,322.0
PT_150,2023,FZ,1585.0
PT_150,2023,GI,6186.0
PT_150,2023,JZ,334.0
PT_150,2023,KZ,0.0
PT_150,2023,LZ,626.0
PT_150,2023,MN,4753.0
PT_150,2023,OPQ,1200.0
PT_150,2023,RSU,1494.0
PT_150,2024,A,681.0
PT_150,2024,BE,304.0
PT_150,2024,FZ,1629.0
PT_150,2024,GI,4523.0
PT_150,2024,JZ,375.0
PT_150,2024,KZ,0.0
PT_150,2024,LZ,524.0
PT_150,2024,MN,5070.0
PT_150,2024,OPQ,1211.0
PT_150,2024,RSU,1308.0
PT_16B,2008,A,320.0
PT_16B,2008,BE,196.0
PT_16B,2008,FZ,639.0
PT_16B,2008,GI,1648.0
PT_16B,2008,JZ,67.0
PT_16B,2008,KZ,0.0
PT_16B,2008,LZ,121.0
PT_16B,2008,MN,1937.0
PT_16B,2008,OPQ,578.0
PT_16B,2008,RSU,400.0
PT_16B,2009,A,227.0
PT_16B,2009,BE,192.0
PT_16B,2009,FZ,434.0
PT_16B,2009,GI,1283.0
PT_16B,2009,JZ,55.0
PT_16B,2009,KZ,0.0
PT_16B,2009,LZ,81.0
PT_16B,2009,MN,1561.0
PT_16B,2009,OPQ,610.0
PT_16B,2009,RSU,343.0
PT_16B,2010,A,205.0
PT_16B,2010,BE,156.0
PT_16B,2010,FZ,370.0
PT_16B,2010,GI,1337.0
PT_16B,2010,JZ,52.0
PT_16B,2010,KZ,0.0
PT_16B,2010,LZ,89.0
PT_16B,2010,MN,1589.0
PT_16B,2010,OPQ,551.0
PT_16B,2010,RSU,314.0
PT_16B,2011,A,534.0
PT_16B,2011,BE,204.0
PT_16B,2011,FZ,319.0
PT_16B,2011,GI,1462.0
PT_16B,2011,JZ,69.0
PT_16B,2011,KZ,0.0
PT_16B,2011,LZ,90.0
PT_16B,2011,MN,1405.0
PT_16B,2011,OPQ,488.0
PT_16B,2011,RSU,329.0
PT_16B,2012,A,380.0
PT_16B,2012,BE,193.0
PT_16B,2012,FZ,292.0
PT_16B,2012,GI,1324.0
PT_16B,2012,JZ,65.0
PT_16B,2012,KZ,0.0
PT_16B,2012,LZ,71.0
PT_16B,2012,MN,1370.0
PT_16B,2012,OPQ,468.0
PT_16B,2012,RSU,327.0
PT_16B,2013,A,2300.0
PT_16B,2013,BE,265.0
PT_16B,2013,FZ,441.0
PT_16B,2013,GI,1663.0
PT_16B,2013,JZ,76.0
PT_16B,2013,KZ,0.0
PT_16B,2013,LZ,73.0
PT_16B,2013,MN,1450.0
PT_16B,2013,OPQ,503.0
PT_16B,2013,RSU,390.0
PT_16B,2014,A,876.0
PT_16B,2014,BE,242.0
PT_16B,2014,FZ,343.0
PT_16B,2014,GI,1570.0
PT_16B,2014,JZ,70.0
PT_16B,2014,KZ,0.0
PT_16B,2014,LZ,106.0
PT_16B,2014,MN,1524.0
PT_16B,2014,OPQ,559.0
PT_16B,2014,RSU,381.0
PT_16B,2015,A,664.0
PT_16B,2015,BE,236.0
PT_16B,2015,FZ,428.0
PT_16B,2015,GI,1745.0
PT_16B,2015,JZ,89.0
PT_16B,2015,KZ,0.0
PT_16B,2015,LZ,147.0
PT_16B,2015,MN,1827.0
PT_16B,2015,OPQ,659.0
PT_16B,2015,RSU,426.0
PT_16B,2016,A,551.0
PT_16B,2016,BE,315.0
PT_16B,2016,FZ,436.0
PT_16B,2016,GI,1643.0
PT_16B,2016,JZ,89.0
PT_16B,2016,KZ,0.0
PT_16B,2016,LZ,180.0
PT_16B,2016,MN,1840.0
PT_16B,2016,OPQ,592.0
PT_16B,2016,RSU,418.0
PT_16B,2017,A,586.0
PT_16B,2017,BE,248.0
PT_16B,2017,FZ,434.0
PT_16B,2017,GI,1701.0
PT_16B,2017,JZ,76.0
PT_16B,2017,KZ,0.0
PT_16B,2017,LZ,191.0
PT_16B,2017,MN,2098.0
PT_16B,2017,OPQ,630.0
PT_16B,2017,RSU,469.0
PT_16B,2018,A,562.0
PT_16B,2018,BE,255.0
PT_16B,2018,FZ,530.0
PT_16B,2018,GI,1726.0
PT_16B,2018,JZ,87.0
PT_16B,2018,KZ,0.0
PT_16B,2018,LZ,204.0
PT_16B,2018,MN,2008.0
PT_16B,2018,OPQ,623.0
PT_16B,2018,RSU,507.0
PT_16B,2019,A,439.0
PT_16B,2019,BE,218.0
PT_16B,2019,FZ,533.0
PT_16B,2019,GI,1585.0
PT_16B,2019,JZ,89.0
PT_16B,2019,KZ,0.0
PT_16B,2019,LZ,225.0
PT_16B,2019,MN,2109.0
PT_16B,2019,OPQ,611.0
PT_16B,2019,RSU,468.0
PT_16B,2020,A,332.0
PT_16B,2020,BE,186.0
PT_16B,2020,FZ,460.0
PT_16B,2020,GI,1176.0
PT_16B,2020,JZ,75.0
PT_16B,2020,KZ,0.0
PT_16B,2020,LZ,205.0
PT_16B,2020,MN,1654.0
PT_16B,2020,OPQ,605.0
PT_16B,2020,RSU,372.0
PT_16B,2021,A,350.0
PT_16B,2021,BE,224.0
PT_16B,2021,FZ,568.0
PT_16B,2021,GI,1255.0
PT_16B,2021,JZ,138.0
PT_16B,2021,KZ,0.0
PT_16B,2021,LZ,231.0
PT_16B,2021,MN,2098.0
PT_16B,2021,OPQ,666.0
PT_16B,2021,RSU,399.0
PT_16B,2022,A,333.0
PT_16B,2022,BE,237.0
PT_16B,2022,FZ,578.0
PT_16B,2022,GI,1730.0
PT_16B,2022,JZ,176.0
PT_16B,2022,KZ,0.0
PT_16B,2022,LZ,293.0
PT_16B,2022,MN,2657.0
PT_16B,2022,OPQ,820.0
PT_16B,2022,RSU,569.0
PT_16B,2023,A,297.0
PT_16B,2023,BE,220.0
PT_16B,2023,FZ,670.0
PT_16B,2023,GI,2045.0
PT_16B,2023,JZ,246.0
PT_16B,2023,KZ,0.0
PT_16B,2023,LZ,259.0
PT_16B,2023,MN,2845.0
PT_16B,2023,OPQ,740.0
PT_16B,2023,RSU,635.0
PT_16B,2024,A,349.0
PT_16B,2024,BE,247.0
PT_16B,2024,FZ,704.0
PT_16B,2024,GI,1807.0
PT_16B,2024,JZ,251.0
PT_16B,2024,KZ,0.0
PT_16B,2024,LZ,242.0
PT_16B,2024,MN,2843.0
PT_16B,2024,OPQ,775.0
PT_16B,2024,RSU,713.0
PT_16D,2008,A,148.0
PT_16D,2008,BE,276.0
PT_16D,2008,FZ,494.0
PT_16D,2008,GI,1407.0
PT_16D,2008,JZ,82.0
PT_16D,2008,KZ,0.0
PT_16D,2008,LZ,78.0
PT_16D,2008,MN,2109.0
PT_16D,2008,OPQ,727.0
PT_16D,2008,RSU,366.0
PT_16D,2009,A,126.0
PT_16D,2009,BE,224.0
PT_16D,2009,FZ,384.0
PT_16D,2009,GI,1282.0
PT_16D,2009,JZ,46.0
PT_16D,2009,KZ,0.0
PT_16D,2009,LZ,60.0
PT_16D,2009,MN,1678.0
PT_16D,2009,OPQ,793.0
PT_16D,2009,RSU,302.0
PT_16D,2010,A,98.0
PT_16D,2010,BE,200.0
PT_16D,2010,FZ,353.0
PT_16D,2010,GI,1168.0
PT_16D,2010,JZ,50.0
PT_16D,2010,KZ,0.0
PT_16D,2010,LZ,54.0
PT_16D,2010,MN,1647.0
PT_16D,2010,OPQ,685.0
PT_16D,2010,RSU,303.0
PT_16D,2011,A,173.0
PT_16D,2011,BE,225.0
PT_16D,2011,FZ,334.0
PT_16D,2011,GI,1280.0
PT_16D,2011,JZ,58.0
PT_16D,2011,KZ,0.0
PT_16D,2011,LZ,62.0
PT_16D,2011,MN,1466.0
PT_16D,2011,OPQ,570.0
PT_16D,2011,RSU,342.0
PT_16D,2012,A,219.0
PT_16D,2012,BE,246.0
PT_16D,2012,FZ,248.0
PT_16D,2012,GI,1205.0
PT_16D,2012,JZ,75.0
PT_16D,2012,KZ,0.0
PT_16D,2012,LZ,49.0
PT_16D,2012,MN,1399.0
PT_16D,2012,OPQ,519.0
PT_16D,2012,RSU,308.0
PT_16D,2013,A,1885.0
PT_16D,2013,BE,392.0
PT_16D,2013,FZ,409.0
PT_16D,2013,GI,1537.0
PT_16D,2013,JZ,54.0
PT_16D,2013,KZ,0.0
PT_16D,2013,LZ,58.0
PT_16D,2013,MN,1640.0
PT_16D,2013,OPQ,608.0
PT_16D,2013,RSU,360.0
PT_16D,2014,A,877.0
PT_16D,2014,BE,349.0
PT_16D,2014,FZ,342.0
PT_16D,2014,GI,1432.0
PT_16D,2014,JZ,73.0
PT_16D,2014,KZ,0.0
PT_16D,2014,LZ,72.0
PT_16D,2014,MN,1690.0
PT_16D,2014,OPQ,591.0
PT_16D,2014,RSU,342.0
PT_16D,2015,A,469.0
PT_16D,2015,BE,395.0
PT_16D,2015,FZ,387.0
PT_16D,2015,GI,1486.0
PT_16D,2015,JZ,93.0
PT_16D,2015,KZ,0.0
PT_16D,2015,LZ,90.0
PT_16D,2015,MN,2011.0
PT_16D,2015,OPQ,705.0
PT_16D,2015,RSU,405.0
PT_16D,2016,A,435.0
PT_16D,2016,BE,617.0
PT_16D,2016,FZ,380.0
PT_16D,2016,GI,1331.0
PT_16D,2016,JZ,93.0
PT_16D,2016,KZ,0.0
PT_16D,2016,LZ,96.0
PT_16D,2016,MN,1900.0
PT_16D,2016,OPQ,669.0
PT_16D,2016,RSU,431.0
PT_16D,2017,A,409.0
PT_16D,2017,BE,333.0
PT_16D,2017,FZ,418.0
PT_16D,2017,GI,1342.0
PT_16D,2017,JZ,80.0
PT_16D,2017,KZ,0.0
PT_16D,2017,LZ,128.0
PT_16D,2017,MN,1958.0
PT_16D,2017,OPQ,697.0
PT_16D,2017,RSU,410.0
PT_16D,2018,A,443.0
PT_16D,2018,BE,344.0
PT_16D,2018,FZ,395.0
PT_16D,2018,GI,1236.0
PT_16D,2018,JZ,111.0
PT_16D,2018,KZ,0.0
PT_16D,2018,LZ,184.0
PT_16D,2018,MN,1888.0
PT_16D,2018,OPQ,728.0
PT_16D,2018,RSU,381.0
PT_16D,2019,A,292.0
PT_16D,2019,BE,289.0
PT_16D,2019,FZ,372.0
PT_16D,2019,GI,1358.0
PT_16D,2019,JZ,132.0
PT_16D,2019,KZ,0.0
PT_16D,2019,LZ,175.0
PT_16D,2019,MN,1897.0
PT_16D,2019,OPQ,743.0
PT_16D,2019,RSU,439.0
PT_16D,2020,A,247.0
PT_16D,2020,BE,210.0
PT_16D,2020,FZ,352.0
PT_16D,2020,GI,1156.0
PT_16D,2020,JZ,119.0
PT_16D,2020,KZ,0.0
PT_16D,2020,LZ,158.0
PT_16D,2020,MN,1610.0
PT_16D,2020,OPQ,708.0
PT_16D,2020,RSU,329.0
PT_16D,2021,A,286.0
PT_16D,2021,BE,297.0
PT_16D,2021,FZ,400.0
PT_16D,2021,GI,1158.0
PT_16D,2021,JZ,144.0
PT_16D,2021,KZ,0.0
PT_16D,2021,LZ,209.0
PT_16D,2021,MN,2034.0
PT_16D,2021,OPQ,839.0
PT_16D,2021,RSU,389.0
PT_16D,2022,A,249.0
PT_16D,2022,BE,373.0
PT_16D,2022,FZ,443.0
PT_16D,2022,GI,1292.0
PT_16D,2022,JZ,168.0
PT_16D,2022,KZ,0.0
PT_16D,2022,LZ,215.0
PT_16D,2022,MN,2569.0
PT_16D,2022,OPQ,965.0
PT_16D,2022,RSU,581.0
PT_16D,2023,A,271.0
PT_16D,2023,BE,373.0
PT_16D,2023,FZ,529.0
PT_16D,2023,GI,1539.0
PT_16D,2023,JZ,172.0
PT_16D,2023,KZ,0.0
PT_16D,2023,LZ,199.0
PT_16D,2023,MN,2781.0
PT_16D,2023,OPQ,834.0
PT_16D,2023,RSU,636.0
PT_16D,2024,A,265.0
PT_16D,2024,BE,318.0
PT_16D,2024,FZ,515.0
PT_16D,2024,GI,1550.0
PT_16D,2024,JZ,197.0
PT_16D,2024,KZ,0.0
PT_16D,2024,LZ,195.0
PT_16D,2024,MN,2771.0
PT_16D,2024,OPQ,849.0
PT_16D,2024,RSU,672.0
PT_16E,2008,A,156.0
PT_16E,2008,BE,214.0
PT_16E,2008,FZ,578.0
PT_16E,2008,GI,1678.0
PT_16E,2008,JZ,95.0
PT_16E,2008,KZ,0.0
PT_16E,2008,LZ,92.0
PT_16E,2008,MN,2649.0
PT_16E,2008,OPQ,1225.0
PT_16E,2008,RSU,456.0
PT_16E,2009,A,114.0
PT_16E,2009,BE,175.0
PT_16E,2009,FZ,380.0
PT_16E,2009,GI,1396.0
PT_16E,2009,JZ,77.0
PT_16E,2009,KZ,0.0
PT_16E,2009,LZ,68.0
PT_16E,2009,MN,2121.0
PT_16E,2009,OPQ,1373.0
PT_16E,2009,RSU,363.0
PT_16E,2010,A,121.0
PT_16E,2010,BE,148.0
PT_16E,2010,FZ,392.0
PT_16E,2010,GI,1258.0
PT_16E,2010,JZ,50.0
PT_16E,2010,KZ,0.0
PT_16E,2010,LZ,113.0
PT_16E,2010,MN,2060.0
PT_16E,2010,OPQ,1083.0
PT_16E,2010,RSU,352.0
PT_16E,2011,A,242.0
PT_16E,2011,BE,183.0
PT_16E,2011,FZ,352.0
PT_16E,2011,GI,1384.0
PT_16E,2011,JZ,82.0
PT_16E,2011,KZ,0.0
PT_16E,2011,LZ,66.0
PT_16E,2011,MN,2060.0
PT_16E,2011,OPQ,1052.0
PT_16E,2011,RSU,405.0
PT_16E,2012,A,258.0
PT_16E,2012,BE,195.0
PT_16E,2012,FZ,312.0
PT_16E,2012,GI,1296.0
PT_16E,2012,JZ,83.0
PT_16E,2012,KZ,0.0
PT_16E,2012,LZ,73.0
PT_16E,2012,MN,1904.0
PT_16E,2012,OPQ,868.0
PT_16E,2012,RSU,346.0
PT_16E,2013,A,2888.0
PT_16E,2013,BE,312.0
PT_16E,2013,FZ,474.0
PT_16E,2013,GI,1698.0
PT_16E,2013,JZ,91.0
PT_16E,2013,KZ,0.0
PT_16E,2013,LZ,90.0
PT_16E,2013,MN,1942.0
PT_16E,2013,OPQ,1013.0
PT_16E,2013,RSU,445.0
PT_16E,2014,A,1363.0
PT_16E,2014,BE,337.0
PT_16E,2014,FZ,523.0
PT_16E,2014,GI,1704.0
PT_16E,2014,JZ,77.0
PT_16E,2014,KZ,0.0
PT_16E,2014,LZ,105.0
PT_16E,2014,MN,2142.0
PT_16E,2014,OPQ,1093.0
PT_16E,2014,RSU,500.0
PT_16E,2015,A,842.0
PT_16E,2015,BE,333.0
PT_16E,2015,FZ,540.0
PT_16E,2015,GI,1799.0
PT_16E,2015,JZ,97.0
PT_16E,2015,KZ,0.0
PT_16E,2015,LZ,119.0
PT_16E,2015,MN,2352.0
PT_16E,2015,OPQ,1188.0
PT_16E,2015,RSU,557.0
PT_16E,2016,A,668.0
PT_16E,2016,BE,541.0
PT_16E,2016,FZ,482.0
PT_16E,2016,GI,1553.0
PT_16E,2016,JZ,108.0
PT_16E,2016,KZ,0.0
PT_16E,2016,LZ,161.0
PT_16E,2016,MN,2305.0
PT_16E,2016,OPQ,1146.0
PT_16E,2016,RSU,516.0
PT_16E,2017,A,674.0
PT_16E,2017,BE,240.0
PT_16E,2017,FZ,479.0
PT_16E,2017,GI,1596.0
PT_16E,2017,JZ,103.0
PT_16E,2017,KZ,0.0
PT_16E,2017,LZ,179.0
PT_16E,2017,MN,2541.0
PT_16E,2017,OPQ,1289.0
PT_16E,2017,RSU,517.0
PT_16E,2018,A,627.0
PT_16E,2018,BE,234.0
PT_16E,2018,FZ,437.0
PT_16E,2018,GI,1423.0
PT_16E,2018,JZ,116.0
PT_16E,2018,KZ,0.0
PT_16E,2018,LZ,182.0
PT_16E,2018,MN,2322.0
PT_16E,2018,OPQ,1218.0
PT_16E,2018,RSU,476.0
PT_16E,2019,A,474.0
PT_16E,2019,BE,198.0
PT_16E,2019,FZ,423.0
PT_16E,2019,GI,1482.0
PT_16E,2019,JZ,112.0
PT_16E,2019,KZ,0.0
PT_16E,2019,LZ,201.0
PT_16E,2019,MN,2418.0
PT_16E,2019,OPQ,1201.0
PT_16E,2019,RSU,470.0
PT_16E,2020,A,398.0
PT_16E,2020,BE,162.0
PT_16E,2020,FZ,365.0
PT_16E,2020,GI,1293.0
PT_16E,2020,JZ,87.0
PT_16E,2020,KZ,0.0
PT_16E,2020,LZ,199.0
PT_16E,2020,MN,2011.0
PT_16E,2020,OPQ,1040.0
PT_16E,2020,RSU,409.0
PT_16E,2021,A,446.0
PT_16E,2021,BE,153.0
PT_16E,2021,FZ,387.0
PT_16E,2021,GI,1244.0
PT_16E,2021,JZ,167.0
PT_16E,2021,KZ,0.0
PT_16E,2021,LZ,206.0
PT_16E,2021,MN,2491.0
PT_16E,2021,OPQ,1189.0
PT_16E,2021,RSU,468.0
PT_16E,2022,A,433.0
PT_16E,2022,BE,288.0
PT_16E,2022,FZ,367.0
PT_16E,2022,GI,1437.0
PT_16E,2022,JZ,197.0
PT_16E,2022,KZ,0.0
PT_16E,2022,LZ,201.0
PT_16E,2022,MN,3160.0
PT_16E,2022,OPQ,1380.0
PT_16E,2022,RSU,624.0
PT_16E,2023,A,466.0
PT_16E,2023,BE,233.0
PT_16E,2023,FZ,465.0
PT_16E,2023,GI,1564.0
PT_16E,2023,JZ,303.0
PT_16E,2023,KZ,0.0
PT_16E,2023,LZ,223.0
PT_16E,2023,MN,3626.0
PT_16E,2023,OPQ,1345.0
PT_16E,2023,RSU,707.0
PT_16E,2024,A,414.0
PT_16E,2024,BE,262.0
PT_16E,2024,FZ,527.0
PT_16E,2024,GI,1625.0
PT_16E,2024,JZ,262.0
PT_16E,2024,KZ,0.0
PT_16E,2024,LZ,230.0
PT_16E,2024,MN,3407.0
PT_16E,2024,OPQ,1352.0
PT_16E,2024,RSU,785.0
PT_16F,2008,A,87.0
PT_16F,2008,BE,226.0
PT_16F,2008,FZ,461.0
PT_16F,2008,GI,1234.0
PT_16F,2008,JZ,66.0
PT_16F,2008,KZ,0.0
PT_16F,2008,LZ,79.0
PT_16F,2008,MN,1474.0
PT_16F,2008,OPQ,604.0
PT_16F,2008,RSU,322.0
PT_16F,2009,A,69.0
PT_16F,2009,BE,160.0
PT_16F,2009,FZ,355.0
PT_16F,2009,GI,980.0
PT_16F,2009,JZ,41.0
PT_16F,2009,KZ,0.0
PT_16F,2009,LZ,80.0
PT_16F,2009,MN,1201.0
PT_16F,2009,OPQ,624.0
PT_16F,2009,RSU,268.0
PT_16F,2010,A,75.0
PT_16F,2010,BE,169.0
PT_16F,2010,FZ,297.0
PT_16F,2010,GI,958.0
PT_16F,2010,JZ,43.0
PT_16F,2010,KZ,0.0
PT_16F,2010,LZ,68.0
PT_16F,2010,MN,1238.0
PT_16F,2010,OPQ,554.0
PT_16F,2010,RSU,226.0
PT_16F,2011,A,117.0
PT_16F,2011,BE,219.0
PT_16F,2011,FZ,318.0
PT_16F,2011,GI,988.0
PT_16F,2011,JZ,49.0
PT_16F,2011,KZ,0.0
PT_16F,2011,LZ,55.0
PT_16F,2011,MN,1096.0
PT_16F,2011,OPQ,520.0
PT_16F,2011,RSU,224.0
PT_16F,2012,A,132.0
PT_16F,2012,BE,175.0
PT_16F,2012,FZ,291.0
PT_16F,2012,GI,1013.0
PT_16F,2012,JZ,39.0
PT_16F,2012,KZ,0.0
PT_16F,2012,LZ,85.0
PT_16F,2012,MN,1039.0
PT_16F,2012,OPQ,422.0
PT_16F,2012,RSU,247.0
PT_16F,2013,A,602.0
PT_16F,2013,BE,278.0
PT_16F,2013,FZ,377.0
PT_16F,2013,GI,1275.0
PT_16F,2013,JZ,61.0
PT_16F,2013,KZ,0.0
PT_16F,2013,LZ,73.0
PT_16F,2013,MN,1137.0
PT_16F,2013,OPQ,438.0
PT_16F,2013,RSU,285.0
PT_16F,2014,A,579.0
PT_16F,2014,BE,250.0
PT_16F,2014,FZ,466.0
PT_16F,2014,GI,1215.0
PT_16F,2014,JZ,52.0
PT_16F,2014,KZ,0.0
PT_16F,2014,LZ,71.0
PT_16F,2014,MN,1157.0
PT_16F,2014,OPQ,471.0
PT_16F,2014,RSU,287.0
PT_16F,2015,A,367.0
PT_16F,2015,BE,259.0
PT_16F,2015,FZ,479.0
PT_16F,2015,GI,1315.0
PT_16F,2015,JZ,64.0
PT_16F,2015,KZ,0.0
PT_16F,2015,LZ,115.0
PT_16F,2015,MN,1365.0
PT_16F,2015,OPQ,578.0
PT_16F,2015,RSU,332.0
PT_16F,2016,A,305.0
PT_16F,2016,BE,335.0
PT_16F,2016,FZ,415.0
PT_16F,2016,GI,1175.0
PT_16F,2016,JZ,59.0
PT_16F,2016,KZ,0.0
PT_16F,2016,LZ,111.0
PT_16F,2016,MN,1322.0
PT_16F,2016,OPQ,584.0
PT_16F,2016,RSU,282.0
PT_16F,2017,A,299.0
PT_16F,2017,BE,248.0
PT_16F,2017,FZ,440.0
PT_16F,2017,GI,1213.0
PT_16F,2017,JZ,63.0
PT_16F,2017,KZ,0.0
PT_16F,2017,LZ,174.0
PT_16F,2017,MN,1456.0
PT_16F,2017,OPQ,630.0
PT_16F,2017,RSU,358.0
PT_16F,2018,A,218.0
PT_16F,2018,BE,244.0
PT_16F,2018,FZ,316.0
PT_16F,2018,GI,1037.0
PT_16F,2018,JZ,79.0
PT_16F,2018,KZ,0.0
PT_16F,2018,LZ,150.0
PT_16F,2018,MN,1372.0
PT_16F,2018,OPQ,586.0
PT_16F,2018,RSU,321.0
PT_16F,2019,A,162.0
PT_16F,2019,BE,202.0
PT_16F,2019,FZ,413.0
PT_16F,2019,GI,1050.0
PT_16F,2019,JZ,79.0
PT_16F,2019,KZ,0.0
PT_16F,2019,LZ,148.0
PT_16F,2019,MN,1549.0
PT_16F,2019,OPQ,595.0
PT_16F,2019,RSU,322.0
PT_16F,2020,A,109.0
PT_16F,2020,BE,185.0
PT_16F,2020,FZ,334.0
PT_16F,2020,GI,846.0
PT_16F,2020,JZ,77.0
PT_16F,2020,KZ,0.0
PT_16F,2020,LZ,125.0
PT_16F,2020,MN,1208.0
PT_16F,2020,OPQ,546.0
PT_16F,2020,RSU,284.0
PT_16F,2021,A,124.0
PT_16F,2021,BE,195.0
PT_16F,2021,FZ,406.0
PT_16F,2021,GI,984.0
PT_16F,2021,JZ,124.0
PT_16F,2021,KZ,0.0
PT_16F,2021,LZ,152.0
PT_16F,2021,MN,1519.0
PT_16F,2021,OPQ,616.0
PT_16F,2021,RSU,325.0
PT_16F,2022,A,140.0
PT_16F,2022,BE,275.0
PT_16F,2022,FZ,423.0
PT_16F,2022,GI,1060.0
PT_16F,2022,JZ,166.0
PT_16F,2022,KZ,0.0
PT_16F,2022,LZ,186.0
PT_16F,2022,MN,2179.0
PT_16F,2022,OPQ,724.0
PT_16F,2022,RSU,457.0
PT_16F,2023,A,157.0
PT_16F,2023,BE,261.0
PT_16F,2023,FZ,437.0
PT_16F,2023,GI,1194.0
PT_16F,2023,JZ,162.0
PT_16F,2023,KZ,0.0
PT_16F,2023,LZ,172.0
PT_16F,2023,MN,2272.0
PT_16F,2023,OPQ,689.0
PT_16F,2023,RSU,488.0
PT_16F,2024,A,171.0
PT_16F,2024,BE,255.0
PT_16F,2024,FZ,476.0
PT_16F,2024,GI,1251.0
PT_16F,2024,JZ,180.0
PT_16F,2024,KZ,0.0
PT_16F,2024,LZ,201.0
PT_16F,2024,MN,2187.0
PT_16F,2024,OPQ,721.0
PT_16F,2024,RSU,541.0
PT_16G,2008,A,111.0
PT_16G,2008,BE,113.0
PT_16G,2008,FZ,279.0
PT_16G,2008,GI,930.0
PT_16G,2008,JZ,31.0
PT_16G,2008,KZ,0.0
PT_16G,2008,LZ,43.0
PT_16G,2008,MN,1025.0
PT_16G,2008,OPQ,604.0
PT_16G,2008,RSU,196.0
PT_16G,2009,A,118.0
PT_16G,2009,BE,83.0
PT_16G,2009,FZ,231.0
PT_16G,2009,GI,775.0
PT_16G,2009,JZ,19.0
PT_16G,2009,KZ,0.0
PT_16G,2009,LZ,27.0
PT_16G,2009,MN,826.0
PT_16G,2009,OPQ,612.0
PT_16G,2009,RSU,165.0
PT_16G,2010,A,115.0
PT_16G,2010,BE,88.0
PT_16G,2010,FZ,233.0
PT_16G,2010,GI,768.0
PT_16G,2010,JZ,19.0
PT_16G,2010,KZ,0.0
PT_16G,2010,LZ,32.0
PT_16G,2010,MN,876.0
PT_16G,2010,OPQ,560.0
PT_16G,2010,RSU,176.0
PT_16G,2011,A,185.0
PT_16G,2011,BE,123.0
PT_16G,2011,FZ,193.0
PT_16G,2011,GI,797.0
PT_16G,2011,JZ,26.0
PT_16G,2011,KZ,0.0
PT_16G,2011,LZ,34.0
PT_16G,2011,MN,751.0
PT_16G,2011,OPQ,504.0
PT_16G,2011,RSU,180.0
PT_16G,2012,A,182.0
PT_16G,2012,BE,97.0
PT_16G,2012,FZ,184.0
PT_16G,2012,GI,775.0
PT_16G,2012,JZ,34.0
PT_16G,2012,KZ,0.0
PT_16G,2012,LZ,37.0
PT_16G,2012,MN,707.0
PT_16G,2012,OPQ,443.0
PT_16G,2012,RSU,166.0
PT_16G,2013,A,2905.0
PT_16G,2013,BE,138.0
PT_16G,2013,FZ,263.0
PT_16G,2013,GI,995.0
PT_16G,2013,JZ,32.0
PT_16G,2013,KZ,0.0
PT_16G,2013,LZ,29.0
PT_16G,2013,MN,772.0
PT_16G,2013,OPQ,486.0
PT_16G,2013,RSU,184.0
PT_16G,2014,A,1212.0
PT_16G,2014,BE,121.0
PT_16G,2014,FZ,263.0
PT_16G,2014,GI,772.0
PT_16G,2014,JZ,28.0
PT_16G,2014,KZ,0.0
PT_16G,2014,LZ,45.0
PT_16G,2014,MN,831.0
PT_16G,2014,OPQ,508.0
PT_16G,2014,RSU,203.0
PT_16G,2015,A,772.0
PT_16G,2015,BE,119.0
PT_16G,2015,FZ,263.0
PT_16G,2015,GI,876.0
PT_16G,2015,JZ,38.0
PT_16G,2015,KZ,0.0
PT_16G,2015,LZ,58.0
PT_16G,2015,MN,870.0
PT_16G,2015,OPQ,509.0
PT_16G,2015,RSU,196.0
PT_16G,2016,A,569.0
PT_16G,2016,BE,240.0
PT_16G,2016,FZ,256.0
PT_16G,2016,GI,814.0
PT_16G,2016,JZ,40.0
PT_16G,2016,KZ,0.0
PT_16G,2016,LZ,65.0
PT_16G,2016,MN,910.0
PT_16G,2016,OPQ,492.0
PT_16G,2016,RSU,228.0
PT_16G,2017,A,544.0
PT_16G,2017,BE,116.0
PT_16G,2017,FZ,261.0
PT_16G,2017,GI,798.0
PT_16G,2017,JZ,32.0
PT_16G,2017,KZ,0.0
PT_16G,2017,LZ,62.0
PT_16G,2017,MN,860.0
PT_16G,2017,OPQ,556.0
PT_16G,2017,RSU,232.0
PT_16G,2018,A,465.0
PT_16G,2018,BE,127.0
PT_16G,2018,FZ,284.0
PT_16G,2018,GI,842.0
PT_16G,2018,JZ,44.0
PT_16G,2018,KZ,0.0
PT_16G,2018,LZ,82.0
PT_16G,2018,MN,988.0
PT_16G,2018,OPQ,675.0
PT_16G,2018,RSU,240.0
PT_16G,2019,A,378.0
PT_16G,2019,BE,120.0
PT_16G,2019,FZ,293.0
PT_16G,2019,GI,668.0
PT_16G,2019,JZ,53.0
PT_16G,2019,KZ,0.0
PT_16G,2019,LZ,79.0
PT_16G,2019,MN,956.0
PT_16G,2019,OPQ,611.0
PT_16G,2019,RSU,269.0
PT_16G,2020,A,364.0
PT_16G,2020,BE,129.0
PT_16G,2020,FZ,234.0
PT_16G,2020,GI,644.0
PT_16G,2020,JZ,54.0
PT_16G,2020,KZ,0.0
PT_16G,2020,LZ,81.0
PT_16G,2020,MN,751.0
PT_16G,2020,OPQ,504.0
PT_16G,2020,RSU,205.0
PT_16G,2021,A,374.0
PT_16G,2021,BE,117.0
PT_16G,2021,FZ,307.0
PT_16G,2021,GI,709.0
PT_16G,2021,JZ,69.0
PT_16G,2021,KZ,0.0
PT_16G,2021,LZ,93.0
PT_16G,2021,MN,1014.0
PT_16G,2021,OPQ,591.0
PT_16G,2021,RSU,242.0
PT_16G,2022,A,357.0
PT_16G,2022,BE,164.0
PT_16G,2022,FZ,292.0
PT_16G,2022,GI,707.0
PT_16G,2022,JZ,81.0
PT_16G,2022,KZ,0.0
PT_16G,2022,LZ,112.0
PT_16G,2022,MN,1397.0
PT_16G,2022,OPQ,702.0
PT_16G,2022,RSU,324.0
PT_16G,2023,A,323.0
PT_16G,2023,BE,174.0
PT_16G,2023,FZ,304.0
PT_16G,2023,GI,836.0
PT_16G,2023,JZ,96.0
PT_16G,2023,KZ,0.0
PT_16G,2023,LZ,119.0
PT_16G,2023,MN,1363.0
PT_16G,2023,OPQ,649.0
PT_16G,2023,RSU,346.0
PT_16G,2024,A,341.0
PT_16G,2024,BE,167.0
PT_16G,2024,FZ,327.0
PT_16G,2024,GI,833.0
PT_16G,2024,JZ,102.0
PT_16G,2024,KZ,0.0
PT_16G,2024,LZ,113.0
PT_16G,2024,MN,1302.0
PT_16G,2024,OPQ,684.0
PT_16G,2024,RSU,354.0
PT_16H,2008,A,71.0
PT_16H,2008,BE,37.0
PT_16H,2008,FZ,79.0
PT_16H,2008,GI,269.0
PT_16H,2008,JZ,9.0
PT_16H,2008,KZ,0.0
PT_16H,2008,LZ,15.0
PT_16H,2008,MN,272.0
PT_16H,2008,OPQ,170.0
PT_16H,2008,RSU,73.0
PT_16H,2009,A,66.0
PT_16H,2009,BE,26.0
PT_16H,2009,FZ,62.0
PT_16H,2009,GI,224.0
PT_16H,2009,JZ,7.0
PT_16H,2009,KZ,0.0
PT_16H,2009,LZ,11.0
PT_16H,2009,MN,256.0
PT_16H,2009,OPQ,194.0
PT_16H,2009,RSU,52.0
PT_16H,2010,A,56.0
PT_16H,2010,BE,28.0
PT_16H,2010,FZ,51.0
PT_16H,2010,GI,217.0
PT_16H,2010,JZ,5.0
PT_16H,2010,KZ,0.0
PT_16H,2010,LZ,16.0
PT_16H,2010,MN,342.0
PT_16H,2010,OPQ,147.0
PT_16H,2010,RSU,50.0
PT_16H,2011,A,80.0
PT_16H,2011,BE,37.0
PT_16H,2011,FZ,62.0
PT_16H,2011,GI,212.0
PT_16H,2011,JZ,15.0
PT_16H,2011,KZ,0.0
PT_16H,2011,LZ,13.0
PT_16H,2011,MN,231.0
PT_16H,2011,OPQ,130.0
PT_16H,2011,RSU,53.0
PT_16H,2012,A,105.0
PT_16H,2012,BE,34.0
PT_16H,2012,FZ,53.0
PT_16H,2012,GI,219.0
PT_16H,2012,JZ,19.0
PT_16H,2012,KZ,0.0
PT_16H,2012,LZ,11.0
PT_16H,2012,MN,243.0
PT_16H,2012,OPQ,118.0
PT_16H,2012,RSU,61.0
PT_16H,2013,A,286.0
PT_16H,2013,BE,39.0
PT_16H,2013,FZ,56.0
PT_16H,2013,GI,288.0
PT_16H,2013,JZ,19.0
PT_16H,2013,KZ,0.0
PT_16H,2013,LZ,19.0
PT_16H,2013,MN,222.0
PT_16H,2013,OPQ,186.0
PT_16H,2013,RSU,50.0
PT_16H,2014,A,358.0
PT_16H,2014,BE,45.0
PT_16H,2014,FZ,72.0
PT_16H,2014,GI,299.0
PT_16H,2014,JZ,10.0
PT_16H,2014,KZ,0.0
PT_16H,2014,LZ,9.0
PT_16H,2014,MN,229.0
PT_16H,2014,OPQ,156.0
PT_16H,2014,RSU,64.0
PT_16H,2015,A,312.0
PT_16H,2015,BE,57.0
PT_16H,2015,FZ,93.0
PT_16H,2015,GI,293.0
PT_16H,2015,JZ,14.0
PT_16H,2015,KZ,0.0
PT_16H,2015,LZ,15.0
PT_16H,2015,MN,299.0
PT_16H,2015,OPQ,137.0
PT_16H,2015,RSU,78.0
PT_16H,2016,A,273.0
PT_16H,2016,BE,55.0
PT_16H,2016,FZ,84.0
PT_16H,2016,GI,281.0
PT_16H,2016,JZ,15.0
PT_16H,2016,KZ,0.0
PT_16H,2016,LZ,20.0
PT_16H,2016,MN,292.0
PT_16H,2016,OPQ,148.0
PT_16H,2016,RSU,77.0
PT_16H,2017,A,244.0
PT_16H,2017,BE,53.0
PT_16H,2017,FZ,83.0
PT_16H,2017,GI,280.0
PT_16H,2017,JZ,20.0
PT_16H,2017,KZ,0.0
PT_16H,2017,LZ,19.0
PT_16H,2017,MN,335.0
PT_16H,2017,OPQ,173.0
PT_16H,2017,RSU,80.0
PT_16H,2018,A,190.0
PT_16H,2018,BE,47.0
PT_16H,2018,FZ,81.0
PT_16H,2018,GI,274.0
PT_16H,2018,JZ,10.0
PT_16H,2018,KZ,0.0
PT_16H,2018,LZ,17.0
PT_16H,2018,MN,255.0
PT_16H,2018,OPQ,172.0
PT_16H,2018,RSU,53.0
PT_16H,2019,A,161.0
PT_16H,2019,BE,42.0
PT_16H,2019,FZ,60.0
PT_16H,2019,GI,244.0
PT_16H,2019,JZ,13.0
PT_16H,2019,KZ,0.0
PT_16H,2019,LZ,18.0
PT_16H,2019,MN,263.0
PT_16H,2019,OPQ,175.0
PT_16H,2019,RSU,90.0
PT_16H,2020,A,195.0
PT_16H,2020,BE,36.0
PT_16H,2020,FZ,55.0
PT_16H,2020,GI,218.0
PT_16H,2020,JZ,14.0
PT_16H,2020,KZ,0.0
PT_16H,2020,LZ,24.0
PT_16H,2020,MN,220.0
PT_16H,2020,OPQ,162.0
PT_16H,2020,RSU,73.0
PT_16H,2021,A,170.0
PT_16H,2021,BE,25.0
PT_16H,2021,FZ,61.0
PT_16H,2021,GI,214.0
PT_16H,2021,JZ,27.0
PT_16H,2021,KZ,0.0
PT_16H,2021,LZ,30.0
PT_16H,2021,MN,282.0
PT_16H,2021,OPQ,179.0
PT_16H,2021,RSU,69.0
PT_16H,2022,A,179.0
PT_16H,2022,BE,40.0
PT_16H,2022,FZ,74.0
PT_16H,2022,GI,228.0
PT_16H,2022,JZ,30.0
PT_16H,2022,KZ,0.0
PT_16H,2022,LZ,23.0
PT_16H,2022,MN,354.0
PT_16H,2022,OPQ,189.0
PT_16H,2022,RSU,98.0
PT_16H,2023,A,242.0
PT_16H,2023,BE,42.0
PT_16H,2023,FZ,83.0
PT_16H,2023,GI,347.0
PT_16H,2023,JZ,34.0
PT_16H,2023,KZ,0.0
PT_16H,2023,LZ,35.0
PT_16H,2023,MN,475.0
PT_16H,2023,OPQ,199.0
PT_16H,2023,RSU,130.0
PT_16H,2024,A,215.0
PT_16H,2024,BE,62.0
PT_16H,2024,FZ,128.0
PT_16H,2024,GI,294.0
PT_16H,2024,JZ,41.0
PT_16H,2024,KZ,0.0
PT_16H,2024,LZ,42.0
PT_16H,2024,MN,459.0
PT_16H,2024,OPQ,206.0
PT_16H,2024,RSU,150.0
PT_16I,2008,A,103.0
PT_16I,2008,BE,120.0
PT_16I,2008,FZ,274.0
PT_16I,2008,GI,902.0
PT_16I,2008,JZ,31.0
PT_16I,2008,KZ,0.0
PT_16I,2008,LZ,62.0
PT_16I,2008,MN,878.0
PT_16I,2008,OPQ,513.0
PT_16I,2008,RSU,266.0
PT_16I,2009,A,72.0
PT_16I,2009,BE,95.0
PT_16I,2009,FZ,198.0
PT_16I,2009,GI,783.0
PT_16I,2009,JZ,26.0
PT_16I,2009,KZ,0.0
PT_16I,2009,LZ,51.0
PT_16I,2009,MN,807.0
PT_16I,2009,OPQ,510.0
PT_16I,2009,RSU,210.0
PT_16I,2010,A,79.0
PT_16I,2010,BE,76.0
PT_16I,2010,FZ,174.0
PT_16I,2010,GI,662.0
PT_16I,2010,JZ,37.0
PT_16I,2010,KZ,0.0
PT_16I,2010,LZ,52.0
PT_16I,2010,MN,754.0
PT_16I,2010,OPQ,416.0
PT_16I,2010,RSU,168.0
PT_16I,2011,A,101.0
PT_16I,2011,BE,134.0
PT_16I,2011,FZ,191.0
PT_16I,2011,GI,729.0
PT_16I,2011,JZ,31.0
PT_16I,2011,KZ,0.0
PT_16I,2011,LZ,48.0
PT_16I,2011,MN,659.0
PT_16I,2011,OPQ,407.0
PT_16I,2011,RSU,182.0
PT_16I,2012,A,107.0
PT_16I,2012,BE,104.0
PT_16I,2012,FZ,166.0
PT_16I,2012,GI,764.0
PT_16I,2012,JZ,18.0
PT_16I,2012,KZ,0.0
PT_16I,2012,LZ,47.0
PT_16I,2012,MN,656.0
PT_16I,2012,OPQ,328.0
PT_16I,2012,RSU,193.0
PT_16I,2013,A,364.0
PT_16I,2013,BE,118.0
PT_16I,2013,FZ,187.0
PT_16I,2013,GI,832.0
PT_16I,2013,JZ,27.0
PT_16I,2013,KZ,0.0
PT_16I,2013,LZ,32.0
PT_16I,2013,MN,683.0
PT_16I,2013,OPQ,336.0
PT_16I,2013,RSU,201.0
PT_16I,2014,A,422.0
PT_16I,2014,BE,163.0
PT_16I,2014,FZ,223.0
PT_16I,2014,GI,821.0
PT_16I,2014,JZ,24.0
PT_16I,2014,KZ,0.0
PT_16I,2014,LZ,43.0
PT_16I,2014,MN,707.0
PT_16I,2014,OPQ,407.0
PT_16I,2014,RSU,231.0
PT_16I,2015,A,365.0
PT_16I,2015,BE,162.0
PT_16I,2015,FZ,256.0
PT_16I,2015,GI,878.0
PT_16I,2015,JZ,39.0
PT_16I,2015,KZ,0.0
PT_16I,2015,LZ,52.0
PT_16I,2015,MN,889.0
PT_16I,2015,OPQ,390.0
PT_16I,2015,RSU,214.0
PT_16I,2016,A,258.0
PT_16I,2016,BE,291.0
PT_16I,2016,FZ,232.0
PT_16I,2016,GI,857.0
PT_16I,2016,JZ,43.0
PT_16I,2016,KZ,0.0
PT_16I,2016,LZ,80.0
PT_16I,2016,MN,861.0
PT_16I,2016,OPQ,410.0
PT_16I,2016,RSU,222.0
PT_16I,2017,A,309.0
PT_16I,2017,BE,127.0
PT_16I,2017,FZ,274.0
PT_16I,2017,GI,859.0
PT_16I,2017,JZ,36.0
PT_16I,2017,KZ,0.0
PT_16I,2017,LZ,80.0
PT_16I,2017,MN,960.0
PT_16I,2017,OPQ,482.0
PT_16I,2017,RSU,237.0
PT_16I,2018,A,266.0
PT_16I,2018,BE,145.0
PT_16I,2018,FZ,226.0
PT_16I,2018,GI,731.0
PT_16I,2018,JZ,37.0
PT_16I,2018,KZ,0.0
PT_16I,2018,LZ,83.0
PT_16I,2018,MN,848.0
PT_16I,2018,OPQ,419.0
PT_16I,2018,RSU,245.0
PT_16I,2019,A,186.0
PT_16I,2019,BE,120.0
PT_16I,2019,FZ,230.0
PT_16I,2019,GI,723.0
PT_16I,2019,JZ,38.0
PT_16I,2019,KZ,0.0
PT_16I,2019,LZ,92.0
PT_16I,2019,MN,870.0
PT_16I,2019,OPQ,441.0
PT_16I,2019,RSU,220.0
PT_16I,2020,A,163.0
PT_16I,2020,BE,103.0
PT_16I,2020,FZ,170.0
PT_16I,2020,GI,537.0
PT_16I,2020,JZ,36.0
PT_16I,2020,KZ,0.0
PT_16I,2020,LZ,94.0
PT_16I,2020,MN,735.0
PT_16I,2020,OPQ,426.0
PT_16I,2020,RSU,171.0
PT_16I,2021,A,167.0
PT_16I,2021,BE,101.0
PT_16I,2021,FZ,256.0
PT_16I,2021,GI,642.0
PT_16I,2021,JZ,77.0
PT_16I,2021,KZ,0.0
PT_16I,2021,LZ,120.0
PT_16I,2021,MN,904.0
PT_16I,2021,OPQ,455.0
PT_16I,2021,RSU,253.0
PT_16I,2022,A,182.0
PT_16I,2022,BE,165.0
PT_16I,2022,FZ,236.0
PT_16I,2022,GI,684.0
PT_16I,2022,JZ,60.0
PT_16I,2022,KZ,0.0
PT_16I,2022,LZ,127.0
PT_16I,2022,MN,1126.0
PT_16I,2022,OPQ,519.0
PT_16I,2022,RSU,276.0
PT_16I,2023,A,120.0
PT_16I,2023,BE,118.0
PT_16I,2023,FZ,265.0
PT_16I,2023,GI,790.0
PT_16I,2023,JZ,88.0
PT_16I,2023,KZ,0.0
PT_16I,2023,LZ,100.0
PT_16I,2023,MN,1079.0
PT_16I,2023,OPQ,474.0
PT_16I,2023,RSU,330.0
PT_16I,2024,A,138.0
PT_16I,2024,BE,132.0
PT_16I,2024,FZ,300.0
PT_16I,2024,GI,807.0
PT_16I,2024,JZ,93.0
PT_16I,2024,KZ,0.0
PT_16I,2024,LZ,104.0
PT_16I,2024,MN,1195.0
PT_16I,2024,OPQ,486.0
PT_16I,2024,RSU,309.0
PT_16J,2008,A,119.0
PT_16J,2008,BE,104.0
PT_16J,2008,FZ,189.0
PT_16J,2008,GI,753.0
PT_16J,2008,JZ,27.0
PT_16J,2008,KZ,0.0
PT_16J,2008,LZ,29.0
PT_16J,2008,MN,685.0
PT_16J,2008,OPQ,505.0
PT_16J,2008,RSU,160.0
PT_16J,2009,A,104.0
PT_16J,2009,BE,88.0
PT_16J,2009,FZ,170.0
PT_16J,2009,GI,614.0
PT_16J,2009,JZ,30.0
PT_16J,2009,KZ,0.0
PT_16J,2009,LZ,22.0
PT_16J,2009,MN,638.0
PT_16J,2009,OPQ,656.0
PT_16J,2009,RSU,139.0
PT_16J,2010,A,108.0
PT_16J,2010,BE,58.0
PT_16J,2010,FZ,151.0
PT_16J,2010,GI,590.0
PT_16J,2010,JZ,11.0
PT_16J,2010,KZ,0.0
PT_16J,2010,LZ,17.0
PT_16J,2010,MN,660.0
PT_16J,2010,OPQ,508.0
PT_16J,2010,RSU,124.0
PT_16J,2011,A,272.0
PT_16J,2011,BE,98.0
PT_16J,2011,FZ,154.0
PT_16J,2011,GI,620.0
PT_16J,2011,JZ,24.0
PT_16J,2011,KZ,0.0
PT_16J,2011,LZ,23.0
PT_16J,2011,MN,569.0
PT_16J,2011,OPQ,427.0
PT_16J,2011,RSU,136.0
PT_16J,2012,A,309.0
PT_16J,2012,BE,85.0
PT_16J,2012,FZ,117.0
PT_16J,2012,GI,612.0
PT_16J,2012,JZ,17.0
PT_16J,2012,KZ,0.0
PT_16J,2012,LZ,45.0
PT_16J,2012,MN,486.0
PT_16J,2012,OPQ,352.0
PT_16J,2012,RSU,135.0
PT_16J,2013,A,2944.0
PT_16J,2013,BE,103.0
PT_16J,2013,FZ,175.0
PT_16J,2013,GI,765.0
PT_16J,2013,JZ,27.0
PT_16J,2013,KZ,0.0
PT_16J,2013,LZ,20.0
PT_16J,2013,MN,565.0
PT_16J,2013,OPQ,410.0
PT_16J,2013,RSU,161.0
PT_16J,2014,A,1277.0
PT_16J,2014,BE,97.0
PT_16J,2014,FZ,121.0
PT_16J,2014,GI,682.0
PT_16J,2014,JZ,22.0
PT_16J,2014,KZ,0.0
PT_16J,2014,LZ,24.0
PT_16J,2014,MN,599.0
PT_16J,2014,OPQ,373.0
PT_16J,2014,RSU,144.0
PT_16J,2015,A,730.0
PT_16J,2015,BE,111.0
PT_16J,2015,FZ,145.0
PT_16J,2015,GI,714.0
PT_16J,2015,JZ,28.0
PT_16J,2015,KZ,0.0
PT_16J,2015,LZ,30.0
PT_16J,2015,MN,644.0
PT_16J,2015,OPQ,398.0
PT_16J,2015,RSU,154.0
PT_16J,2016,A,523.0
PT_16J,2016,BE,198.0
PT_16J,2016,FZ,172.0
PT_16J,2016,GI,632.0
PT_16J,2016,JZ,24.0
PT_16J,2016,KZ,0.0
PT_16J,2016,LZ,26.0
PT_16J,2016,MN,605.0
PT_16J,2016,OPQ,424.0
PT_16J,2016,RSU,147.0
PT_16J,2017,A,490.0
PT_16J,2017,BE,93.0
PT_16J,2017,FZ,152.0
PT_16J,2017,GI,616.0
PT_16J,2017,JZ,39.0
PT_16J,2017,KZ,0.0
PT_16J,2017,LZ,35.0
PT_16J,2017,MN,646.0
PT_16J,2017,OPQ,431.0
PT_16J,2017,RSU,175.0
PT_16J,2018,A,550.0
PT_16J,2018,BE,141.0
PT_16J,2018,FZ,241.0
PT_16J,2018,GI,769.0
PT_16J,2018,JZ,33.0
PT_16J,2018,KZ,0.0
PT_16J,2018,LZ,54.0
PT_16J,2018,MN,708.0
PT_16J,2018,OPQ,476.0
PT_16J,2018,RSU,173.0
PT_16J,2019,A,516.0
PT_16J,2019,BE,92.0
PT_16J,2019,FZ,171.0
PT_16J,2019,GI,624.0
PT_16J,2019,JZ,43.0
PT_16J,2019,KZ,0.0
PT_16J,2019,LZ,48.0
PT_16J,2019,MN,643.0
PT_16J,2019,OPQ,417.0
PT_16J,2019,RSU,153.0
PT_16J,2020,A,385.0
PT_16J,2020,BE,89.0
PT_16J,2020,FZ,156.0
PT_16J,2020,GI,517.0
PT_16J,2020,JZ,39.0
PT_16J,2020,KZ,0.0
PT_16J,2020,LZ,54.0
PT_16J,2020,MN,573.0
PT_16J,2020,OPQ,376.0
PT_16J,2020,RSU,142.0
PT_16J,2021,A,440.0
PT_16J,2021,BE,104.0
PT_16J,2021,FZ,170.0
PT_16J,2021,GI,524.0
PT_16J,2021,JZ,66.0
PT_16J,2021,KZ,0.0
PT_16J,2021,LZ,60.0
PT_16J,2021,MN,665.0
PT_16J,2021,OPQ,480.0
PT_16J,2021,RSU,134.0
PT_16J,2022,A,412.0
PT_16J,2022,BE,113.0
PT_16J,2022,FZ,159.0
PT_16J,2022,GI,582.0
PT_16J,2022,JZ,59.0
PT_16J,2022,KZ,0.0
PT_16J,2022,LZ,51.0
PT_16J,2022,MN,779.0
PT_16J,2022,OPQ,569.0
PT_16J,2022,RSU,212.0
PT_16J,2023,A,462.0
PT_16J,2023,BE,99.0
PT_16J,2023,FZ,181.0
PT_16J,2023,GI,634.0
PT_16J,2023,JZ,83.0
PT_16J,2023,KZ,0.0
PT_16J,2023,LZ,59.0
PT_16J,2023,MN,882.0
PT_16J,2023,OPQ,425.0
PT_16J,2023,RSU,206.0
PT_16J,2024,A,455.0
PT_16J,2024,BE,107.0
PT_16J,2024,FZ,224.0
PT_16J,2024,GI,659.0
PT_16J,2024,JZ,93.0
PT_16J,2024,KZ,0.0
PT_16J,2024,LZ,74.0
PT_16J,2024,MN,874.0
PT_16J,2024,OPQ,476.0
PT_16J,2024,RSU,272.0
PT_170,2008,A,510.0
PT_170,2008,BE,1319.0
PT_170,2008,FZ,4229.0
PT_170,2008,GI,12278.0
PT_170,2008,JZ,1327.0
PT_170,2008,KZ,0.0
PT_170,2008,LZ,1286.0
PT_170,2008,MN,29214.0
PT_170,2008,OPQ,6272.0
PT_170,2008,RSU,5563.0
PT_170,2009,A,405.0
PT_170,2009,BE,1072.0
PT_170,2009,FZ,2940.0
PT_170,2009,GI,10051.0
PT_170,2009,JZ,993.0
PT_170,2009,KZ,0.0
PT_170,2009,LZ,991.0
PT_170,2009,MN,23311.0
PT_170,2009,OPQ,6013.0
PT_170,2009,RSU,4363.0
PT_170,2010,A,416.0
PT_170,2010,BE,893.0
PT_170,2010,FZ,2171.0
PT_170,2010,GI,8752.0
PT_170,2010,JZ,1008.0
PT_170,2010,KZ,0.0
PT_170,2010,LZ,1006.0
PT_170,2010,MN,21222.0
PT_170,2010,OPQ,5537.0
PT_170,2010,RSU,3718.0
PT_170,2011,A,601.0
PT_170,2011,BE,1027.0
PT_170,2011,FZ,2038.0
PT_170,2011,GI,9629.0
PT_170,2011,JZ,1193.0
PT_170,2011,KZ,0.0
PT_170,2011,LZ,922.0
PT_170,2011,MN,20315.0
PT_170,2011,OPQ,5567.0
PT_170,2011,RSU,4417.0
PT_170,2012,A,591.0
PT_170,2012,BE,927.0
PT_170,2012,FZ,1733.0
PT_170,2012,GI,9463.0
PT_170,2012,JZ,1128.0
PT_170,2012,KZ,0.0
PT_170,2012,LZ,948.0
PT_170,2012,MN,19366.0
PT_170,2012,OPQ,4888.0
PT_170,2012,RSU,3771.0
PT_170,2013,A,2355.0
PT_170,2013,BE,1062.0
PT_170,2013,FZ,1956.0
PT_170,2013,GI,10571.0
PT_170,2013,JZ,1146.0
PT_170,2013,KZ,0.0
PT_170,2013,LZ,1121.0
PT_170,2013,MN,20561.0
PT_170,2013,OPQ,5061.0
PT_170,2013,RSU,4334.0
PT_170,2014,A,1562.0
PT_170,2014,BE,1097.0
PT_170,2014,FZ,1946.0
PT_170,2014,GI,10689.0
PT_170,2014,JZ,1235.0
PT_170,2014,KZ,0.0
PT_170,2014,LZ,1643.0
PT_170,2014,MN,23247.0
PT_170,2014,OPQ,5908.0
PT_170,2014,RSU,4536.0
PT_170,2015,A,1206.0
PT_170,2015,BE,1164.0
PT_170,2015,FZ,2184.0
PT_170,2015,GI,12612.0
PT_170,2015,JZ,1277.0
PT_170,2015,KZ,0.0
PT_170,2015,LZ,2046.0
PT_170,2015,MN,24846.0
PT_170,2015,OPQ,6345.0
PT_170,2015,RSU,4957.0
PT_170,2016,A,1029.0
PT_170,2016,BE,1404.0
PT_170,2016,FZ,2242.0
PT_170,2016,GI,12403.0
PT_170,2016,JZ,1350.0
PT_170,2016,KZ,0.0
PT_170,2016,LZ,2651.0
PT_170,2016,MN,25963.0
PT_170,2016,OPQ,6159.0
PT_170,2016,RSU,5426.0
PT_170,2017,A,1066.0
PT_170,2017,BE,1097.0
PT_170,2017,FZ,2562.0
PT_170,2017,GI,13177.0
PT_170,2017,JZ,1657.0
PT_170,2017,KZ,0.0
PT_170,2017,LZ,3399.0
PT_170,2017,MN,28508.0
PT_170,2017,OPQ,6472.0
PT_170,2017,RSU,5951.0
PT_170,2018,A,1110.0
PT_170,2018,BE,1113.0
PT_170,2018,FZ,3089.0
PT_170,2018,GI,14723.0
PT_170,2018,JZ,1914.0
PT_170,2018,KZ,0.0
PT_170,2018,LZ,3710.0
PT_170,2018,MN,28433.0
PT_170,2018,OPQ,6465.0
PT_170,2018,RSU,5584.0
PT_170,2019,A,825.0
PT_170,2019,BE,1217.0
PT_170,2019,FZ,3489.0
PT_170,2019,GI,15834.0
PT_170,2019,JZ,2206.0
PT_170,2019,KZ,0.0
PT_170,2019,LZ,3486.0
PT_170,2019,MN,29497.0
PT_170,2019,OPQ,6166.0
PT_170,2019,RSU,5588.0
PT_170,2020,A,719.0
PT_170,2020,BE,987.0
PT_170,2020,FZ,2770.0
PT_170,2020,GI,10810.0
PT_170,2020,JZ,1641.0
PT_170,2020,KZ,0.0
PT_170,2020,LZ,2684.0
PT_170,2020,MN,21196.0
PT_170,2020,OPQ,5605.0
PT_170,2020,RSU,4210.0
PT_170,2021,A,760.0
PT_170,2021,BE,1177.0
PT_170,2021,FZ,3331.0
PT_170,2021,GI,11722.0
PT_170,2021,JZ,2610.0
PT_170,2021,KZ,0.0
PT_170,2021,LZ,3428.0
PT_170,2021,MN,29279.0
PT_170,2021,OPQ,7292.0
PT_170,2021,RSU,4783.0
PT_170,2022,A,711.0
PT_170,2022,BE,1507.0
PT_170,2022,FZ,3726.0
PT_170,2022,GI,15119.0
PT_170,2022,JZ,3708.0
PT_170,2022,KZ,0.0
PT_170,2022,LZ,3637.0
PT_170,2022,MN,38923.0
PT_170,2022,OPQ,7821.0
PT_170,2022,RSU,6467.0
PT_170,2023,A,837.0
PT_170,2023,BE,1316.0
PT_170,2023,FZ,4079.0
PT_170,2023,GI,18483.0
PT_170,2023,JZ,4145.0
PT_170,2023,KZ,0.0
PT_170,2023,LZ,3076.0
PT_170,2023,MN,40296.0
PT_170,2023,OPQ,7925.0
PT_170,2023,RSU,7035.0
PT_170,2024,A,789.0
PT_170,2024,BE,1337.0
PT_170,2024,FZ,4168.0
PT_170,2024,GI,17866.0
PT_170,2024,JZ,3934.0
PT_170,2024,KZ,0.0
PT_170,2024,LZ,2868.0
PT_170,2024,MN,39391.0
PT_170,2024,OPQ,8083.0
PT_170,2024,RSU,7108.0
PT_181,2008,A,283.0
PT_181,2008,BE,49.0
PT_181,2008,FZ,149.0
PT_181,2008,GI,408.0
PT_181,2008,JZ,12.0
PT_181,2008,KZ,0.0
PT_181,2008,LZ,29.0
PT_181,2008,MN,440.0
PT_181,2008,OPQ,177.0
PT_181,2008,RSU,138.0
PT_181,2009,A,174.0
PT_181,2009,BE,37.0
PT_181,2009,FZ,94.0
PT_181,2009,GI,322.0
PT_181,2009,JZ,8.0
PT_181,2009,KZ,0.0
PT_181,2009,LZ,19.0
PT_181,2009,MN,329.0
PT_181,2009,OPQ,182.0
PT_181,2009,RSU,113.0
PT_181,2010,A,283.0
PT_181,2010,BE,41.0
PT_181,2010,FZ,86.0
PT_181,2010,GI,277.0
PT_181,2010,JZ,10.0
PT_181,2010,KZ,0.0
PT_181,2010,LZ,12.0
PT_181,2010,MN,354.0
PT_181,2010,OPQ,177.0
PT_181,2010,RSU,118.0
PT_181,2011,A,356.0
PT_181,2011,BE,43.0
PT_181,2011,FZ,96.0
PT_181,2011,GI,339.0
PT_181,2011,JZ,13.0
PT_181,2011,KZ,0.0
PT_181,2011,LZ,12.0
PT_181,2011,MN,350.0
PT_181,2011,OPQ,116.0
PT_181,2011,RSU,125.0
PT_181,2012,A,279.0
PT_181,2012,BE,34.0
PT_181,2012,FZ,76.0
PT_181,2012,GI,321.0
PT_181,2012,JZ,7.0
PT_181,2012,KZ,0.0
PT_181,2012,LZ,11.0
PT_181,2012,MN,331.0
PT_181,2012,OPQ,119.0
PT_181,2012,RSU,147.0
PT_181,2013,A,526.0
PT_181,2013,BE,49.0
PT_181,2013,FZ,92.0
PT_181,2013,GI,364.0
PT_181,2013,JZ,16.0
PT_181,2013,KZ,0.0
PT_181,2013,LZ,17.0
PT_181,2013,MN,338.0
PT_181,2013,OPQ,131.0
PT_181,2013,RSU,169.0
PT_181,2014,A,526.0
PT_181,2014,BE,59.0
PT_181,2014,FZ,83.0
PT_181,2014,GI,392.0
PT_181,2014,JZ,13.0
PT_181,2014,KZ,0.0
PT_181,2014,LZ,18.0
PT_181,2014,MN,361.0
PT_181,2014,OPQ,122.0
PT_181,2014,RSU,162.0
PT_181,2015,A,527.0
PT_181,2015,BE,53.0
PT_181,2015,FZ,85.0
PT_181,2015,GI,468.0
PT_181,2015,JZ,9.0
PT_181,2015,KZ,0.0
PT_181,2015,LZ,24.0
PT_181,2015,MN,371.0
PT_181,2015,OPQ,146.0
PT_181,2015,RSU,141.0
PT_181,2016,A,575.0
PT_181,2016,BE,67.0
PT_181,2016,FZ,91.0
PT_181,2016,GI,390.0
PT_181,2016,JZ,16.0
PT_181,2016,KZ,0.0
PT_181,2016,LZ,38.0
PT_181,2016,MN,403.0
PT_181,2016,OPQ,136.0
PT_181,2016,RSU,155.0
PT_181,2017,A,504.0
PT_181,2017,BE,47.0
PT_181,2017,FZ,86.0
PT_181,2017,GI,429.0
PT_181,2017,JZ,13.0
PT_181,2017,KZ,0.0
PT_181,2017,LZ,34.0
PT_181,2017,MN,449.0
PT_181,2017,OPQ,140.0
PT_181,2017,RSU,158.0
PT_181,2018,A,501.0
PT_181,2018,BE,64.0
PT_181,2018,FZ,111.0
PT_181,2018,GI,482.0
PT_181,2018,JZ,11.0
PT_181,2018,KZ,0.0
PT_181,2018,LZ,34.0
PT_181,2018,MN,448.0
PT_181,2018,OPQ,148.0
PT_181,2018,RSU,151.0
PT_181,2019,A,344.0
PT_181,2019,BE,32.0
PT_181,2019,FZ,96.0
PT_181,2019,GI,410.0
PT_181,2019,JZ,16.0
PT_181,2019,KZ,0.0
PT_181,2019,LZ,48.0
PT_181,2019,MN,382.0
PT_181,2019,OPQ,130.0
PT_181,2019,RSU,161.0
PT_181,2020,A,367.0
PT_181,2020,BE,41.0
PT_181,2020,FZ,87.0
PT_181,2020,GI,306.0
PT_181,2020,JZ,6.0
PT_181,2020,KZ,0.0
PT_181,2020,LZ,53.0
PT_181,2020,MN,395.0
PT_181,2020,OPQ,112.0
PT_181,2020,RSU,120.0
PT_181,2021,A,398.0
PT_181,2021,BE,44.0
PT_181,2021,FZ,113.0
PT_181,2021,GI,368.0
PT_181,2021,JZ,13.0
PT_181,2021,KZ,0.0
PT_181,2021,LZ,45.0
PT_181,2021,MN,452.0
PT_181,2021,OPQ,132.0
PT_181,2021,RSU,110.0
PT_181,2022,A,351.0
PT_181,2022,BE,67.0
PT_181,2022,FZ,162.0
PT_181,2022,GI,464.0
PT_181,2022,JZ,19.0
PT_181,2022,KZ,0.0
PT_181,2022,LZ,59.0
PT_181,2022,MN,575.0
PT_181,2022,OPQ,181.0
PT_181,2022,RSU,177.0
PT_181,2023,A,428.0
PT_181,2023,BE,45.0
PT_181,2023,FZ,150.0
PT_181,2023,GI,670.0
PT_181,2023,JZ,24.0
PT_181,2023,KZ,0.0
PT_181,2023,LZ,35.0
PT_181,2023,MN,646.0
PT_181,2023,OPQ,172.0
PT_181,2023,RSU,217.0
PT_181,2024,A,371.0
PT_181,2024,BE,58.0
PT_181,2024,FZ,193.0
PT_181,2024,GI,627.0
PT_181,2024,JZ,25.0
PT_181,2024,KZ,0.0
PT_181,2024,LZ,57.0
PT_181,2024,MN,639.0
PT_181,2024,OPQ,152.0
PT_181,2024,RSU,248.0
PT_184,2008,A,226.0
PT_184,2008,BE,59.0
PT_184,2008,FZ,125.0
PT_184,2008,GI,475.0
PT_184,2008,JZ,14.0
PT_184,2008,KZ,0.0
PT_184,2008,LZ,20.0
PT_184,2008,MN,481.0
PT_184,2008,OPQ,291.0
PT_184,2008,RSU,87.0
PT_184,2009,A,213.0
PT_184,2009,BE,57.0
PT_184,2009,FZ,92.0
PT_184,2009,GI,397.0
PT_184,2009,JZ,10.0
PT_184,2009,KZ,0.0
PT_184,2009,LZ,15.0
PT_184,2009,MN,364.0
PT_184,2009,OPQ,286.0
PT_184,2009,RSU,94.0
PT_184,2010,A,187.0
PT_184,2010,BE,29.0
PT_184,2010,FZ,57.0
PT_184,2010,GI,382.0
PT_184,2010,JZ,4.0
PT_184,2010,KZ,0.0
PT_184,2010,LZ,5.0
PT_184,2010,MN,386.0
PT_184,2010,OPQ,247.0
PT_184,2010,RSU,78.0
PT_184,2011,A,272.0
PT_184,2011,BE,41.0
PT_184,2011,FZ,72.0
PT_184,2011,GI,401.0
PT_184,2011,JZ,10.0
PT_184,2011,KZ,0.0
PT_184,2011,LZ,8.0
PT_184,2011,MN,350.0
PT_184,2011,OPQ,220.0
PT_184,2011,RSU,99.0
PT_184,2012,A,423.0
PT_184,2012,BE,56.0
PT_184,2012,FZ,54.0
PT_184,2012,GI,414.0
PT_184,2012,JZ,6.0
PT_184,2012,KZ,0.0
PT_184,2012,LZ,13.0
PT_184,2012,MN,334.0
PT_184,2012,OPQ,197.0
PT_184,2012,RSU,63.0
PT_184,2013,A,1056.0
PT_184,2013,BE,63.0
PT_184,2013,FZ,73.0
PT_184,2013,GI,478.0
PT_184,2013,JZ,8.0
PT_184,2013,KZ,0.0
PT_184,2013,LZ,8.0
PT_184,2013,MN,324.0
PT_184,2013,OPQ,235.0
PT_184,2013,RSU,68.0
PT_184,2014,A,763.0
PT_184,2014,BE,62.0
PT_184,2014,FZ,69.0
PT_184,2014,GI,425.0
PT_184,2014,JZ,9.0
PT_184,2014,KZ,0.0
PT_184,2014,LZ,9.0
PT_184,2014,MN,312.0
PT_184,2014,OPQ,234.0
PT_184,2014,RSU,87.0
PT_184,2015,A,518.0
PT_184,2015,BE,67.0
PT_184,2015,FZ,66.0
PT_184,2015,GI,470.0
PT_184,2015,JZ,13.0
PT_184,2015,KZ,0.0
PT_184,2015,LZ,14.0
PT_184,2015,MN,406.0
PT_184,2015,OPQ,263.0
PT_184,2015,RSU,90.0
PT_184,2016,A,479.0
PT_184,2016,BE,67.0
PT_184,2016,FZ,72.0
PT_184,2016,GI,477.0
PT_184,2016,JZ,13.0
PT_184,2016,KZ,0.0
PT_184,2016,LZ,26.0
PT_184,2016,MN,437.0
PT_184,2016,OPQ,222.0
PT_184,2016,RSU,92.0
PT_184,2017,A,570.0
PT_184,2017,BE,67.0
PT_184,2017,FZ,77.0
PT_184,2017,GI,453.0
PT_184,2017,JZ,14.0
PT_184,2017,KZ,0.0
PT_184,2017,LZ,17.0
PT_184,2017,MN,481.0
PT_184,2017,OPQ,262.0
PT_184,2017,RSU,102.0
PT_184,2018,A,618.0
PT_184,2018,BE,79.0
PT_184,2018,FZ,97.0
PT_184,2018,GI,560.0
PT_184,2018,JZ,17.0
PT_184,2018,KZ,0.0
PT_184,2018,LZ,32.0
PT_184,2018,MN,461.0
PT_184,2018,OPQ,251.0
PT_184,2018,RSU,108.0
PT_184,2019,A,429.0
PT_184,2019,BE,55.0
PT_184,2019,FZ,78.0
PT_184,2019,GI,454.0
PT_184,2019,JZ,18.0
PT_184,2019,KZ,0.0
PT_184,2019,LZ,34.0
PT_184,2019,MN,433.0
PT_184,2019,OPQ,255.0
PT_184,2019,RSU,99.0
PT_184,2020,A,363.0
PT_184,2020,BE,57.0
PT_184,2020,FZ,82.0
PT_184,2020,GI,335.0
PT_184,2020,JZ,9.0
PT_184,2020,KZ,0.0
PT_184,2020,LZ,25.0
PT_184,2020,MN,352.0
PT_184,2020,OPQ,200.0
PT_184,2020,RSU,76.0
PT_184,2021,A,438.0
PT_184,2021,BE,47.0
PT_184,2021,FZ,104.0
PT_184,2021,GI,332.0
PT_184,2021,JZ,19.0
PT_184,2021,KZ,0.0
PT_184,2021,LZ,30.0
PT_184,2021,MN,467.0
PT_184,2021,OPQ,221.0
PT_184,2021,RSU,99.0
PT_184,2022,A,423.0
PT_184,2022,BE,61.0
PT_184,2022,FZ,104.0
PT_184,2022,GI,413.0
PT_184,2022,JZ,19.0
PT_184,2022,KZ,0.0
PT_184,2022,LZ,52.0
PT_184,2022,MN,498.0
PT_184,2022,OPQ,283.0
PT_184,2022,RSU,116.0
PT_184,2023,A,535.0
PT_184,2023,BE,70.0
PT_184,2023,FZ,114.0
PT_184,2023,GI,505.0
PT_184,2023,JZ,18.0
PT_184,2023,KZ,0.0
PT_184,2023,LZ,34.0
PT_184,2023,MN,540.0
PT_184,2023,OPQ,241.0
PT_184,2023,RSU,148.0
PT_184,2024,A,452.0
PT_184,2024,BE,69.0
PT_184,2024,FZ,112.0
PT_184,2024,GI,501.0
PT_184,2024,JZ,24.0
PT_184,2024,KZ,0.0
PT_184,2024,LZ,31.0
PT_184,2024,MN,576.0
PT_184,2024,OPQ,238.0
PT_184,2024,RSU,133.0
PT_185,2008,A,242.0
PT_185,2008,BE,124.0
PT_185,2008,FZ,296.0
PT_185,2008,GI,1043.0
PT_185,2008,JZ,44.0
PT_185,2008,KZ,0.0
PT_185,2008,LZ,59.0
PT_185,2008,MN,1142.0
PT_185,2008,OPQ,422.0
PT_185,2008,RSU,305.0
PT_185,2009,A,217.0
PT_185,2009,BE,103.0
PT_185,2009,FZ,200.0
PT_185,2009,GI,845.0
PT_185,2009,JZ,30.0
PT_185,2009,KZ,0.0
PT_185,2009,LZ,50.0
PT_185,2009,MN,1005.0
PT_185,2009,OPQ,480.0
PT_185,2009,RSU,227.0
PT_185,2010,A,201.0
PT_185,2010,BE,85.0
PT_185,2010,FZ,156.0
PT_185,2010,GI,785.0
PT_185,2010,JZ,28.0
PT_185,2010,KZ,0.0
PT_185,2010,LZ,43.0
PT_185,2010,MN,943.0
PT_185,2010,OPQ,409.0
PT_185,2010,RSU,213.0
PT_185,2011,A,332.0
PT_185,2011,BE,105.0
PT_185,2011,FZ,167.0
PT_185,2011,GI,830.0
PT_185,2011,JZ,42.0
PT_185,2011,KZ,0.0
PT_185,2011,LZ,39.0
PT_185,2011,MN,870.0
PT_185,2011,OPQ,339.0
PT_185,2011,RSU,248.0
PT_185,2012,A,348.0
PT_185,2012,BE,112.0
PT_185,2012,FZ,113.0
PT_185,2012,GI,793.0
PT_185,2012,JZ,32.0
PT_185,2012,KZ,0.0
PT_185,2012,LZ,37.0
PT_185,2012,MN,792.0
PT_185,2012,OPQ,320.0
PT_185,2012,RSU,197.0
PT_185,2013,A,961.0
PT_185,2013,BE,150.0
PT_185,2013,FZ,193.0
PT_185,2013,GI,906.0
PT_185,2013,JZ,43.0
PT_185,2013,KZ,0.0
PT_185,2013,LZ,32.0
PT_185,2013,MN,854.0
PT_185,2013,OPQ,350.0
PT_185,2013,RSU,207.0
PT_185,2014,A,604.0
PT_185,2014,BE,173.0
PT_185,2014,FZ,154.0
PT_185,2014,GI,894.0
PT_185,2014,JZ,36.0
PT_185,2014,KZ,0.0
PT_185,2014,LZ,47.0
PT_185,2014,MN,921.0
PT_185,2014,OPQ,390.0
PT_185,2014,RSU,229.0
PT_185,2015,A,508.0
PT_185,2015,BE,139.0
PT_185,2015,FZ,180.0
PT_185,2015,GI,961.0
PT_185,2015,JZ,41.0
PT_185,2015,KZ,0.0
PT_185,2015,LZ,51.0
PT_185,2015,MN,947.0
PT_185,2015,OPQ,422.0
PT_185,2015,RSU,275.0
PT_185,2016,A,421.0
PT_185,2016,BE,191.0
PT_185,2016,FZ,168.0
PT_185,2016,GI,898.0
PT_185,2016,JZ,45.0
PT_185,2016,KZ,0.0
PT_185,2016,LZ,77.0
PT_185,2016,MN,985.0
PT_185,2016,OPQ,458.0
PT_185,2016,RSU,290.0
PT_185,2017,A,372.0
PT_185,2017,BE,125.0
PT_185,2017,FZ,150.0
PT_185,2017,GI,848.0
PT_185,2017,JZ,45.0
PT_185,2017,KZ,0.0
PT_185,2017,LZ,84.0
PT_185,2017,MN,1037.0
PT_185,2017,OPQ,453.0
PT_185,2017,RSU,258.0
PT_185,2018,A,406.0
PT_185,2018,BE,132.0
PT_185,2018,FZ,181.0
PT_185,2018,GI,821.0
PT_185,2018,JZ,51.0
PT_185,2018,KZ,0.0
PT_185,2018,LZ,94.0
PT_185,2018,MN,1047.0
PT_185,2018,OPQ,444.0
PT_185,2018,RSU,269.0
PT_185,2019,A,281.0
PT_185,2019,BE,128.0
PT_185,2019,FZ,212.0
PT_185,2019,GI,799.0
PT_185,2019,JZ,46.0
PT_185,2019,KZ,0.0
PT_185,2019,LZ,106.0
PT_185,2019,MN,1060.0
PT_185,2019,OPQ,410.0
PT_185,2019,RSU,290.0
PT_185,2020,A,256.0
PT_185,2020,BE,122.0
PT_185,2020,FZ,144.0
PT_185,2020,GI,696.0
PT_185,2020,JZ,57.0
PT_185,2020,KZ,0.0
PT_185,2020,LZ,96.0
PT_185,2020,MN,825.0
PT_185,2020,OPQ,364.0
PT_185,2020,RSU,223.0
PT_185,2021,A,263.0
PT_185,2021,BE,119.0
PT_185,2021,FZ,244.0
PT_185,2021,GI,763.0
PT_185,2021,JZ,58.0
PT_185,2021,KZ,0.0
PT_185,2021,LZ,118.0
PT_185,2021,MN,997.0
PT_185,2021,OPQ,462.0
PT_185,2021,RSU,229.0
PT_185,2022,A,238.0
PT_185,2022,BE,152.0
PT_185,2022,FZ,238.0
PT_185,2022,GI,896.0
PT_185,2022,JZ,77.0
PT_185,2022,KZ,0.0
PT_185,2022,LZ,136.0
PT_185,2022,MN,1301.0
PT_185,2022,OPQ,501.0
PT_185,2022,RSU,317.0
PT_185,2023,A,293.0
PT_185,2023,BE,152.0
PT_185,2023,FZ,275.0
PT_185,2023,GI,960.0
PT_185,2023,JZ,98.0
PT_185,2023,KZ,0.0
PT_185,2023,LZ,110.0
PT_185,2023,MN,1395.0
PT_185,2023,OPQ,517.0
PT_185,2023,RSU,358.0
PT_185,2024,A,269.0
PT_185,2024,BE,130.0
PT_185,2024,FZ,297.0
PT_185,2024,GI,982.0
PT_185,2024,JZ,87.0
PT_185,2024,KZ,0.0
PT_185,2024,LZ,129.0
PT_185,2024,MN,1442.0
PT_185,2024,OPQ,495.0
PT_185,2024,RSU,394.0
PT_186,2008,A,234.0
PT_186,2008,BE,52.0
PT_186,2008,FZ,113.0
PT_186,2008,GI,429.0
PT_186,2008,JZ,12.0
PT_186,2008,KZ,0.0
PT_186,2008,LZ,13.0
PT_186,2008,MN,406.0
PT_186,2008,OPQ,230.0
PT_186,2008,RSU,101.0
PT_186,2009,A,143.0
PT_186,2009,BE,43.0
PT_186,2009,FZ,71.0
PT_186,2009,GI,359.0
PT_186,2009,JZ,14.0
PT_186,2009,KZ,0.0
PT_186,2009,LZ,18.0
PT_186,2009,MN,355.0
PT_186,2009,OPQ,235.0
PT_186,2009,RSU,91.0
PT_186,2010,A,139.0
PT_186,2010,BE,42.0
PT_186,2010,FZ,71.0
PT_186,2010,GI,368.0
PT_186,2010,JZ,5.0
PT_186,2010,KZ,0.0
PT_186,2010,LZ,6.0
PT_186,2010,MN,344.0
PT_186,2010,OPQ,205.0
PT_186,2010,RSU,78.0
PT_186,2011,A,212.0
PT_186,2011,BE,43.0
PT_186,2011,FZ,71.0
PT_186,2011,GI,397.0
PT_186,2011,JZ,11.0
PT_186,2011,KZ,0.0
PT_186,2011,LZ,18.0
PT_186,2011,MN,328.0
PT_186,2011,OPQ,221.0
PT_186,2011,RSU,76.0
PT_186,2012,A,179.0
PT_186,2012,BE,39.0
PT_186,2012,FZ,42.0
PT_186,2012,GI,354.0
PT_186,2012,JZ,7.0
PT_186,2012,KZ,0.0
PT_186,2012,LZ,9.0
PT_186,2012,MN,297.0
PT_186,2012,OPQ,163.0
PT_186,2012,RSU,75.0
PT_186,2013,A,649.0
PT_186,2013,BE,52.0
PT_186,2013,FZ,85.0
PT_186,2013,GI,396.0
PT_186,2013,JZ,12.0
PT_186,2013,KZ,0.0
PT_186,2013,LZ,4.0
PT_186,2013,MN,319.0
PT_186,2013,OPQ,168.0
PT_186,2013,RSU,87.0
PT_186,2014,A,803.0
PT_186,2014,BE,61.0
PT_186,2014,FZ,74.0
PT_186,2014,GI,387.0
PT_186,2014,JZ,11.0
PT_186,2014,KZ,0.0
PT_186,2014,LZ,14.0
PT_186,2014,MN,324.0
PT_186,2014,OPQ,196.0
PT_186,2014,RSU,99.0
PT_186,2015,A,408.0
PT_186,2015,BE,55.0
PT_186,2015,FZ,57.0
PT_186,2015,GI,416.0
PT_186,2015,JZ,12.0
PT_186,2015,KZ,0.0
PT_186,2015,LZ,19.0
PT_186,2015,MN,393.0
PT_186,2015,OPQ,224.0
PT_186,2015,RSU,91.0
PT_186,2016,A,393.0
PT_186,2016,BE,80.0
PT_186,2016,FZ,76.0
PT_186,2016,GI,382.0
PT_186,2016,JZ,8.0
PT_186,2016,KZ,0.0
PT_186,2016,LZ,23.0
PT_186,2016,MN,374.0
PT_186,2016,OPQ,204.0
PT_186,2016,RSU,106.0
PT_186,2017,A,346.0
PT_186,2017,BE,57.0
PT_186,2017,FZ,82.0
PT_186,2017,GI,384.0
PT_186,2017,JZ,10.0
PT_186,2017,KZ,0.0
PT_186,2017,LZ,20.0
PT_186,2017,MN,429.0
PT_186,2017,OPQ,225.0
PT_186,2017,RSU,102.0
PT_186,2018,A,342.0
PT_186,2018,BE,60.0
PT_186,2018,FZ,58.0
PT_186,2018,GI,405.0
PT_186,2018,JZ,13.0
PT_186,2018,KZ,0.0
PT_186,2018,LZ,27.0
PT_186,2018,MN,401.0
PT_186,2018,OPQ,223.0
PT_186,2018,RSU,104.0
PT_186,2019,A,229.0
PT_186,2019,BE,52.0
PT_186,2019,FZ,66.0
PT_186,2019,GI,307.0
PT_186,2019,JZ,8.0
PT_186,2019,KZ,0.0
PT_186,2019,LZ,24.0
PT_186,2019,MN,380.0
PT_186,2019,OPQ,190.0
PT_186,2019,RSU,96.0
PT_186,2020,A,210.0
PT_186,2020,BE,52.0
PT_186,2020,FZ,60.0
PT_186,2020,GI,248.0
PT_186,2020,JZ,17.0
PT_186,2020,KZ,0.0
PT_186,2020,LZ,28.0
PT_186,2020,MN,348.0
PT_186,2020,OPQ,153.0
PT_186,2020,RSU,90.0
PT_186,2021,A,274.0
PT_186,2021,BE,57.0
PT_186,2021,FZ,64.0
PT_186,2021,GI,296.0
PT_186,2021,JZ,15.0
PT_186,2021,KZ,0.0
PT_186,2021,LZ,31.0
PT_186,2021,MN,388.0
PT_186,2021,OPQ,221.0
PT_186,2021,RSU,99.0
PT_186,2022,A,263.0
PT_186,2022,BE,52.0
PT_186,2022,FZ,99.0
PT_186,2022,GI,342.0
PT_186,2022,JZ,20.0
PT_186,2022,KZ,0.0
PT_186,2022,LZ,32.0
PT_186,2022,MN,406.0
PT_186,2022,OPQ,254.0
PT_186,2022,RSU,126.0
PT_186,2023,A,294.0
PT_186,2023,BE,64.0
PT_186,2023,FZ,100.0
PT_186,2023,GI,353.0
PT_186,2023,JZ,21.0
PT_186,2023,KZ,0.0
PT_186,2023,LZ,24.0
PT_186,2023,MN,467.0
PT_186,2023,OPQ,194.0
PT_186,2023,RSU,133.0
PT_186,2024,A,266.0
PT_186,2024,BE,68.0
PT_186,2024,FZ,114.0
PT_186,2024,GI,346.0
PT_186,2024,JZ,29.0
PT_186,2024,KZ,0.0
PT_186,2024,LZ,29.0
PT_186,2024,MN,498.0
PT_186,2024,OPQ,205.0
PT_186,2024,RSU,146.0
PT_187,2008,A,279.0
PT_187,2008,BE,97.0
PT_187,2008,FZ,176.0
PT_187,2008,GI,686.0
PT_187,2008,JZ,21.0
PT_187,2008,KZ,0.0
PT_187,2008,LZ,43.0
PT_187,2008,MN,803.0
PT_187,2008,OPQ,368.0
PT_187,2008,RSU,204.0
PT_187,2009,A,244.0
PT_187,2009,BE,58.0
PT_187,2009,FZ,147.0
PT_187,2009,GI,578.0
PT_187,2009,JZ,22.0
PT_187,2009,KZ,0.0
PT_187,2009,LZ,29.0
PT_187,2009,MN,671.0
PT_187,2009,OPQ,376.0
PT_187,2009,RSU,172.0
PT_187,2010,A,235.0
PT_187,2010,BE,59.0
PT_187,2010,FZ,151.0
PT_187,2010,GI,508.0
PT_187,2010,JZ,12.0
PT_187,2010,KZ,0.0
PT_187,2010,LZ,34.0
PT_187,2010,MN,658.0
PT_187,2010,OPQ,332.0
PT_187,2010,RSU,152.0
PT_187,2011,A,349.0
PT_187,2011,BE,70.0
PT_187,2011,FZ,121.0
PT_187,2011,GI,610.0
PT_187,2011,JZ,29.0
PT_187,2011,KZ,0.0
PT_187,2011,LZ,35.0
PT_187,2011,MN,660.0
PT_187,2011,OPQ,289.0
PT_187,2011,RSU,153.0
PT_187,2012,A,419.0
PT_187,2012,BE,81.0
PT_187,2012,FZ,117.0
PT_187,2012,GI,564.0
PT_187,2012,JZ,25.0
PT_187,2012,KZ,0.0
PT_187,2012,LZ,24.0
PT_187,2012,MN,625.0
PT_187,2012,OPQ,262.0
PT_187,2012,RSU,152.0
PT_187,2013,A,623.0
PT_187,2013,BE,104.0
PT_187,2013,FZ,163.0
PT_187,2013,GI,651.0
PT_187,2013,JZ,29.0
PT_187,2013,KZ,0.0
PT_187,2013,LZ,24.0
PT_187,2013,MN,697.0
PT_187,2013,OPQ,266.0
PT_187,2013,RSU,133.0
PT_187,2014,A,602.0
PT_187,2014,BE,75.0
PT_187,2014,FZ,122.0
PT_187,2014,GI,598.0
PT_187,2014,JZ,23.0
PT_187,2014,KZ,0.0
PT_187,2014,LZ,18.0
PT_187,2014,MN,626.0
PT_187,2014,OPQ,277.0
PT_187,2014,RSU,169.0
PT_187,2015,A,506.0
PT_187,2015,BE,92.0
PT_187,2015,FZ,127.0
PT_187,2015,GI,637.0
PT_187,2015,JZ,27.0
PT_187,2015,KZ,0.0
PT_187,2015,LZ,29.0
PT_187,2015,MN,708.0
PT_187,2015,OPQ,291.0
PT_187,2015,RSU,175.0
PT_187,2016,A,474.0
PT_187,2016,BE,136.0
PT_187,2016,FZ,114.0
PT_187,2016,GI,537.0
PT_187,2016,JZ,35.0
PT_187,2016,KZ,0.0
PT_187,2016,LZ,41.0
PT_187,2016,MN,728.0
PT_187,2016,OPQ,300.0
PT_187,2016,RSU,176.0
PT_187,2017,A,537.0
PT_187,2017,BE,91.0
PT_187,2017,FZ,105.0
PT_187,2017,GI,574.0
PT_187,2017,JZ,38.0
PT_187,2017,KZ,0.0
PT_187,2017,LZ,57.0
PT_187,2017,MN,822.0
PT_187,2017,OPQ,349.0
PT_187,2017,RSU,189.0
PT_187,2018,A,546.0
PT_187,2018,BE,97.0
PT_187,2018,FZ,122.0
PT_187,2018,GI,676.0
PT_187,2018,JZ,34.0
PT_187,2018,KZ,0.0
PT_187,2018,LZ,77.0
PT_187,2018,MN,788.0
PT_187,2018,OPQ,319.0
PT_187,2018,RSU,189.0
PT_187,2019,A,382.0
PT_187,2019,BE,88.0
PT_187,2019,FZ,119.0
PT_187,2019,GI,551.0
PT_187,2019,JZ,41.0
PT_187,2019,KZ,0.0
PT_187,2019,LZ,46.0
PT_187,2019,MN,747.0
PT_187,2019,OPQ,306.0
PT_187,2019,RSU,182.0
PT_187,2020,A,390.0
PT_187,2020,BE,57.0
PT_187,2020,FZ,110.0
PT_187,2020,GI,434.0
PT_187,2020,JZ,25.0
PT_187,2020,KZ,0.0
PT_187,2020,LZ,77.0
PT_187,2020,MN,617.0
PT_187,2020,OPQ,276.0
PT_187,2020,RSU,140.0
PT_187,2021,A,369.0
PT_187,2021,BE,80.0
PT_187,2021,FZ,141.0
PT_187,2021,GI,459.0
PT_187,2021,JZ,48.0
PT_187,2021,KZ,0.0
PT_187,2021,LZ,102.0
PT_187,2021,MN,795.0
PT_187,2021,OPQ,341.0
PT_187,2021,RSU,152.0
PT_187,2022,A,406.0
PT_187,2022,BE,68.0
PT_187,2022,FZ,170.0
PT_187,2022,GI,527.0
PT_187,2022,JZ,38.0
PT_187,2022,KZ,0.0
PT_187,2022,LZ,72.0
PT_187,2022,MN,920.0
PT_187,2022,OPQ,367.0
PT_187,2022,RSU,228.0
PT_187,2023,A,469.0
PT_187,2023,BE,81.0
PT_187,2023,FZ,187.0
PT_187,2023,GI,518.0
PT_187,2023,JZ,57.0
PT_187,2023,KZ,0.0
PT_187,2023,LZ,61.0
PT_187,2023,MN,882.0
PT_187,2023,OPQ,284.0
PT_187,2023,RSU,228.0
PT_187,2024,A,404.0
PT_187,2024,BE,84.0
PT_187,2024,FZ,186.0
PT_187,2024,GI,601.0
PT_187,2024,JZ,45.0
PT_187,2024,KZ,0.0
PT_187,2024,LZ,54.0
PT_187,2024,MN,987.0
PT_187,2024,OPQ,352.0
PT_187,2024,RSU,267.0
PT_200,2008,A,317.0
PT_200,2008,BE,118.0
PT_200,2008,FZ,929.0
PT_200,2008,GI,751.0
PT_200,2008,JZ,48.0
PT_200,2008,KZ,0.0
PT_200,2008,LZ,49.0
PT_200,2008,MN,1177.0
PT_200,2008,OPQ,434.0
PT_200,2008,RSU,367.0
PT_200,2009,A,246.0
PT_200,2009,BE,100.0
PT_200,2009,FZ,438.0
PT_200,2009,GI,623.0
PT_200,2009,JZ,38.0
PT_200,2009,KZ,0.0
PT_200,2009,LZ,18.0
PT_200,2009,MN,1008.0
PT_200,2009,OPQ,413.0
PT_200,2009,RSU,293.0
PT_200,2010,A,232.0
PT_200,2010,BE,91.0
PT_200,2010,FZ,365.0
PT_200,2010,GI,563.0
PT_200,2010,JZ,41.0
PT_200,2010,KZ,0.0
PT_200,2010,LZ,18.0
PT_200,2010,MN,1068.0
PT_200,2010,OPQ,488.0
PT_200,2010,RSU,215.0
PT_200,2011,A,959.0
PT_200,2011,BE,97.0
PT_200,2011,FZ,343.0
PT_200,2011,GI,557.0
PT_200,2011,JZ,35.0
PT_200,2011,KZ,0.0
PT_200,2011,LZ,17.0
PT_200,2011,MN,955.0
PT_200,2011,OPQ,435.0
PT_200,2011,RSU,241.0
PT_200,2012,A,574.0
PT_200,2012,BE,85.0
PT_200,2012,FZ,214.0
PT_200,2012,GI,605.0
PT_200,2012,JZ,26.0
PT_200,2012,KZ,0.0
PT_200,2012,LZ,18.0
PT_200,2012,MN,872.0
PT_200,2012,OPQ,397.0
PT_200,2012,RSU,245.0
PT_200,2013,A,1391.0
PT_200,2013,BE,119.0
PT_200,2013,FZ,277.0
PT_200,2013,GI,748.0
PT_200,2013,JZ,32.0
PT_200,2013,KZ,0.0
PT_200,2013,LZ,22.0
PT_200,2013,MN,938.0
PT_200,2013,OPQ,379.0
PT_200,2013,RSU,262.0
PT_200,2014,A,649.0
PT_200,2014,BE,124.0
PT_200,2014,FZ,224.0
PT_200,2014,GI,769.0
PT_200,2014,JZ,43.0
PT_200,2014,KZ,0.0
PT_200,2014,LZ,26.0
PT_200,2014,MN,1033.0
PT_200,2014,OPQ,371.0
PT_200,2014,RSU,276.0
PT_200,2015,A,522.0
PT_200,2015,BE,136.0
PT_200,2015,FZ,218.0
PT_200,2015,GI,843.0
PT_200,2015,JZ,30.0
PT_200,2015,KZ,0.0
PT_200,2015,LZ,39.0
PT_200,2015,MN,1151.0
PT_200,2015,OPQ,387.0
PT_200,2015,RSU,327.0
PT_200,2016,A,508.0
PT_200,2016,BE,126.0
PT_200,2016,FZ,232.0
PT_200,2016,GI,833.0
PT_200,2016,JZ,49.0
PT_200,2016,KZ,0.0
PT_200,2016,LZ,34.0
PT_200,2016,MN,1088.0
PT_200,2016,OPQ,383.0
PT_200,2016,RSU,270.0
PT_200,2017,A,454.0
PT_200,2017,BE,123.0
PT_200,2017,FZ,270.0
PT_200,2017,GI,871.0
PT_200,2017,JZ,43.0
PT_200,2017,KZ,0.0
PT_200,2017,LZ,51.0
PT_200,2017,MN,1300.0
PT_200,2017,OPQ,414.0
PT_200,2017,RSU,264.0
PT_200,2018,A,701.0
PT_200,2018,BE,135.0
PT_200,2018,FZ,310.0
PT_200,2018,GI,988.0
PT_200,2018,JZ,51.0
PT_200,2018,KZ,0.0
PT_200,2018,LZ,49.0
PT_200,2018,MN,1289.0
PT_200,2018,OPQ,409.0
PT_200,2018,RSU,300.0
PT_200,2019,A,445.0
PT_200,2019,BE,132.0
PT_200,2019,FZ,282.0
PT_200,2019,GI,796.0
PT_200,2019,JZ,39.0
PT_200,2019,KZ,0.0
PT_200,2019,LZ,56.0
PT_200,2019,MN,1234.0
PT_200,2019,OPQ,433.0
PT_200,2019,RSU,301.0
PT_200,2020,A,384.0
PT_200,2020,BE,104.0
PT_200,2020,FZ,241.0
PT_200,2020,GI,606.0
PT_200,2020,JZ,49.0
PT_200,2020,KZ,0.0
PT_200,2020,LZ,49.0
PT_200,2020,MN,913.0
PT_200,2020,OPQ,420.0
PT_200,2020,RSU,199.0
PT_200,2021,A,430.0
PT_200,2021,BE,118.0
PT_200,2021,FZ,250.0
PT_200,2021,GI,628.0
PT_200,2021,JZ,64.0
PT_200,2021,KZ,0.0
PT_200,2021,LZ,77.0
PT_200,2021,MN,1146.0
PT_200,2021,OPQ,608.0
PT_200,2021,RSU,273.0
PT_200,2022,A,453.0
PT_200,2022,BE,146.0
PT_200,2022,FZ,285.0
PT_200,2022,GI,775.0
PT_200,2022,JZ,65.0
PT_200,2022,KZ,0.0
PT_200,2022,LZ,100.0
PT_200,2022,MN,1388.0
PT_200,2022,OPQ,562.0
PT_200,2022,RSU,351.0
PT_200,2023,A,459.0
PT_200,2023,BE,158.0
PT_200,2023,FZ,271.0
PT_200,2023,GI,886.0
PT_200,2023,JZ,75.0
PT_200,2023,KZ,0.0
PT_200,2023,LZ,85.0
PT_200,2023,MN,1487.0
PT_200,2023,OPQ,520.0
PT_200,2023,RSU,383.0
PT_200,2024,A,463.0
PT_200,2024,BE,152.0
PT_200,2024,FZ,291.0
PT_200,2024,GI,933.0
PT_200,2024,JZ,82.0
PT_200,2024,KZ,0.0
PT_200,2024,LZ,95.0
PT_200,2024,MN,1356.0
PT_200,2024,OPQ,578.0
PT_200,2024,RSU,408.0
PT_300,2008,A,41.0
PT_300,2008,BE,95.0
PT_300,2008,FZ,240.0
PT_300,2008,GI,936.0
PT_300,2008,JZ,30.0
PT_300,2008,KZ,0.0
PT_300,2008,LZ,60.0
PT_300,2008,MN,1310.0
PT_300,2008,OPQ,434.0
PT_300,2008,RSU,306.0
PT_300,2009,A,74.0
PT_300,2009,BE,69.0
PT_300,2009,FZ,170.0
PT_300,2009,GI,668.0
PT_300,2009,JZ,31.0
PT_300,2009,KZ,0.0
PT_300,2009,LZ,67.0
PT_300,2009,MN,1036.0
PT_300,2009,OPQ,436.0
PT_300,2009,RSU,269.0
PT_300,2010,A,49.0
PT_300,2010,BE,58.0
PT_300,2010,FZ,144.0
PT_300,2010,GI,617.0
PT_300,2010,JZ,35.0
PT_300,2010,KZ,0.0
PT_300,2010,LZ,54.0
PT_300,2010,MN,1073.0
PT_300,2010,OPQ,438.0
PT_300,2010,RSU,218.0
PT_300,2011,A,77.0
PT_300,2011,BE,58.0
PT_300,2011,FZ,129.0
PT_300,2011,GI,737.0
PT_300,2011,JZ,42.0
PT_300,2011,KZ,0.0
PT_300,2011,LZ,64.0
PT_300,2011,MN,1054.0
PT_300,2011,OPQ,434.0
PT_300,2011,RSU,253.0
PT_300,2012,A,778.0
PT_300,2012,BE,65.0
PT_300,2012,FZ,94.0
PT_300,2012,GI,721.0
PT_300,2012,JZ,40.0
PT_300,2012,KZ,0.0
PT_300,2012,LZ,63.0
PT_300,2012,MN,1003.0
PT_300,2012,OPQ,307.0
PT_300,2012,RSU,220.0
PT_300,2013,A,3106.0
PT_300,2013,BE,82.0
PT_300,2013,FZ,149.0
PT_300,2013,GI,908.0
PT_300,2013,JZ,42.0
PT_300,2013,KZ,0.0
PT_300,2013,LZ,55.0
PT_300,2013,MN,1226.0
PT_300,2013,OPQ,363.0
PT_300,2013,RSU,259.0
PT_300,2014,A,677.0
PT_300,2014,BE,68.0
PT_300,2014,FZ,99.0
PT_300,2014,GI,794.0
PT_300,2014,JZ,43.0
PT_300,2014,KZ,0.0
PT_300,2014,LZ,40.0
PT_300,2014,MN,1250.0
PT_300,2014,OPQ,378.0
PT_300,2014,RSU,274.0
PT_300,2015,A,435.0
PT_300,2015,BE,71.0
PT_300,2015,FZ,110.0
PT_300,2015,GI,1010.0
PT_300,2015,JZ,40.0
PT_300,2015,KZ,0.0
PT_300,2015,LZ,80.0
PT_300,2015,MN,1429.0
PT_300,2015,OPQ,399.0
PT_300,2015,RSU,319.0
PT_300,2016,A,421.0
PT_300,2016,BE,108.0
PT_300,2016,FZ,87.0
PT_300,2016,GI,981.0
PT_300,2016,JZ,49.0
PT_300,2016,KZ,0.0
PT_300,2016,LZ,94.0
PT_300,2016,MN,1530.0
PT_300,2016,OPQ,359.0
PT_300,2016,RSU,282.0
PT_300,2017,A,381.0
PT_300,2017,BE,78.0
PT_300,2017,FZ,120.0
PT_300,2017,GI,1204.0
PT_300,2017,JZ,71.0
PT_300,2017,KZ,0.0
PT_300,2017,LZ,121.0
PT_300,2017,MN,1596.0
PT_300,2017,OPQ,388.0
PT_300,2017,RSU,313.0
PT_300,2018,A,458.0
PT_300,2018,BE,104.0
PT_300,2018,FZ,156.0
PT_300,2018,GI,1275.0
PT_300,2018,JZ,49.0
PT_300,2018,KZ,0.0
PT_300,2018,LZ,149.0
PT_300,2018,MN,1586.0
PT_300,2018,OPQ,436.0
PT_300,2018,RSU,289.0
PT_300,2019,A,303.0
PT_300,2019,BE,73.0
PT_300,2019,FZ,161.0
PT_300,2019,GI,1065.0
PT_300,2019,JZ,72.0
PT_300,2019,KZ,0.0
PT_300,2019,LZ,120.0
PT_300,2019,MN,1614.0
PT_300,2019,OPQ,499.0
PT_300,2019,RSU,304.0
PT_300,2020,A,304.0
PT_300,2020,BE,67.0
PT_300,2020,FZ,146.0
PT_300,2020,GI,833.0
PT_300,2020,JZ,63.0
PT_300,2020,KZ,0.0
PT_300,2020,LZ,98.0
PT_300,2020,MN,1244.0
PT_300,2020,OPQ,463.0
PT_300,2020,RSU,283.0
PT_300,2021,A,274.0
PT_300,2021,BE,76.0
PT_300,2021,FZ,177.0
PT_300,2021,GI,935.0
PT_300,2021,JZ,125.0
PT_300,2021,KZ,0.0
PT_300,2021,LZ,186.0
PT_300,2021,MN,1686.0
PT_300,2021,OPQ,592.0
PT_300,2021,RSU,316.0
PT_300,2022,A,278.0
PT_300,2022,BE,230.0
PT_300,2022,FZ,198.0
PT_300,2022,GI,1312.0
PT_300,2022,JZ,161.0
PT_300,2022,KZ,0.0
PT_300,2022,LZ,230.0
PT_300,2022,MN,1716.0
PT_300,2022,OPQ,546.0
PT_300,2022,RSU,449.0
PT_300,2023,A,314.0
PT_300,2023,BE,130.0
PT_300,2023,FZ,242.0
PT_300,2023,GI,1473.0
PT_300,2023,JZ,213.0
PT_300,2023,KZ,0.0
PT_300,2023,LZ,208.0
PT_300,2023,MN,1796.0
PT_300,2023,OPQ,498.0
PT_300,2023,RSU,496.0
PT_300,2024,A,272.0
PT_300,2024,BE,111.0
PT_300,2024,FZ,253.0
PT_300,2024,GI,1689.0
PT_300,2024,JZ,154.0
PT_300,2024,KZ,0.0
PT_300,2024,LZ,200.0
PT_300,2024,MN,1705.0
PT_300,2024,OPQ,572.0
PT_300,2024,RSU,501.0
