ZE2020,target_year,node_idx,side_establishment_creations_official,side_enterprise_creations_official,side_lag_1,side_lag_2,side_lag_3,growth_1y,growth_2y,has_flores_source,has_side_stock_source,has_urssaf_source,feature_forecast_safe,is_covid_year,is_post_covid_rebound,side_stock_total_t_minus_1
1,2007,0,1394.0,1394.0,,,,,,0,0,0,1,0,0,
2,2007,1,6240.0,6240.0,,,,,,0,0,0,1,0,0,
3,2007,2,234.0,234.0,,,,,,0,0,0,1,0,0,
4,2007,3,389.0,389.0,,,,,,0,0,0,1,0,0,
5,2007,4,640.0,640.0,,,,,,0,0,0,1,0,0,
6,2007,5,232.0,232.0,,,,,,0,0,0,1,0,0,
7,2007,6,1791.0,1791.0,,,,,,0,0,0,1,0,0,
8,2007,7,8746.0,8746.0,,,,,,0,0,0,1,0,0,
9,2007,8,1936.0,1936.0,,,,,,0,0,0,1,0,0,
10,2007,9,1623.0,1623.0,,,,,,0,0,0,1,0,0,
11,2007,10,543.0,543.0,,,,,,0,0,0,1,0,0,
12,2007,11,301.0,301.0,,,,,,0,0,0,1,0,0,
13,2007,12,460.0,460.0,,,,,,0,0,0,1,0,0,
14,2007,13,378.0,378.0,,,,,,0,0,0,1,0,0,
15,2007,14,3524.0,3524.0,,,,,,0,0,0,1,0,0,
16,2007,15,2924.0,2924.0,,,,,,0,0,0,1,0,0,
17,2007,16,2572.0,2572.0,,,,,,0,0,0,1,0,0,
18,2007,17,518.0,518.0,,,,,,0,0,0,1,0,0,
19,2007,18,2995.0,2995.0,,,,,,0,0,0,1,0,0,
20,2007,19,2853.0,2853.0,,,,,,0,0,0,1,0,0,
21,2007,20,1329.0,1329.0,,,,,,0,0,0,1,0,0,
22,2007,21,1700.0,1700.0,,,,,,0,0,0,1,0,0,
23,2007,22,339.0,339.0,,,,,,0,0,0,1,0,0,
24,2007,23,989.0,989.0,,,,,,0,0,0,1,0,0,
25,2007,24,1607.0,1607.0,,,,,,0,0,0,1,0,0,
26,2007,25,331.0,331.0,,,,,,0,0,0,1,0,0,
27,2007,26,2482.0,2482.0,,,,,,0,0,0,1,0,0,
28,2007,27,828.0,828.0,,,,,,0,0,0,1,0,0,
29,2007,28,297.0,297.0,,,,,,0,0,0,1,0,0,
30,2007,29,865.0,865.0,,,,,,0,0,0,1,0,0,
31,2007,30,1370.0,1370.0,,,,,,0,0,0,1,0,0,
32,2007,31,852.0,852.0,,,,,,0,0,0,1,0,0,
33,2007,32,1081.0,1081.0,,,,,,0,0,0,1,0,0,
34,2007,33,659.0,659.0,,,,,,0,0,0,1,0,0,
35,2007,34,555.0,555.0,,,,,,0,0,0,1,0,0,
36,2007,35,1257.0,1257.0,,,,,,0,0,0,1,0,0,
37,2007,36,1055.0,1055.0,,,,,,0,0,0,1,0,0,
38,2007,37,2571.0,2571.0,,,,,,0,0,0,1,0,0,
39,2007,38,1434.0,1434.0,,,,,,0,0,0,1,0,0,
40,2007,39,204.0,204.0,,,,,,0,0,0,1,0,0,
41,2007,40,427.0,427.0,,,,,,0,0,0,1,0,0,
42,2007,41,607.0,607.0,,,,,,0,0,0,1,0,0,
1,2008,0,1302.0,1302.0,1394.0,,,-0.0659971305595408,,0,0,0,1,0,0,17319.0
2,2008,1,6166.0,6166.0,6240.0,,,-0.0118589743589743,,0,0,0,1,0,0,69004.0
3,2008,2,197.0,197.0,234.0,,,-0.1581196581196581,,0,0,0,1,0,0,2032.0
4,2008,3,358.0,358.0,389.0,,,-0.0796915167095115,,0,0,0,1,0,0,5127.0
5,2008,4,662.0,662.0,640.0,,,0.034375,,0,0,0,1,0,0,9000.0
6,2008,5,231.0,231.0,232.0,,,-0.0043103448275862,,0,0,0,1,0,0,3732.0
7,2008,6,1734.0,1734.0,1791.0,,,-0.0318257956448911,,0,0,0,1,0,0,23567.0
8,2008,7,7957.0,7957.0,8746.0,,,-0.090212668648525,,0,0,0,1,0,0,78175.0
9,2008,8,1789.0,1789.0,1936.0,,,-0.0759297520661157,,0,0,0,1,0,0,19788.0
10,2008,9,1620.0,1620.0,1623.0,,,-0.0018484288354898,,0,0,0,1,0,0,22714.0
11,2008,10,523.0,523.0,543.0,,,-0.0368324125230202,,0,0,0,1,0,0,7652.0
12,2008,11,288.0,288.0,301.0,,,-0.0431893687707641,,0,0,0,1,0,0,4796.0
13,2008,12,519.0,519.0,460.0,,,0.1282608695652174,,0,0,0,1,0,0,6542.0
14,2008,13,355.0,355.0,378.0,,,-0.0608465608465608,,0,0,0,1,0,0,5428.0
15,2008,14,3506.0,3506.0,3524.0,,,-0.0051078320090805,,0,0,0,1,0,0,41156.0
16,2008,15,2867.0,2867.0,2924.0,,,-0.0194938440492476,,0,0,0,1,0,0,38459.0
17,2008,16,2562.0,2562.0,2572.0,,,-0.0038880248833592,,0,0,0,1,0,0,27146.0
18,2008,17,462.0,462.0,518.0,,,-0.1081081081081081,,0,0,0,1,0,0,6644.0
19,2008,18,2847.0,2847.0,2995.0,,,-0.0494156928213689,,0,0,0,1,0,0,31455.0
20,2008,19,2772.0,2772.0,2853.0,,,-0.028391167192429,,0,0,0,1,0,0,31907.0
21,2008,20,1369.0,1369.0,1329.0,,,0.0300978179082016,,0,0,0,1,0,0,15338.0
22,2008,21,1821.0,1821.0,1700.0,,,0.0711764705882353,,0,0,0,1,0,0,20971.0
23,2008,22,294.0,294.0,339.0,,,-0.1327433628318584,,0,0,0,1,0,0,4320.0
24,2008,23,1063.0,1063.0,989.0,,,0.0748230535894843,,0,0,0,1,0,0,11310.0
25,2008,24,1509.0,1509.0,1607.0,,,-0.0609831985065339,,0,0,0,1,0,0,18194.0
26,2008,25,326.0,326.0,331.0,,,-0.0151057401812688,,0,0,0,1,0,0,5162.0
27,2008,26,2579.0,2579.0,2482.0,,,0.0390813859790491,,0,0,0,1,0,0,30710.0
28,2008,27,795.0,795.0,828.0,,,-0.0398550724637681,,0,0,0,1,0,0,10381.0
29,2008,28,246.0,246.0,297.0,,,-0.1717171717171717,,0,0,0,1,0,0,4061.0
30,2008,29,923.0,923.0,865.0,,,0.0670520231213872,,0,0,0,1,0,0,12518.0
31,2008,30,1335.0,1335.0,1370.0,,,-0.0255474452554744,,0,0,0,1,0,0,15754.0
32,2008,31,811.0,811.0,852.0,,,-0.0481220657276995,,0,0,0,1,0,0,9236.0
33,2008,32,1012.0,1012.0,1081.0,,,-0.0638297872340425,,0,0,0,1,0,0,13146.0
34,2008,33,618.0,618.0,659.0,,,-0.0622154779969651,,0,0,0,1,0,0,8198.0
35,2008,34,590.0,590.0,555.0,,,0.063063063063063,,0,0,0,1,0,0,9352.0
36,2008,35,1138.0,1138.0,1257.0,,,-0.0946698488464598,,0,0,0,1,0,0,13671.0
37,2008,36,946.0,946.0,1055.0,,,-0.1033175355450237,,0,0,0,1,0,0,12672.0
38,2008,37,2572.0,2572.0,2571.0,,,0.0003889537145079,,0,0,0,1,0,0,29023.0
39,2008,38,1417.0,1417.0,1434.0,,,-0.0118549511854951,,0,0,0,1,0,0,18793.0
40,2008,39,216.0,216.0,204.0,,,0.0588235294117647,,0,0,0,1,0,0,2632.0
41,2008,40,347.0,347.0,427.0,,,-0.1873536299765808,,0,0,0,1,0,0,4748.0
42,2008,41,525.0,525.0,607.0,,,-0.1350906095551894,,0,0,0,1,0,0,8738.0
1,2009,0,1246.0,1246.0,1302.0,1394.0,,-0.043010752688172,,0,0,0,1,0,0,17741.0
2,2009,1,5859.0,5859.0,6166.0,6240.0,,-0.0497891663963671,,0,0,0,1,0,0,70590.0
3,2009,2,172.0,172.0,197.0,234.0,,-0.1269035532994923,,0,0,0,1,0,0,2042.0
4,2009,3,335.0,335.0,358.0,389.0,,-0.0642458100558659,,0,0,0,1,0,0,5176.0
5,2009,4,643.0,643.0,662.0,640.0,,-0.0287009063444108,,0,0,0,1,0,0,9190.0
6,2009,5,184.0,184.0,231.0,232.0,,-0.2034632034632034,,0,0,0,1,0,0,3733.0
7,2009,6,1664.0,1664.0,1734.0,1791.0,,-0.0403690888119953,,0,0,0,1,0,0,24017.0
8,2009,7,7409.0,7409.0,7957.0,8746.0,,-0.0688701772024632,,0,0,0,1,0,0,80042.0
9,2009,8,1639.0,1639.0,1789.0,1936.0,,-0.0838457238680827,,0,0,0,1,0,0,20004.0
10,2009,9,1581.0,1581.0,1620.0,1623.0,,-0.024074074074074,,0,0,0,1,0,0,23162.0
11,2009,10,494.0,494.0,523.0,543.0,,-0.0554493307839388,,0,0,0,1,0,0,7633.0
12,2009,11,277.0,277.0,288.0,301.0,,-0.0381944444444444,,0,0,0,1,0,0,4854.0
13,2009,12,404.0,404.0,519.0,460.0,,-0.2215799614643545,,0,0,0,1,0,0,6678.0
14,2009,13,362.0,362.0,355.0,378.0,,0.0197183098591549,,0,0,0,1,0,0,5512.0
15,2009,14,3160.0,3160.0,3506.0,3524.0,,-0.098687963491158,,0,0,0,1,0,0,42218.0
16,2009,15,2779.0,2779.0,2867.0,2924.0,,-0.0306941053365887,,0,0,0,1,0,0,39239.0
17,2009,16,2393.0,2393.0,2562.0,2572.0,,-0.0659640905542544,,0,0,0,1,0,0,28223.0
18,2009,17,521.0,521.0,462.0,518.0,,0.1277056277056277,,0,0,0,1,0,0,6720.0
19,2009,18,2955.0,2955.0,2847.0,2995.0,,0.0379346680716543,,0,0,0,1,0,0,31906.0
20,2009,19,2611.0,2611.0,2772.0,2853.0,,-0.058080808080808,,0,0,0,1,0,0,32749.0
21,2009,20,1274.0,1274.0,1369.0,1329.0,,-0.0693937180423666,,0,0,0,1,0,0,15743.0
22,2009,21,1633.0,1633.0,1821.0,1700.0,,-0.1032399780340472,,0,0,0,1,0,0,21496.0
23,2009,22,286.0,286.0,294.0,339.0,,-0.0272108843537414,,0,0,0,1,0,0,4352.0
24,2009,23,964.0,964.0,1063.0,989.0,,-0.0931326434619002,,0,0,0,1,0,0,11497.0
25,2009,24,1347.0,1347.0,1509.0,1607.0,,-0.1073558648111332,,0,0,0,1,0,0,18547.0
26,2009,25,279.0,279.0,326.0,331.0,,-0.1441717791411043,,0,0,0,1,0,0,5134.0
27,2009,26,2327.0,2327.0,2579.0,2482.0,,-0.097712291585886,,0,0,0,1,0,0,31671.0
28,2009,27,738.0,738.0,795.0,828.0,,-0.0716981132075471,,0,0,0,1,0,0,10578.0
29,2009,28,230.0,230.0,246.0,297.0,,-0.065040650406504,,0,0,0,1,0,0,4099.0
30,2009,29,815.0,815.0,923.0,865.0,,-0.1170097508125677,,0,0,0,1,0,0,12789.0
31,2009,30,1197.0,1197.0,1335.0,1370.0,,-0.1033707865168539,,0,0,0,1,0,0,16159.0
32,2009,31,747.0,747.0,811.0,852.0,,-0.0789149198520345,,0,0,0,1,0,0,9426.0
33,2009,32,1016.0,1016.0,1012.0,1081.0,,0.0039525691699604,,0,0,0,1,0,0,13386.0
34,2009,33,564.0,564.0,618.0,659.0,,-0.087378640776699,,0,0,0,1,0,0,8351.0
35,2009,34,526.0,526.0,590.0,555.0,,-0.1084745762711864,,0,0,0,1,0,0,9521.0
36,2009,35,1034.0,1034.0,1138.0,1257.0,,-0.0913884007029877,,0,0,0,1,0,0,13913.0
37,2009,36,890.0,890.0,946.0,1055.0,,-0.0591966173361522,,0,0,0,1,0,0,12806.0
38,2009,37,2351.0,2351.0,2572.0,2571.0,,-0.0859253499222395,,0,0,0,1,0,0,29962.0
39,2009,38,1157.0,1157.0,1417.0,1434.0,,-0.1834862385321101,,0,0,0,1,0,0,19076.0
40,2009,39,180.0,180.0,216.0,204.0,,-0.1666666666666666,,0,0,0,1,0,0,2666.0
41,2009,40,353.0,353.0,347.0,427.0,,0.0172910662824207,,0,0,0,1,0,0,4804.0
42,2009,41,539.0,539.0,525.0,607.0,,0.0266666666666666,,0,0,0,1,0,0,8861.0
1,2010,0,1294.0,1294.0,1246.0,1302.0,1394.0,0.0385232744783306,-0.10616929698708755,0,0,0,1,0,0,17826.0
2,2010,1,6559.0,6559.0,5859.0,6166.0,6240.0,0.1194743130227001,-0.06105769230769231,0,0,0,1,0,0,71682.0
3,2010,2,175.0,175.0,172.0,197.0,234.0,0.0174418604651162,-0.2649572649572649,0,0,0,1,0,0,2002.0
4,2010,3,364.0,364.0,335.0,358.0,389.0,0.0865671641791044,-0.13881748071979438,0,0,0,1,0,0,5184.0
5,2010,4,686.0,686.0,643.0,662.0,640.0,0.0668740279937791,0.004687499999999956,0,0,0,1,0,0,9336.0
6,2010,5,234.0,234.0,184.0,231.0,232.0,0.2717391304347826,-0.2068965517241379,0,0,0,1,0,0,3687.0
7,2010,6,1676.0,1676.0,1664.0,1734.0,1791.0,0.0072115384615384,-0.07091010608598547,0,0,0,1,0,0,24317.0
8,2010,7,8659.0,8659.0,7409.0,7957.0,8746.0,0.168713726548792,-0.1528698833752573,0,0,0,1,0,0,80764.0
9,2010,8,1747.0,1747.0,1639.0,1789.0,1936.0,0.0658938377059182,-0.15340909090909094,0,0,0,1,0,0,19956.0
10,2010,9,1721.0,1721.0,1581.0,1620.0,1623.0,0.0885515496521189,-0.025878003696857665,0,0,0,1,0,0,23438.0
11,2010,10,504.0,504.0,494.0,523.0,543.0,0.020242914979757,-0.09023941068139962,0,0,0,1,0,0,7683.0
12,2010,11,291.0,291.0,277.0,288.0,301.0,0.0505415162454873,-0.07973421926910296,0,0,0,1,0,0,4840.0
13,2010,12,412.0,412.0,404.0,519.0,460.0,0.0198019801980198,-0.12173913043478257,0,0,0,1,0,0,6697.0
14,2010,13,382.0,382.0,362.0,355.0,378.0,0.0552486187845303,-0.042328042328042326,0,0,0,1,0,0,5577.0
15,2010,14,3424.0,3424.0,3160.0,3506.0,3524.0,0.0835443037974683,-0.10329171396140746,0,0,0,1,0,0,42762.0
16,2010,15,3066.0,3066.0,2779.0,2867.0,2924.0,0.1032745591939546,-0.049589603283173744,0,0,0,1,0,0,39588.0
17,2010,16,2661.0,2661.0,2393.0,2562.0,2572.0,0.11199331383201,-0.06959564541213059,0,0,0,1,0,0,28849.0
18,2010,17,525.0,525.0,521.0,462.0,518.0,0.0076775431861804,0.005791505791505891,0,0,0,1,0,0,6774.0
19,2010,18,3121.0,3121.0,2955.0,2847.0,2995.0,0.0561759729272419,-0.013355592654423987,0,0,0,1,0,0,32193.0
20,2010,19,2770.0,2770.0,2611.0,2772.0,2853.0,0.0608962083492914,-0.08482299334034349,0,0,0,1,0,0,33281.0
21,2010,20,1330.0,1330.0,1274.0,1369.0,1329.0,0.0439560439560439,-0.04138449962377733,0,0,0,1,0,0,16079.0
22,2010,21,1853.0,1853.0,1633.0,1821.0,1700.0,0.1347213717085119,-0.03941176470588237,0,0,0,1,0,0,21741.0
23,2010,22,278.0,278.0,286.0,294.0,339.0,-0.0279720279720279,-0.15634218289085544,0,0,0,1,0,0,4353.0
24,2010,23,930.0,930.0,964.0,1063.0,989.0,-0.0352697095435684,-0.025278058645096024,0,0,0,1,0,0,11463.0
25,2010,24,1560.0,1560.0,1347.0,1509.0,1607.0,0.1581291759465478,-0.16179215930304913,0,0,0,1,0,0,18682.0
26,2010,25,304.0,304.0,279.0,326.0,331.0,0.089605734767025,-0.1570996978851964,0,0,0,1,0,0,5071.0
27,2010,26,2540.0,2540.0,2327.0,2579.0,2482.0,0.0915341641598624,-0.062449637389202284,0,0,0,1,0,0,32129.0
28,2010,27,796.0,796.0,738.0,795.0,828.0,0.078590785907859,-0.10869565217391308,0,0,0,1,0,0,10658.0
29,2010,28,302.0,302.0,230.0,246.0,297.0,0.3130434782608696,-0.22558922558922556,0,0,0,1,0,0,4086.0
30,2010,29,937.0,937.0,815.0,923.0,865.0,0.1496932515337423,-0.05780346820809246,0,0,0,1,0,0,12955.0
31,2010,30,1258.0,1258.0,1197.0,1335.0,1370.0,0.0509607351712614,-0.1262773722627737,0,0,0,1,0,0,16317.0
32,2010,31,796.0,796.0,747.0,811.0,852.0,0.0655957161981258,-0.12323943661971826,0,0,0,1,0,0,9464.0
33,2010,32,1049.0,1049.0,1016.0,1012.0,1081.0,0.0324803149606299,-0.0601295097132285,0,0,0,1,0,0,13511.0
34,2010,33,667.0,667.0,564.0,618.0,659.0,0.1826241134751773,-0.14415781487101664,0,0,0,1,0,0,8358.0
35,2010,34,526.0,526.0,526.0,590.0,555.0,0.0,-0.052252252252252274,0,0,0,1,0,0,9573.0
36,2010,35,1123.0,1123.0,1034.0,1138.0,1257.0,0.086073500967118,-0.177406523468576,0,0,0,1,0,0,14023.0
37,2010,36,989.0,989.0,890.0,946.0,1055.0,0.1112359550561797,-0.1563981042654028,0,0,0,1,0,0,12841.0
38,2010,37,2684.0,2684.0,2351.0,2572.0,2571.0,0.1416418545299872,-0.08556981719175416,0,0,0,1,0,0,30613.0
39,2010,38,1373.0,1373.0,1157.0,1417.0,1434.0,0.1866897147796024,-0.1931659693165969,0,0,0,1,0,0,18935.0
40,2010,39,183.0,183.0,180.0,216.0,204.0,0.0166666666666666,-0.11764705882352944,0,0,0,1,0,0,2663.0
41,2010,40,429.0,429.0,353.0,347.0,427.0,0.2152974504249291,-0.1733021077283372,0,0,0,1,0,0,4823.0
42,2010,41,578.0,578.0,539.0,525.0,607.0,0.072356215213358,-0.11202635914332781,0,0,0,1,0,0,8966.0
1,2011,0,1374.0,1374.0,1294.0,1246.0,1302.0,0.061823802163833,-0.006144393241167445,0,0,0,1,0,0,18113.0
2,2011,1,6685.0,6685.0,6559.0,5859.0,6166.0,0.0192102454642476,0.06373662017515414,0,0,0,1,0,0,73476.0
3,2011,2,217.0,217.0,175.0,172.0,197.0,0.24,-0.1116751269035533,0,0,0,1,0,0,2039.0
4,2011,3,394.0,394.0,364.0,335.0,358.0,0.0824175824175824,0.016759776536312776,0,0,0,1,0,0,5265.0
5,2011,4,619.0,619.0,686.0,643.0,662.0,-0.097667638483965,0.03625377643504524,0,0,0,1,0,0,9555.0
6,2011,5,225.0,225.0,234.0,184.0,231.0,-0.0384615384615384,0.01298701298701288,0,0,0,1,0,0,3737.0
7,2011,6,1823.0,1823.0,1676.0,1664.0,1734.0,0.087708830548926,-0.03344867358708192,0,0,0,1,0,0,24792.0
8,2011,7,8849.0,8849.0,8659.0,7409.0,7957.0,0.0219424875851714,0.08822420510242557,0,0,0,1,0,0,82600.0
9,2011,8,1847.0,1847.0,1747.0,1639.0,1789.0,0.0572409845449341,-0.02347680268306318,0,0,0,1,0,0,20015.0
10,2011,9,1838.0,1838.0,1721.0,1581.0,1620.0,0.0679837303893085,0.06234567901234578,0,0,0,1,0,0,23894.0
11,2011,10,517.0,517.0,504.0,494.0,523.0,0.0257936507936507,-0.03632887189292544,0,0,0,1,0,0,7773.0
12,2011,11,322.0,322.0,291.0,277.0,288.0,0.1065292096219931,0.01041666666666674,0,0,0,1,0,0,4916.0
13,2011,12,445.0,445.0,412.0,404.0,519.0,0.0800970873786407,-0.20616570327552985,0,0,0,1,0,0,6776.0
14,2011,13,379.0,379.0,382.0,362.0,355.0,-0.0078534031413612,0.07605633802816891,0,0,0,1,0,0,5589.0
15,2011,14,3568.0,3568.0,3424.0,3160.0,3506.0,0.0420560747663551,-0.02338847689674839,0,0,0,1,0,0,43508.0
16,2011,15,3221.0,3221.0,3066.0,2779.0,2867.0,0.0505544683626875,0.06941053365887684,0,0,0,1,0,0,40386.0
17,2011,16,2670.0,2670.0,2661.0,2393.0,2562.0,0.0033821871476888,0.03864168618266972,0,0,0,1,0,0,29854.0
18,2011,17,555.0,555.0,525.0,521.0,462.0,0.0571428571428571,0.13636363636363646,0,0,0,1,0,0,6928.0
19,2011,18,3336.0,3336.0,3121.0,2955.0,2847.0,0.0688881768663889,0.09624165788549344,0,0,0,1,0,0,32799.0
20,2011,19,2850.0,2850.0,2770.0,2611.0,2772.0,0.0288808664259927,-0.0007215007215006786,0,0,0,1,0,0,34194.0
21,2011,20,1379.0,1379.0,1330.0,1274.0,1369.0,0.0368421052631578,-0.028487947406866332,0,0,0,1,0,0,16448.0
22,2011,21,1946.0,1946.0,1853.0,1633.0,1821.0,0.0501888828926065,0.0175727622185613,0,0,0,1,0,0,22344.0
23,2011,22,309.0,309.0,278.0,286.0,294.0,0.1115107913669064,-0.05442176870748294,0,0,0,1,0,0,4369.0
24,2011,23,1048.0,1048.0,930.0,964.0,1063.0,0.1268817204301075,-0.1251175917215428,0,0,0,1,0,0,11534.0
25,2011,24,1640.0,1640.0,1560.0,1347.0,1509.0,0.0512820512820512,0.03379721669980129,0,0,0,1,0,0,18945.0
26,2011,25,356.0,356.0,304.0,279.0,326.0,0.1710526315789473,-0.06748466257668717,0,0,0,1,0,0,5108.0
27,2011,26,2780.0,2780.0,2540.0,2327.0,2579.0,0.0944881889763779,-0.01512214036448234,0,0,0,1,0,0,32847.0
28,2011,27,790.0,790.0,796.0,738.0,795.0,-0.007537688442211,0.0012578616352201255,0,0,0,1,0,0,10829.0
29,2011,28,294.0,294.0,302.0,230.0,246.0,-0.0264900662251655,0.22764227642276413,0,0,0,1,0,0,4146.0
30,2011,29,894.0,894.0,937.0,815.0,923.0,-0.0458911419423692,0.015167930660888507,0,0,0,1,0,0,13178.0
31,2011,30,1405.0,1405.0,1258.0,1197.0,1335.0,0.1168521462639109,-0.0576779026217229,0,0,0,1,0,0,16592.0
32,2011,31,820.0,820.0,796.0,747.0,811.0,0.0301507537688442,-0.018495684340320562,0,0,0,1,0,0,9555.0
33,2011,32,1132.0,1132.0,1049.0,1016.0,1012.0,0.0791229742612011,0.03656126482213429,0,0,0,1,0,0,13791.0
34,2011,33,675.0,675.0,667.0,564.0,618.0,0.0119940029985007,0.07928802588996753,0,0,0,1,0,0,8459.0
35,2011,34,569.0,569.0,526.0,526.0,590.0,0.0817490494296578,-0.1084745762711864,0,0,0,1,0,0,9676.0
36,2011,35,1090.0,1090.0,1123.0,1034.0,1138.0,-0.0293855743544078,-0.013181019332161648,0,0,0,1,0,0,14289.0
37,2011,36,928.0,928.0,989.0,890.0,946.0,-0.0616784630940343,0.045454545454545414,0,0,0,1,0,0,12967.0
38,2011,37,2695.0,2695.0,2684.0,2351.0,2572.0,0.0040983606557377,0.043545878693623585,0,0,0,1,0,0,31493.0
39,2011,38,1366.0,1366.0,1373.0,1157.0,1417.0,-0.0050983248361252,-0.031051517290049402,0,0,0,1,0,0,19149.0
40,2011,39,212.0,212.0,183.0,180.0,216.0,0.1584699453551912,-0.1527777777777778,0,0,0,1,0,0,2691.0
41,2011,40,448.0,448.0,429.0,353.0,347.0,0.0442890442890442,0.2363112391930835,0,0,0,1,0,0,4939.0
42,2011,41,616.0,616.0,578.0,539.0,525.0,0.0657439446366782,0.1009523809523809,0,0,0,1,0,0,9118.0
1,2012,0,1329.0,1329.0,1374.0,1294.0,1246.0,-0.0327510917030567,0.10272873194221499,0,0,0,1,0,0,18535.0
2,2012,1,6511.0,6511.0,6685.0,6559.0,5859.0,-0.0260284218399401,0.14097968936678607,0,0,0,1,0,0,75495.0
3,2012,2,197.0,197.0,217.0,175.0,172.0,-0.0921658986175115,0.2616279069767442,0,0,0,1,0,0,2098.0
4,2012,3,409.0,409.0,394.0,364.0,335.0,0.0380710659898477,0.17611940298507456,0,0,0,1,0,0,5396.0
5,2012,4,683.0,683.0,619.0,686.0,643.0,0.1033925686591276,-0.03732503888024885,0,0,0,1,0,0,9632.0
6,2012,5,208.0,208.0,225.0,234.0,184.0,-0.0755555555555555,0.22282608695652173,0,0,0,1,0,0,3761.0
7,2012,6,1680.0,1680.0,1823.0,1676.0,1664.0,-0.0784421283598464,0.09555288461538458,0,0,0,1,0,0,25261.0
8,2012,7,8969.0,8969.0,8849.0,8659.0,7409.0,0.013560854333823,0.1943582129842083,0,0,0,1,0,0,84873.0
9,2012,8,1963.0,1963.0,1847.0,1747.0,1639.0,0.0628045479155387,0.12690665039658322,0,0,0,1,0,0,20128.0
10,2012,9,1750.0,1750.0,1838.0,1721.0,1581.0,-0.0478781284004352,0.1625553447185326,0,0,0,1,0,0,24315.0
11,2012,10,621.0,621.0,517.0,504.0,494.0,0.2011605415860735,0.046558704453441235,0,0,0,1,0,0,7834.0
12,2012,11,349.0,349.0,322.0,291.0,277.0,0.0838509316770186,0.16245487364620947,0,0,0,1,0,0,5022.0
13,2012,12,486.0,486.0,445.0,412.0,404.0,0.0921348314606741,0.10148514851485158,0,0,0,1,0,0,6875.0
14,2012,13,374.0,374.0,379.0,382.0,362.0,-0.0131926121372031,0.046961325966850875,0,0,0,1,0,0,5655.0
15,2012,14,3542.0,3542.0,3568.0,3424.0,3160.0,-0.007286995515695,0.12911392405063293,0,0,0,1,0,0,44651.0
16,2012,15,3123.0,3123.0,3221.0,3066.0,2779.0,-0.0304253337472834,0.15905001799208351,0,0,0,1,0,0,41287.0
17,2012,16,2561.0,2561.0,2670.0,2661.0,2393.0,-0.0408239700374531,0.1157542833263685,0,0,0,1,0,0,30800.0
18,2012,17,548.0,548.0,555.0,525.0,521.0,-0.0126126126126126,0.06525911708253362,0,0,0,1,0,0,7106.0
19,2012,18,3339.0,3339.0,3336.0,3121.0,2955.0,0.0008992805755395,0.12893401015228423,0,0,0,1,0,0,33484.0
20,2012,19,2781.0,2781.0,2850.0,2770.0,2611.0,-0.0242105263157894,0.09153581003446964,0,0,0,1,0,0,34990.0
21,2012,20,1322.0,1322.0,1379.0,1330.0,1274.0,-0.0413343002175489,0.08241758241758235,0,0,0,1,0,0,16925.0
22,2012,21,1849.0,1849.0,1946.0,1853.0,1633.0,-0.0498458376156217,0.1916717697489283,0,0,0,1,0,0,23085.0
23,2012,22,352.0,352.0,309.0,278.0,286.0,0.1391585760517799,0.08041958041958042,0,0,0,1,0,0,4406.0
24,2012,23,1012.0,1012.0,1048.0,930.0,964.0,-0.0343511450381679,0.08713692946058083,0,0,0,1,0,0,11736.0
25,2012,24,1676.0,1676.0,1640.0,1560.0,1347.0,0.0219512195121951,0.21752041573867853,0,0,0,1,0,0,19383.0
26,2012,25,313.0,313.0,356.0,304.0,279.0,-0.1207865168539325,0.2759856630824373,0,0,0,1,0,0,5165.0
27,2012,26,2756.0,2756.0,2780.0,2540.0,2327.0,-0.0086330935251798,0.19467125053717238,0,0,0,1,0,0,33935.0
28,2012,27,777.0,777.0,790.0,796.0,738.0,-0.0164556962025316,0.07046070460704601,0,0,0,1,0,0,10932.0
29,2012,28,316.0,316.0,294.0,302.0,230.0,0.0748299319727891,0.27826086956521734,0,0,0,1,0,0,4251.0
30,2012,29,934.0,934.0,894.0,937.0,815.0,0.0447427293064877,0.09693251533742342,0,0,0,1,0,0,13380.0
31,2012,30,1314.0,1314.0,1405.0,1258.0,1197.0,-0.0647686832740213,0.17376775271512113,0,0,0,1,0,0,16992.0
32,2012,31,805.0,805.0,820.0,796.0,747.0,-0.0182926829268292,0.09772423025435084,0,0,0,1,0,0,9702.0
33,2012,32,1052.0,1052.0,1132.0,1049.0,1016.0,-0.0706713780918728,0.11417322834645671,0,0,0,1,0,0,14079.0
34,2012,33,729.0,729.0,675.0,667.0,564.0,0.08,0.19680851063829796,0,0,0,1,0,0,8693.0
35,2012,34,578.0,578.0,569.0,526.0,526.0,0.015817223198594,0.08174904942965777,0,0,0,1,0,0,9842.0
36,2012,35,1003.0,1003.0,1090.0,1123.0,1034.0,-0.0798165137614679,0.05415860735009681,0,0,0,1,0,0,14599.0
37,2012,36,1014.0,1014.0,928.0,989.0,890.0,0.0926724137931034,0.04269662921348316,0,0,0,1,0,0,13097.0
38,2012,37,2560.0,2560.0,2695.0,2684.0,2351.0,-0.0500927643784786,0.14632071458953644,0,0,0,1,0,0,32287.0
39,2012,38,1445.0,1445.0,1366.0,1373.0,1157.0,0.0578330893118594,0.18063958513396705,0,0,0,1,0,0,19392.0
40,2012,39,207.0,207.0,212.0,183.0,180.0,-0.0235849056603773,0.1777777777777778,0,0,0,1,0,0,2715.0
41,2012,40,418.0,418.0,448.0,429.0,353.0,-0.0669642857142857,0.26912181303116145,0,0,0,1,0,0,5079.0
42,2012,41,601.0,601.0,616.0,578.0,539.0,-0.0243506493506493,0.1428571428571428,0,0,0,1,0,0,9303.0
1,2013,0,1223.0,1223.0,1329.0,1374.0,1294.0,-0.0797592174567344,0.027047913446677008,0,0,0,1,0,0,18688.0
2,2013,1,5964.0,5964.0,6511.0,6685.0,6559.0,-0.0840116725541391,-0.007318188748284826,0,0,0,1,0,0,77166.0
3,2013,2,189.0,189.0,197.0,217.0,175.0,-0.0406091370558375,0.12571428571428567,0,0,0,1,0,0,2132.0
4,2013,3,389.0,389.0,409.0,394.0,364.0,-0.0488997555012225,0.12362637362637363,0,0,0,1,0,0,5468.0
5,2013,4,631.0,631.0,683.0,619.0,686.0,-0.0761346998535871,-0.004373177842565634,0,0,0,1,0,0,9920.0
6,2013,5,218.0,218.0,208.0,225.0,234.0,0.048076923076923,-0.11111111111111116,0,0,0,1,0,0,3792.0
7,2013,6,1598.0,1598.0,1680.0,1823.0,1676.0,-0.0488095238095238,0.0023866348448686736,0,0,0,1,0,0,25554.0
8,2013,7,9064.0,9064.0,8969.0,8849.0,8659.0,0.0105920392462927,0.035800900796858715,0,0,0,1,0,0,87357.0
9,2013,8,1846.0,1846.0,1963.0,1847.0,1747.0,-0.0596026490066225,0.12364052661705771,0,0,0,1,0,0,20474.0
10,2013,9,1617.0,1617.0,1750.0,1838.0,1721.0,-0.076,0.01685066821615333,0,0,0,1,0,0,24663.0
11,2013,10,546.0,546.0,621.0,517.0,504.0,-0.1207729468599033,0.2321428571428572,0,0,0,1,0,0,7965.0
12,2013,11,277.0,277.0,349.0,322.0,291.0,-0.2063037249283667,0.19931271477663226,0,0,0,1,0,0,5136.0
13,2013,12,421.0,421.0,486.0,445.0,412.0,-0.1337448559670782,0.1796116504854368,0,0,0,1,0,0,7003.0
14,2013,13,328.0,328.0,374.0,379.0,382.0,-0.1229946524064171,-0.020942408376963373,0,0,0,1,0,0,5669.0
15,2013,14,3319.0,3319.0,3542.0,3568.0,3424.0,-0.0629587803500847,0.034462616822430014,0,0,0,1,0,0,45569.0
16,2013,15,2974.0,2974.0,3123.0,3221.0,3066.0,-0.047710534742235,0.018590998043052753,0,0,0,1,0,0,42199.0
17,2013,16,2281.0,2281.0,2561.0,2670.0,2661.0,-0.1093322920734088,-0.037579857196542665,0,0,0,1,0,0,31504.0
18,2013,17,549.0,549.0,548.0,555.0,525.0,0.0018248175182481,0.04380952380952374,0,0,0,1,0,0,7285.0
19,2013,18,3477.0,3477.0,3339.0,3336.0,3121.0,0.0413297394429469,0.06984940724126876,0,0,0,1,0,0,34210.0
20,2013,19,2599.0,2599.0,2781.0,2850.0,2770.0,-0.0654440848615605,0.003971119133574064,0,0,0,1,0,0,35843.0
21,2013,20,1101.0,1101.0,1322.0,1379.0,1330.0,-0.1671709531013615,-0.006015037593984918,0,0,0,1,0,0,17282.0
22,2013,21,1713.0,1713.0,1849.0,1946.0,1853.0,-0.0735532720389399,-0.0021586616297895045,0,0,0,1,0,0,23687.0
23,2013,22,303.0,303.0,352.0,309.0,278.0,-0.1392045454545454,0.26618705035971213,0,0,0,1,0,0,4508.0
24,2013,23,953.0,953.0,1012.0,1048.0,930.0,-0.058300395256917,0.08817204301075265,0,0,0,1,0,0,11851.0
25,2013,24,1573.0,1573.0,1676.0,1640.0,1560.0,-0.0614558472553699,0.07435897435897432,0,0,0,1,0,0,19870.0
26,2013,25,326.0,326.0,313.0,356.0,304.0,0.0415335463258785,0.02960526315789469,0,0,0,1,0,0,5202.0
27,2013,26,2534.0,2534.0,2756.0,2780.0,2540.0,-0.0805515239477503,0.08503937007874018,0,0,0,1,0,0,34899.0
28,2013,27,736.0,736.0,777.0,790.0,796.0,-0.0527670527670527,-0.023869346733668362,0,0,0,1,0,0,11017.0
29,2013,28,280.0,280.0,316.0,294.0,302.0,-0.1139240506329113,0.04635761589403975,0,0,0,1,0,0,4352.0
30,2013,29,815.0,815.0,934.0,894.0,937.0,-0.1274089935760171,-0.0032017075773745907,0,0,0,1,0,0,13656.0
31,2013,30,1222.0,1222.0,1314.0,1405.0,1258.0,-0.0700152207001522,0.044515103338632844,0,0,0,1,0,0,17158.0
32,2013,31,744.0,744.0,805.0,820.0,796.0,-0.0757763975155279,0.011306532663316604,0,0,0,1,0,0,9896.0
33,2013,32,959.0,959.0,1052.0,1132.0,1049.0,-0.088403041825095,0.0028598665395613843,0,0,0,1,0,0,14249.0
34,2013,33,625.0,625.0,729.0,675.0,667.0,-0.1426611796982167,0.09295352323838091,0,0,0,1,0,0,8883.0
35,2013,34,534.0,534.0,578.0,569.0,526.0,-0.0761245674740484,0.09885931558935357,0,0,0,1,0,0,9996.0
36,2013,35,971.0,971.0,1003.0,1090.0,1123.0,-0.0319042871385842,-0.10685663401602852,0,0,0,1,0,0,14798.0
37,2013,36,949.0,949.0,1014.0,928.0,989.0,-0.0641025641025641,0.025278058645096024,0,0,0,1,0,0,13334.0
38,2013,37,2516.0,2516.0,2560.0,2695.0,2684.0,-0.0171875,-0.046199701937406856,0,0,0,1,0,0,32997.0
39,2013,38,1457.0,1457.0,1445.0,1366.0,1373.0,0.0083044982698961,0.05243991260014558,0,0,0,1,0,0,19682.0
40,2013,39,192.0,192.0,207.0,212.0,183.0,-0.072463768115942,0.13114754098360648,0,0,0,1,0,0,2747.0
41,2013,40,418.0,418.0,418.0,448.0,429.0,0.0,-0.02564102564102566,0,0,0,1,0,0,5190.0
42,2013,41,500.0,500.0,601.0,616.0,578.0,-0.168053244592346,0.03979238754325265,0,0,0,1,0,0,9500.0
1,2014,0,1679.0,1679.0,1223.0,1329.0,1374.0,0.3728536385936222,-0.10989810771470165,0,0,0,1,0,0,18885.0
2,2014,1,8482.0,8482.0,5964.0,6511.0,6685.0,0.4221998658618377,-0.10785340314136127,0,0,0,1,0,0,77711.0
3,2014,2,214.0,214.0,189.0,197.0,217.0,0.1322751322751322,-0.12903225806451613,0,0,0,1,0,0,2128.0
4,2014,3,441.0,441.0,389.0,409.0,394.0,0.1336760925449871,-0.012690355329949221,0,0,0,1,0,0,5537.0
5,2014,4,896.0,896.0,631.0,683.0,619.0,0.4199683042789223,0.01938610662358653,0,0,0,1,0,0,10049.0
6,2014,5,246.0,246.0,218.0,208.0,225.0,0.128440366972477,-0.03111111111111109,0,0,0,1,0,0,3770.0
7,2014,6,2260.0,2260.0,1598.0,1680.0,1823.0,0.4142678347934919,-0.12342292923752052,0,0,0,1,0,0,25684.0
8,2014,7,13268.0,13268.0,9064.0,8969.0,8849.0,0.4638128861429832,0.024296530681432893,0,0,0,1,0,0,88731.0
9,2014,8,2160.0,2160.0,1846.0,1963.0,1847.0,0.1700975081256771,-0.0005414185165132368,0,0,0,1,0,0,20565.0
10,2014,9,2152.0,2152.0,1617.0,1750.0,1838.0,0.3308596165739023,-0.12023939064200218,0,0,0,1,0,0,24771.0
11,2014,10,607.0,607.0,546.0,621.0,517.0,0.1117216117216117,0.05609284332688591,0,0,0,1,0,0,8029.0
12,2014,11,350.0,350.0,277.0,349.0,322.0,0.2635379061371841,-0.13975155279503104,0,0,0,1,0,0,5146.0
13,2014,12,478.0,478.0,421.0,486.0,445.0,0.1353919239904988,-0.053932584269662964,0,0,0,1,0,0,7028.0
14,2014,13,404.0,404.0,328.0,374.0,379.0,0.2317073170731707,-0.1345646437994723,0,0,0,1,0,0,5667.0
15,2014,14,4821.0,4821.0,3319.0,3542.0,3568.0,0.4525459475745707,-0.06978699551569512,0,0,0,1,0,0,46136.0
16,2014,15,4392.0,4392.0,2974.0,3123.0,3221.0,0.4767989240080699,-0.07668425954672464,0,0,0,1,0,0,42684.0
17,2014,16,3196.0,3196.0,2281.0,2561.0,2670.0,0.401139850942569,-0.14569288389513113,0,0,0,1,0,0,31770.0
18,2014,17,707.0,707.0,549.0,548.0,555.0,0.2877959927140255,-0.010810810810810811,0,0,0,1,0,0,7381.0
19,2014,18,3760.0,3760.0,3477.0,3339.0,3336.0,0.0813920046016681,0.04226618705035978,0,0,0,1,0,0,34663.0
20,2014,19,3721.0,3721.0,2599.0,2781.0,2850.0,0.4317045017314351,-0.08807017543859652,0,0,0,1,0,0,36366.0
21,2014,20,1440.0,1440.0,1101.0,1322.0,1379.0,0.3079019073569482,-0.20159535895576508,0,0,0,1,0,0,17368.0
22,2014,21,2311.0,2311.0,1713.0,1849.0,1946.0,0.3490951546993578,-0.11973278520041108,0,0,0,1,0,0,24039.0
23,2014,22,329.0,329.0,303.0,352.0,309.0,0.0858085808580858,-0.01941747572815533,0,0,0,1,0,0,4540.0
24,2014,23,1249.0,1249.0,953.0,1012.0,1048.0,0.310598111227702,-0.09064885496183206,0,0,0,1,0,0,11968.0
25,2014,24,2015.0,2015.0,1573.0,1676.0,1640.0,0.2809917355371901,-0.0408536585365854,0,0,0,1,0,0,19924.0
26,2014,25,358.0,358.0,326.0,313.0,356.0,0.0981595092024539,-0.0842696629213483,0,0,0,1,0,0,5213.0
27,2014,26,3536.0,3536.0,2534.0,2756.0,2780.0,0.3954222573007103,-0.08848920863309351,0,0,0,1,0,0,35467.0
28,2014,27,940.0,940.0,736.0,777.0,790.0,0.2771739130434782,-0.06835443037974687,0,0,0,1,0,0,11045.0
29,2014,28,334.0,334.0,280.0,316.0,294.0,0.1928571428571428,-0.04761904761904767,0,0,0,1,0,0,4371.0
30,2014,29,1076.0,1076.0,815.0,934.0,894.0,0.3202453987730061,-0.0883668903803132,0,0,0,1,0,0,13795.0
31,2014,30,1539.0,1539.0,1222.0,1314.0,1405.0,0.2594108019639934,-0.13024911032028474,0,0,0,1,0,0,17254.0
32,2014,31,909.0,909.0,744.0,805.0,820.0,0.2217741935483871,-0.09268292682926826,0,0,0,1,0,0,9976.0
33,2014,32,1277.0,1277.0,959.0,1052.0,1132.0,0.3315954118873827,-0.1528268551236749,0,0,0,1,0,0,14303.0
34,2014,33,739.0,739.0,625.0,729.0,675.0,0.1824,-0.07407407407407407,0,0,0,1,0,0,8874.0
35,2014,34,682.0,682.0,534.0,578.0,569.0,0.2771535580524344,-0.061511423550087874,0,0,0,1,0,0,10055.0
36,2014,35,1277.0,1277.0,971.0,1003.0,1090.0,0.3151390319258496,-0.10917431192660554,0,0,0,1,0,0,14931.0
37,2014,36,1132.0,1132.0,949.0,1014.0,928.0,0.1928345626975764,0.022629310344827624,0,0,0,1,0,0,13354.0
38,2014,37,2926.0,2926.0,2516.0,2560.0,2695.0,0.1629570747217806,-0.06641929499072352,0,0,0,1,0,0,33384.0
39,2014,38,1616.0,1616.0,1457.0,1445.0,1366.0,0.1091283459162663,0.06661786237188871,0,0,0,1,0,0,20005.0
40,2014,39,189.0,189.0,192.0,207.0,212.0,-0.015625,-0.09433962264150941,0,0,0,1,0,0,2757.0
41,2014,40,479.0,479.0,418.0,418.0,448.0,0.145933014354067,-0.0669642857142857,0,0,0,1,0,0,5321.0
42,2014,41,683.0,683.0,500.0,601.0,616.0,0.366,-0.18831168831168832,0,0,0,1,0,0,9475.0
1,2015,0,1508.0,1508.0,1679.0,1223.0,1329.0,-0.1018463371054198,0.26335590669676456,0,0,0,1,0,0,19318.0
2,2015,1,7662.0,7662.0,8482.0,5964.0,6511.0,-0.0966753124263145,0.30271847642451233,0,0,0,1,0,0,80309.0
3,2015,2,190.0,190.0,214.0,189.0,197.0,-0.1121495327102803,0.08629441624365475,0,0,0,1,0,0,2160.0
4,2015,3,394.0,394.0,441.0,389.0,409.0,-0.1065759637188208,0.0782396088019559,0,0,0,1,0,0,5668.0
5,2015,4,743.0,743.0,896.0,631.0,683.0,-0.1707589285714285,0.31185944363103957,0,0,0,1,0,0,10380.0
6,2015,5,241.0,241.0,246.0,218.0,208.0,-0.0203252032520325,0.1826923076923077,0,0,0,1,0,0,3783.0
7,2015,6,1907.0,1907.0,2260.0,1598.0,1680.0,-0.1561946902654867,0.34523809523809534,0,0,0,1,0,0,26370.0
8,2015,7,10141.0,10141.0,13268.0,9064.0,8969.0,-0.2356798311727464,0.4793176496822389,0,0,0,1,0,0,94436.0
9,2015,8,1821.0,1821.0,2160.0,1846.0,1963.0,-0.1569444444444444,0.10035659704533884,0,0,0,1,0,0,20929.0
10,2015,9,1983.0,1983.0,2152.0,1617.0,1750.0,-0.0785315985130111,0.22971428571428576,0,0,0,1,0,0,25490.0
11,2015,10,603.0,603.0,607.0,546.0,621.0,-0.0065897858319604,-0.02254428341384862,0,0,0,1,0,0,8180.0
12,2015,11,354.0,354.0,350.0,277.0,349.0,0.0114285714285714,0.002865329512893977,0,0,0,1,0,0,5239.0
13,2015,12,470.0,470.0,478.0,421.0,486.0,-0.0167364016736401,-0.016460905349794275,0,0,0,1,0,0,7098.0
14,2015,13,384.0,384.0,404.0,328.0,374.0,-0.0495049504950495,0.0802139037433156,0,0,0,1,0,0,5767.0
15,2015,14,4062.0,4062.0,4821.0,3319.0,3542.0,-0.1574362165525824,0.36109542631281766,0,0,0,1,0,0,48076.0
16,2015,15,3677.0,3677.0,4392.0,2974.0,3123.0,-0.1627959927140255,0.40634005763688763,0,0,0,1,0,0,44102.0
17,2015,16,2753.0,2753.0,3196.0,2281.0,2561.0,-0.1386107634543179,0.2479500195236235,0,0,0,1,0,0,32742.0
18,2015,17,614.0,614.0,707.0,549.0,548.0,-0.1315417256011315,0.29014598540145986,0,0,0,1,0,0,7684.0
19,2015,18,3230.0,3230.0,3760.0,3477.0,3339.0,-0.1409574468085106,0.12608565438754127,0,0,0,1,0,0,35542.0
20,2015,19,3208.0,3208.0,3721.0,2599.0,2781.0,-0.137866165009406,0.33800791082344483,0,0,0,1,0,0,37558.0
21,2015,20,1376.0,1376.0,1440.0,1101.0,1322.0,-0.0444444444444444,0.08925869894099847,0,0,0,1,0,0,17618.0
22,2015,21,2127.0,2127.0,2311.0,1713.0,1849.0,-0.0796192124621376,0.24986479177934018,0,0,0,1,0,0,24694.0
23,2015,22,317.0,317.0,329.0,303.0,352.0,-0.0364741641337386,-0.06534090909090906,0,0,0,1,0,0,4518.0
24,2015,23,1152.0,1152.0,1249.0,953.0,1012.0,-0.077662129703763,0.2341897233201582,0,0,0,1,0,0,12265.0
25,2015,24,1830.0,1830.0,2015.0,1573.0,1676.0,-0.0918114143920595,0.2022673031026252,0,0,0,1,0,0,20569.0
26,2015,25,335.0,335.0,358.0,326.0,313.0,-0.0642458100558659,0.1437699680511182,0,0,0,1,0,0,5275.0
27,2015,26,3082.0,3082.0,3536.0,2534.0,2756.0,-0.128393665158371,0.28301886792452824,0,0,0,1,0,0,36594.0
28,2015,27,867.0,867.0,940.0,736.0,777.0,-0.0776595744680851,0.20978120978120973,0,0,0,1,0,0,11134.0
29,2015,28,290.0,290.0,334.0,280.0,316.0,-0.1317365269461078,0.05696202531645578,0,0,0,1,0,0,4382.0
30,2015,29,1045.0,1045.0,1076.0,815.0,934.0,-0.028810408921933,0.15203426124197006,0,0,0,1,0,0,14106.0
31,2015,30,1438.0,1438.0,1539.0,1222.0,1314.0,-0.0656270305393112,0.17123287671232879,0,0,0,1,0,0,17612.0
32,2015,31,838.0,838.0,909.0,744.0,805.0,-0.0781078107810781,0.12919254658385104,0,0,0,1,0,0,10170.0
33,2015,32,1088.0,1088.0,1277.0,959.0,1052.0,-0.1480031323414252,0.2138783269961977,0,0,0,1,0,0,14561.0
34,2015,33,669.0,669.0,739.0,625.0,729.0,-0.094722598105548,0.013717421124828544,0,0,0,1,0,0,9021.0
35,2015,34,661.0,661.0,682.0,534.0,578.0,-0.0307917888563049,0.17993079584775096,0,0,0,1,0,0,10191.0
36,2015,35,1123.0,1123.0,1277.0,971.0,1003.0,-0.1205951448707909,0.27318045862412754,0,0,0,1,0,0,15300.0
37,2015,36,1017.0,1017.0,1132.0,949.0,1014.0,-0.1015901060070671,0.11637080867850091,0,0,0,1,0,0,13718.0
38,2015,37,2864.0,2864.0,2926.0,2516.0,2560.0,-0.0211893369788106,0.1429687500000001,0,0,0,1,0,0,34013.0
39,2015,38,1410.0,1410.0,1616.0,1457.0,1445.0,-0.1274752475247524,0.1183391003460208,0,0,0,1,0,0,20394.0
40,2015,39,163.0,163.0,189.0,192.0,207.0,-0.1375661375661375,-0.08695652173913049,0,0,0,1,0,0,2819.0
41,2015,40,429.0,429.0,479.0,418.0,418.0,-0.104384133611691,0.14593301435406691,0,0,0,1,0,0,5481.0
42,2015,41,650.0,650.0,683.0,500.0,601.0,-0.048316251830161,0.13643926788685534,0,0,0,1,0,0,9610.0
1,2016,0,1836.0,1836.0,1508.0,1679.0,1223.0,0.2175066312997347,0.23303352412101397,0,0,0,1,0,0,19702.0
2,2016,1,8498.0,8498.0,7662.0,8482.0,5964.0,0.1091098929783346,0.2847082494969819,0,0,0,1,0,0,82673.0
3,2016,2,232.0,232.0,190.0,214.0,189.0,0.2210526315789473,0.005291005291005346,0,0,0,1,0,0,2186.0
4,2016,3,446.0,446.0,394.0,441.0,389.0,0.1319796954314721,0.01285347043701801,0,0,0,1,0,0,5792.0
5,2016,4,860.0,860.0,743.0,896.0,631.0,0.1574697173620457,0.17749603803486536,0,0,0,1,0,0,10684.0
6,2016,5,230.0,230.0,241.0,246.0,218.0,-0.0456431535269709,0.10550458715596323,0,0,0,1,0,0,3859.0
7,2016,6,2447.0,2447.0,1907.0,2260.0,1598.0,0.2831672784478238,0.19336670838548176,0,0,0,1,0,0,27040.0
8,2016,7,11050.0,11050.0,10141.0,13268.0,9064.0,0.0896361305591164,0.11882171226831417,0,0,0,1,0,0,97171.0
9,2016,8,2029.0,2029.0,1821.0,2160.0,1846.0,0.1142229544206479,-0.013542795232936111,0,0,0,1,0,0,20972.0
10,2016,9,2091.0,2091.0,1983.0,2152.0,1617.0,0.0544629349470499,0.22634508348794058,0,0,0,1,0,0,26191.0
11,2016,10,646.0,646.0,603.0,607.0,546.0,0.0713101160862354,0.10439560439560447,0,0,0,1,0,0,8404.0
12,2016,11,400.0,400.0,354.0,350.0,277.0,0.1299435028248587,0.27797833935018046,0,0,0,1,0,0,5376.0
13,2016,12,502.0,502.0,470.0,478.0,421.0,0.0680851063829787,0.11638954869358664,0,0,0,1,0,0,7238.0
14,2016,13,502.0,502.0,384.0,404.0,328.0,0.3072916666666667,0.1707317073170731,0,0,0,1,0,0,5889.0
15,2016,14,4827.0,4827.0,4062.0,4821.0,3319.0,0.1883308714918759,0.22386260921964451,0,0,0,1,0,0,49449.0
16,2016,15,4234.0,4234.0,3677.0,4392.0,2974.0,0.1514821865651346,0.2363819771351714,0,0,0,1,0,0,45460.0
17,2016,16,3230.0,3230.0,2753.0,3196.0,2281.0,0.1732655285143479,0.20692678649715046,0,0,0,1,0,0,33414.0
18,2016,17,662.0,662.0,614.0,707.0,549.0,0.0781758957654723,0.11839708561020035,0,0,0,1,0,0,7829.0
19,2016,18,3468.0,3468.0,3230.0,3760.0,3477.0,0.0736842105263157,-0.07103825136612019,0,0,0,1,0,0,36010.0
20,2016,19,3841.0,3841.0,3208.0,3721.0,2599.0,0.1973192019950124,0.23432089265101963,0,0,0,1,0,0,38575.0
21,2016,20,1657.0,1657.0,1376.0,1440.0,1101.0,0.2042151162790697,0.24977293369663944,0,0,0,1,0,0,17937.0
22,2016,21,2543.0,2543.0,2127.0,2311.0,1713.0,0.1955806299952985,0.2416812609457093,0,0,0,1,0,0,25590.0
23,2016,22,340.0,340.0,317.0,329.0,303.0,0.0725552050473186,0.0462046204620461,0,0,0,1,0,0,4599.0
24,2016,23,1169.0,1169.0,1152.0,1249.0,953.0,0.0147569444444444,0.20881427072402947,0,0,0,1,0,0,12356.0
25,2016,24,2045.0,2045.0,1830.0,2015.0,1573.0,0.1174863387978142,0.16338207247298153,0,0,0,1,0,0,21124.0
26,2016,25,346.0,346.0,335.0,358.0,326.0,0.0328358208955223,0.027607361963190247,0,0,0,1,0,0,5331.0
27,2016,26,3531.0,3531.0,3082.0,3536.0,2534.0,0.1456846203763789,0.21625887924230458,0,0,0,1,0,0,37637.0
28,2016,27,1052.0,1052.0,867.0,940.0,736.0,0.2133794694348327,0.1779891304347827,0,0,0,1,0,0,11407.0
29,2016,28,339.0,339.0,290.0,334.0,280.0,0.1689655172413793,0.03571428571428581,0,0,0,1,0,0,4424.0
30,2016,29,1177.0,1177.0,1045.0,1076.0,815.0,0.1263157894736842,0.28220858895705514,0,0,0,1,0,0,14419.0
31,2016,30,1702.0,1702.0,1438.0,1539.0,1222.0,0.1835883171070932,0.1767594108019639,0,0,0,1,0,0,17986.0
32,2016,31,885.0,885.0,838.0,909.0,744.0,0.0560859188544152,0.1263440860215055,0,0,0,1,0,0,10357.0
33,2016,32,1330.0,1330.0,1088.0,1277.0,959.0,0.2224264705882352,0.13451511991657972,0,0,0,1,0,0,14847.0
34,2016,33,723.0,723.0,669.0,739.0,625.0,0.0807174887892376,0.07040000000000002,0,0,0,1,0,0,9142.0
35,2016,34,739.0,739.0,661.0,682.0,534.0,0.1180030257186081,0.23782771535580527,0,0,0,1,0,0,10516.0
36,2016,35,1318.0,1318.0,1123.0,1277.0,971.0,0.1736420302760463,0.15653964984552005,0,0,0,1,0,0,15479.0
37,2016,36,1124.0,1124.0,1017.0,1132.0,949.0,0.1052114060963618,0.07165437302423605,0,0,0,1,0,0,13901.0
38,2016,37,3247.0,3247.0,2864.0,2926.0,2516.0,0.1337290502793296,0.13831478537360886,0,0,0,1,0,0,34866.0
39,2016,38,1669.0,1669.0,1410.0,1616.0,1457.0,0.1836879432624113,-0.032258064516129004,0,0,0,1,0,0,20618.0
40,2016,39,221.0,221.0,163.0,189.0,192.0,0.3558282208588957,-0.15104166666666663,0,0,0,1,0,0,2826.0
41,2016,40,520.0,520.0,429.0,479.0,418.0,0.2121212121212121,0.026315789473684292,0,0,0,1,0,0,5604.0
42,2016,41,785.0,785.0,650.0,683.0,500.0,0.2076923076923077,0.30000000000000004,0,0,0,1,0,0,9876.0
1,2017,0,1816.0,1816.0,1836.0,1508.0,1679.0,-0.0108932461873638,0.0935080405002977,0,0,0,1,0,0,20454.0
2,2017,1,8845.0,8845.0,8498.0,7662.0,8482.0,0.040833137208755,0.001886347559537871,0,0,0,1,0,0,86579.0
3,2017,2,197.0,197.0,232.0,190.0,214.0,-0.1508620689655172,0.08411214953271018,0,0,0,1,0,0,2275.0
4,2017,3,469.0,469.0,446.0,394.0,441.0,0.0515695067264574,0.01133786848072571,0,0,0,1,0,0,5960.0
5,2017,4,881.0,881.0,860.0,743.0,896.0,0.0244186046511627,-0.0401785714285714,0,0,0,1,0,0,11109.0
6,2017,5,260.0,260.0,230.0,241.0,246.0,0.1304347826086956,-0.06504065040650409,0,0,0,1,0,0,3921.0
7,2017,6,2292.0,2292.0,2447.0,1907.0,2260.0,-0.0633428688189619,0.08274336283185835,0,0,0,1,0,0,28336.0
8,2017,7,11301.0,11301.0,11050.0,10141.0,13268.0,0.0227149321266968,-0.16716912873078082,0,0,0,1,0,0,101131.0
9,2017,8,2194.0,2194.0,2029.0,1821.0,2160.0,0.0813208477082306,-0.06064814814814812,0,0,0,1,0,0,21566.0
10,2017,9,2338.0,2338.0,2091.0,1983.0,2152.0,0.1181252989000478,-0.02834572490706322,0,0,0,1,0,0,27020.0
11,2017,10,724.0,724.0,646.0,603.0,607.0,0.1207430340557275,0.06425041186161451,0,0,0,1,0,0,8744.0
12,2017,11,381.0,381.0,400.0,354.0,350.0,-0.0475,0.1428571428571428,0,0,0,1,0,0,5586.0
13,2017,12,531.0,531.0,502.0,470.0,478.0,0.0577689243027888,0.05020920502092041,0,0,0,1,0,0,7406.0
14,2017,13,431.0,431.0,502.0,384.0,404.0,-0.1414342629482071,0.24257425742574257,0,0,0,1,0,0,6098.0
15,2017,14,4925.0,4925.0,4827.0,4062.0,4821.0,0.0203024652993577,0.001244555071561848,0,0,0,1,0,0,51741.0
16,2017,15,4241.0,4241.0,4234.0,3677.0,4392.0,0.0016532829475673,-0.03597449908925321,0,0,0,1,0,0,47612.0
17,2017,16,3402.0,3402.0,3230.0,2753.0,3196.0,0.053250773993808,0.010638297872340496,0,0,0,1,0,0,34900.0
18,2017,17,695.0,695.0,662.0,614.0,707.0,0.0498489425981873,-0.06364922206506363,0,0,0,1,0,0,8125.0
19,2017,18,3504.0,3504.0,3468.0,3230.0,3760.0,0.0103806228373702,-0.07765957446808514,0,0,0,1,0,0,37023.0
20,2017,19,4067.0,4067.0,3841.0,3208.0,3721.0,0.0588388440510283,0.03224939532383764,0,0,0,1,0,0,40474.0
21,2017,20,1634.0,1634.0,1657.0,1376.0,1440.0,-0.0138805069402534,0.15069444444444446,0,0,0,1,0,0,18741.0
22,2017,21,2581.0,2581.0,2543.0,2127.0,2311.0,0.0149429807314195,0.10038944180008658,0,0,0,1,0,0,26900.0
23,2017,22,313.0,313.0,340.0,317.0,329.0,-0.0794117647058823,0.033434650455927084,0,0,0,1,0,0,4758.0
24,2017,23,1239.0,1239.0,1169.0,1152.0,1249.0,0.059880239520958,-0.06405124099279424,0,0,0,1,0,0,12729.0
25,2017,24,2077.0,2077.0,2045.0,1830.0,2015.0,0.0156479217603911,0.014888337468982549,0,0,0,1,0,0,22157.0
26,2017,25,357.0,357.0,346.0,335.0,358.0,0.0317919075144508,-0.03351955307262566,0,0,0,1,0,0,5462.0
27,2017,26,3591.0,3591.0,3531.0,3082.0,3536.0,0.0169923534409515,-0.001414027149321262,0,0,0,1,0,0,39575.0
28,2017,27,1060.0,1060.0,1052.0,867.0,940.0,0.0076045627376425,0.11914893617021272,0,0,0,1,0,0,11881.0
29,2017,28,347.0,347.0,339.0,290.0,334.0,0.023598820058997,0.014970059880239583,0,0,0,1,0,0,4554.0
30,2017,29,1266.0,1266.0,1177.0,1045.0,1076.0,0.0756159728122344,0.09386617100371741,0,0,0,1,0,0,14971.0
31,2017,30,1598.0,1598.0,1702.0,1438.0,1539.0,-0.0611045828437132,0.10591293047433403,0,0,0,1,0,0,18833.0
32,2017,31,981.0,981.0,885.0,838.0,909.0,0.1084745762711864,-0.02640264026402639,0,0,0,1,0,0,10661.0
33,2017,32,1342.0,1342.0,1330.0,1088.0,1277.0,0.0090225563909774,0.04150352388410328,0,0,0,1,0,0,15419.0
34,2017,33,780.0,780.0,723.0,669.0,739.0,0.0788381742738589,-0.021650879566982417,0,0,0,1,0,0,9348.0
35,2017,34,716.0,716.0,739.0,661.0,682.0,-0.0311231393775372,0.0835777126099706,0,0,0,1,0,0,10846.0
36,2017,35,1364.0,1364.0,1318.0,1123.0,1277.0,0.0349013657056145,0.03210649960845724,0,0,0,1,0,0,16000.0
37,2017,36,1079.0,1079.0,1124.0,1017.0,1132.0,-0.0400355871886121,-0.007067137809187329,0,0,0,1,0,0,14121.0
38,2017,37,3372.0,3372.0,3247.0,2864.0,2926.0,0.0384970742223591,0.10970608339029386,0,0,0,1,0,0,36322.0
39,2017,38,1603.0,1603.0,1669.0,1410.0,1616.0,-0.0395446375074895,0.03279702970297027,0,0,0,1,0,0,21211.0
40,2017,39,197.0,197.0,221.0,163.0,189.0,-0.1085972850678733,0.1693121693121693,0,0,0,1,0,0,2916.0
41,2017,40,502.0,502.0,520.0,429.0,479.0,-0.0346153846153846,0.08559498956158662,0,0,0,1,0,0,5891.0
42,2017,41,822.0,822.0,785.0,650.0,683.0,0.0471337579617834,0.14934114202049775,0,0,0,1,0,0,10275.0
1,2018,0,2091.0,2091.0,1816.0,1836.0,1508.0,0.151431718061674,0.20424403183023876,0,0,0,1,0,0,21244.0
2,2018,1,9567.0,9567.0,8845.0,8498.0,7662.0,0.0816280384397964,0.15439832941790654,0,0,0,1,0,0,90530.0
3,2018,2,229.0,229.0,197.0,232.0,190.0,0.1624365482233502,0.03684210526315779,0,0,0,1,0,0,2318.0
4,2018,3,483.0,483.0,469.0,446.0,394.0,0.0298507462686567,0.19035532994923865,0,0,0,1,0,0,6124.0
5,2018,4,912.0,912.0,881.0,860.0,743.0,0.0351872871736662,0.1857335127860027,0,0,0,1,0,0,11550.0
6,2018,5,282.0,282.0,260.0,230.0,241.0,0.0846153846153846,0.07883817427385886,0,0,0,1,0,0,4048.0
7,2018,6,2457.0,2457.0,2292.0,2447.0,1907.0,0.0719895287958115,0.20188778185631873,0,0,0,1,0,0,29291.0
8,2018,7,11820.0,11820.0,11301.0,11050.0,10141.0,0.0459251393681975,0.11438714130756344,0,0,0,1,0,0,104705.0
9,2018,8,2018.0,2018.0,2194.0,2029.0,1821.0,-0.0802187784867821,0.20483250961010424,0,0,0,1,0,0,22199.0
10,2018,9,2462.0,2462.0,2338.0,2091.0,1983.0,0.0530367835757057,0.17902168431669185,0,0,0,1,0,0,28106.0
11,2018,10,621.0,621.0,724.0,646.0,603.0,-0.1422651933701657,0.20066334991708135,0,0,0,1,0,0,9013.0
12,2018,11,422.0,422.0,381.0,400.0,354.0,0.1076115485564304,0.07627118644067798,0,0,0,1,0,0,5767.0
13,2018,12,627.0,627.0,531.0,502.0,470.0,0.1807909604519774,0.1297872340425532,0,0,0,1,0,0,7593.0
14,2018,13,466.0,466.0,431.0,502.0,384.0,0.0812064965197215,0.12239583333333326,0,0,0,1,0,0,6317.0
15,2018,14,5305.0,5305.0,4925.0,4827.0,4062.0,0.0771573604060913,0.21245691777449527,0,0,0,1,0,0,54048.0
16,2018,15,4870.0,4870.0,4241.0,4234.0,3677.0,0.148314076868663,0.15338591242861033,0,0,0,1,0,0,49874.0
17,2018,16,3482.0,3482.0,3402.0,3230.0,2753.0,0.0235155790711346,0.23574282600799124,0,0,0,1,0,0,36392.0
18,2018,17,681.0,681.0,695.0,662.0,614.0,-0.0201438848920863,0.1319218241042346,0,0,0,1,0,0,8379.0
19,2018,18,3448.0,3448.0,3504.0,3468.0,3230.0,-0.0159817351598173,0.0848297213622291,0,0,0,1,0,0,38126.0
20,2018,19,4129.0,4129.0,4067.0,3841.0,3208.0,0.0152446520776985,0.26776807980049866,0,0,0,1,0,0,42591.0
21,2018,20,1776.0,1776.0,1634.0,1657.0,1376.0,0.0869033047735618,0.1875,0,0,0,1,0,0,19379.0
22,2018,21,2705.0,2705.0,2581.0,2543.0,2127.0,0.0480433940333204,0.21344616831217667,0,0,0,1,0,0,28199.0
23,2018,22,345.0,345.0,313.0,340.0,317.0,0.1022364217252396,-0.012618296529968487,0,0,0,1,0,0,4846.0
24,2018,23,1284.0,1284.0,1239.0,1169.0,1152.0,0.036319612590799,0.07552083333333326,0,0,0,1,0,0,13058.0
25,2018,24,2024.0,2024.0,2077.0,2045.0,1830.0,-0.0255175734232065,0.13497267759562837,0,0,0,1,0,0,23227.0
26,2018,25,332.0,332.0,357.0,346.0,335.0,-0.0700280112044818,0.06567164179104479,0,0,0,1,0,0,5534.0
27,2018,26,3557.0,3557.0,3591.0,3531.0,3082.0,-0.0094681147312726,0.16515249837767687,0,0,0,1,0,0,41498.0
28,2018,27,1073.0,1073.0,1060.0,1052.0,867.0,0.0122641509433962,0.22260668973471742,0,0,0,1,0,0,12220.0
29,2018,28,327.0,327.0,347.0,339.0,290.0,-0.0576368876080691,0.1965517241379311,0,0,0,1,0,0,4663.0
30,2018,29,1225.0,1225.0,1266.0,1177.0,1045.0,-0.0323854660347551,0.21148325358851672,0,0,0,1,0,0,15579.0
31,2018,30,1847.0,1847.0,1598.0,1702.0,1438.0,0.155819774718398,0.11126564673157158,0,0,0,1,0,0,19451.0
32,2018,31,964.0,964.0,981.0,885.0,838.0,-0.0173292558613659,0.1706443914081146,0,0,0,1,0,0,10922.0
33,2018,32,1492.0,1492.0,1342.0,1330.0,1088.0,0.1117734724292101,0.23345588235294112,0,0,0,1,0,0,15944.0
34,2018,33,796.0,796.0,780.0,723.0,669.0,0.0205128205128205,0.1659192825112108,0,0,0,1,0,0,9552.0
35,2018,34,818.0,818.0,716.0,739.0,661.0,0.1424581005586592,0.08320726172465953,0,0,0,1,0,0,11227.0
36,2018,35,1480.0,1480.0,1364.0,1318.0,1123.0,0.0850439882697947,0.2146037399821905,0,0,0,1,0,0,16592.0
37,2018,36,1064.0,1064.0,1079.0,1124.0,1017.0,-0.0139017608897126,0.06096361848574228,0,0,0,1,0,0,14338.0
38,2018,37,3580.0,3580.0,3372.0,3247.0,2864.0,0.0616844602609727,0.17737430167597767,0,0,0,1,0,0,37762.0
39,2018,38,1567.0,1567.0,1603.0,1669.0,1410.0,-0.0224578914535246,0.1368794326241134,0,0,0,1,0,0,21819.0
40,2018,39,209.0,209.0,197.0,221.0,163.0,0.0609137055837563,0.20858895705521463,0,0,0,1,0,0,2988.0
41,2018,40,485.0,485.0,502.0,520.0,429.0,-0.0338645418326693,0.17016317016317006,0,0,0,1,0,0,6123.0
42,2018,41,767.0,767.0,822.0,785.0,650.0,-0.0669099756690997,0.2646153846153847,0,0,0,1,0,0,10684.0
1,2019,0,2280.0,2280.0,2091.0,1816.0,1836.0,0.0903873744619799,0.13888888888888884,0,0,0,1,0,0,22145.0
2,2019,1,10626.0,10626.0,9567.0,8845.0,8498.0,0.1106930072122922,0.12579430454224516,0,0,0,1,0,0,94575.0
3,2019,2,236.0,236.0,229.0,197.0,232.0,0.0305676855895196,-0.012931034482758674,0,0,0,1,0,0,2368.0
4,2019,3,486.0,486.0,483.0,469.0,446.0,0.0062111801242236,0.08295964125560529,0,0,0,1,0,0,6302.0
5,2019,4,1059.0,1059.0,912.0,881.0,860.0,0.1611842105263158,0.0604651162790697,0,0,0,1,0,0,12007.0
6,2019,5,235.0,235.0,282.0,260.0,230.0,-0.1666666666666666,0.22608695652173916,0,0,0,1,0,0,4136.0
7,2019,6,2677.0,2677.0,2457.0,2292.0,2447.0,0.0895400895400895,0.00408663669799747,0,0,0,1,0,0,30254.0
8,2019,7,11315.0,11315.0,11820.0,11301.0,11050.0,-0.0427241962774957,0.06968325791855201,0,0,0,1,0,0,108243.0
9,2019,8,2256.0,2256.0,2018.0,2194.0,2029.0,0.1179385530227948,-0.005421389847215408,0,0,0,1,0,0,22722.0
10,2019,9,2672.0,2672.0,2462.0,2338.0,2091.0,0.0852965069049553,0.177427068388331,0,0,0,1,0,0,29139.0
11,2019,10,710.0,710.0,621.0,724.0,646.0,0.143317230273752,-0.03869969040247678,0,0,0,1,0,0,9265.0
12,2019,11,444.0,444.0,422.0,381.0,400.0,0.0521327014218009,0.05499999999999994,0,0,0,1,0,0,5975.0
13,2019,12,748.0,748.0,627.0,531.0,502.0,0.1929824561403508,0.24900398406374502,0,0,0,1,0,0,7821.0
14,2019,13,500.0,500.0,466.0,431.0,502.0,0.0729613733905579,-0.07171314741035861,0,0,0,1,0,0,6490.0
15,2019,14,6003.0,6003.0,5305.0,4925.0,4827.0,0.131573986804901,0.09902631033768383,0,0,0,1,0,0,56303.0
16,2019,15,6448.0,6448.0,4870.0,4241.0,4234.0,0.3240246406570842,0.15021256495040158,0,0,0,1,0,0,52520.0
17,2019,16,3806.0,3806.0,3482.0,3402.0,3230.0,0.093049971280873,0.07801857585139316,0,0,0,1,0,0,37810.0
18,2019,17,679.0,679.0,681.0,695.0,662.0,-0.0029368575624082,0.028700906344410804,0,0,0,1,0,0,8612.0
19,2019,18,3521.0,3521.0,3448.0,3504.0,3468.0,0.0211716937354988,-0.005767012687427964,0,0,0,1,0,0,39065.0
20,2019,19,4482.0,4482.0,4129.0,4067.0,3841.0,0.0854928554129329,0.07498047383493889,0,0,0,1,0,0,44413.0
21,2019,20,2041.0,2041.0,1776.0,1634.0,1657.0,0.1492117117117117,0.07181653590826786,0,0,0,1,0,0,20035.0
22,2019,21,2926.0,2926.0,2705.0,2581.0,2543.0,0.0817005545286506,0.06370428627605196,0,0,0,1,0,0,29268.0
23,2019,22,290.0,290.0,345.0,313.0,340.0,-0.1594202898550724,0.014705882352941124,0,0,0,1,0,0,4972.0
24,2019,23,1317.0,1317.0,1284.0,1239.0,1169.0,0.0257009345794392,0.09837467921300247,0,0,0,1,0,0,13345.0
25,2019,24,2147.0,2147.0,2024.0,2077.0,2045.0,0.0607707509881422,-0.010268948655256738,0,0,0,1,0,0,24065.0
26,2019,25,374.0,374.0,332.0,357.0,346.0,0.1265060240963855,-0.040462427745664775,0,0,0,1,0,0,5562.0
27,2019,26,3666.0,3666.0,3557.0,3591.0,3531.0,0.0306438009558616,0.007363353157745722,0,0,0,1,0,0,43145.0
28,2019,27,1232.0,1232.0,1073.0,1060.0,1052.0,0.1481826654240447,0.019961977186311763,0,0,0,1,0,0,12613.0
29,2019,28,396.0,396.0,327.0,347.0,339.0,0.2110091743119266,-0.03539823008849563,0,0,0,1,0,0,4809.0
30,2019,29,1493.0,1493.0,1225.0,1266.0,1177.0,0.2187755102040816,0.040781648258283676,0,0,0,1,0,0,16074.0
31,2019,30,2104.0,2104.0,1847.0,1598.0,1702.0,0.139144558743909,0.0851938895417157,0,0,0,1,0,0,20237.0
32,2019,31,1007.0,1007.0,964.0,981.0,885.0,0.0446058091286307,0.08926553672316384,0,0,0,1,0,0,11252.0
33,2019,32,1643.0,1643.0,1492.0,1342.0,1330.0,0.1012064343163538,0.12180451127819558,0,0,0,1,0,0,16494.0
34,2019,33,783.0,783.0,796.0,780.0,723.0,-0.0163316582914572,0.10096818810511765,0,0,0,1,0,0,9775.0
35,2019,34,823.0,823.0,818.0,716.0,739.0,0.0061124694376528,0.1069012178619757,0,0,0,1,0,0,11564.0
36,2019,35,1637.0,1637.0,1480.0,1364.0,1318.0,0.106081081081081,0.12291350531107748,0,0,0,1,0,0,17057.0
37,2019,36,1228.0,1228.0,1064.0,1079.0,1124.0,0.1541353383458646,-0.053380782918149516,0,0,0,1,0,0,14564.0
38,2019,37,3902.0,3902.0,3580.0,3372.0,3247.0,0.0899441340782122,0.10255620572836466,0,0,0,1,0,0,39372.0
39,2019,38,1696.0,1696.0,1567.0,1603.0,1669.0,0.0823229100191448,-0.06111443978430198,0,0,0,1,0,0,22252.0
40,2019,39,217.0,217.0,209.0,197.0,221.0,0.0382775119617224,-0.05429864253393668,0,0,0,1,0,0,3046.0
41,2019,40,505.0,505.0,485.0,502.0,520.0,0.0412371134020618,-0.06730769230769229,0,0,0,1,0,0,6169.0
42,2019,41,821.0,821.0,767.0,822.0,785.0,0.0704041720990873,-0.02292993630573248,0,0,0,1,0,0,10921.0
1,2020,0,2476.0,2476.0,2280.0,2091.0,1816.0,0.0859649122807017,0.2555066079295154,0,0,0,1,0,0,23114.0
2,2020,1,10914.0,10914.0,10626.0,9567.0,8845.0,0.0271033314511575,0.2013566986998303,0,0,0,1,0,0,98709.0
3,2020,2,222.0,222.0,236.0,229.0,197.0,-0.059322033898305,0.19796954314720816,0,0,0,1,0,0,2448.0
4,2020,3,468.0,468.0,486.0,483.0,469.0,-0.037037037037037,0.036247334754797356,0,0,0,1,0,0,6410.0
5,2020,4,1165.0,1165.0,1059.0,912.0,881.0,0.1000944287063267,0.20204313280363229,0,0,0,1,0,0,12525.0
6,2020,5,273.0,273.0,235.0,282.0,260.0,0.1617021276595744,-0.09615384615384615,0,0,0,1,0,0,4246.0
7,2020,6,2675.0,2675.0,2677.0,2457.0,2292.0,-0.000747104968248,0.16797556719022677,0,0,0,1,0,0,31191.0
8,2020,7,10329.0,10329.0,11315.0,11820.0,11301.0,-0.0871409633230225,0.001238828422263527,0,0,0,1,0,0,110825.0
9,2020,8,2016.0,2016.0,2256.0,2018.0,2194.0,-0.1063829787234042,0.028258887876025485,0,0,0,1,0,0,22940.0
10,2020,9,2796.0,2796.0,2672.0,2462.0,2338.0,0.0464071856287425,0.1428571428571428,0,0,0,1,0,0,29976.0
11,2020,10,653.0,653.0,710.0,621.0,724.0,-0.080281690140845,-0.01933701657458564,0,0,0,1,0,0,9579.0
12,2020,11,456.0,456.0,444.0,422.0,381.0,0.027027027027027,0.16535433070866135,0,0,0,1,0,0,6121.0
13,2020,12,760.0,760.0,748.0,627.0,531.0,0.0160427807486631,0.40866290018832396,0,0,0,1,0,0,8095.0
14,2020,13,493.0,493.0,500.0,466.0,431.0,-0.014,0.16009280742459397,0,0,0,1,0,0,6643.0
15,2020,14,6036.0,6036.0,6003.0,5305.0,4925.0,0.0054972513743128,0.21888324873096443,0,0,0,1,0,0,58833.0
16,2020,15,6970.0,6970.0,6448.0,4870.0,4241.0,0.080955334987593,0.5203961329875029,0,0,0,1,0,0,56161.0
17,2020,16,4110.0,4110.0,3806.0,3482.0,3402.0,0.0798738833420914,0.1187536743092299,0,0,0,1,0,0,39206.0
18,2020,17,686.0,686.0,679.0,681.0,695.0,0.0103092783505154,-0.02302158273381294,0,0,0,1,0,0,8751.0
19,2020,18,3339.0,3339.0,3521.0,3448.0,3504.0,-0.05168986083499,0.004851598173515992,0,0,0,1,0,0,39810.0
20,2020,19,4547.0,4547.0,4482.0,4129.0,4067.0,0.0145024542614904,0.1020408163265305,0,0,0,1,0,0,46350.0
21,2020,20,2177.0,2177.0,2041.0,1776.0,1634.0,0.0666340029397354,0.24908200734394126,0,0,0,1,0,0,20879.0
22,2020,21,3101.0,3101.0,2926.0,2705.0,2581.0,0.0598086124401913,0.13366912049593171,0,0,0,1,0,0,30369.0
23,2020,22,387.0,387.0,290.0,345.0,313.0,0.3344827586206896,-0.07348242811501593,0,0,0,1,0,0,5022.0
24,2020,23,1208.0,1208.0,1317.0,1284.0,1239.0,-0.0827638572513287,0.06295399515738498,0,0,0,1,0,0,13555.0
25,2020,24,2039.0,2039.0,2147.0,2024.0,2077.0,-0.0503027480204937,0.03370245546461237,0,0,0,1,0,0,25044.0
26,2020,25,392.0,392.0,374.0,332.0,357.0,0.0481283422459893,0.04761904761904767,0,0,0,1,0,0,5650.0
27,2020,26,3409.0,3409.0,3666.0,3557.0,3591.0,-0.0701036552100381,0.02088554720133673,0,0,0,1,0,0,44135.0
28,2020,27,1245.0,1245.0,1232.0,1073.0,1060.0,0.010551948051948,0.1622641509433962,0,0,0,1,0,0,13003.0
29,2020,28,389.0,389.0,396.0,327.0,347.0,-0.0176767676767676,0.1412103746397695,0,0,0,1,0,0,4959.0
30,2020,29,1451.0,1451.0,1493.0,1225.0,1266.0,-0.0281312793034159,0.17930489731437604,0,0,0,1,0,0,16757.0
31,2020,30,2229.0,2229.0,2104.0,1847.0,1598.0,0.0594106463878327,0.3166458072590739,0,0,0,1,0,0,21072.0
32,2020,31,978.0,978.0,1007.0,964.0,981.0,-0.0287984111221449,0.02650356778797147,0,0,0,1,0,0,11377.0
33,2020,32,1729.0,1729.0,1643.0,1492.0,1342.0,0.0523432744978697,0.22429210134128175,0,0,0,1,0,0,17113.0
34,2020,33,851.0,851.0,783.0,796.0,780.0,0.0868454661558109,0.0038461538461538325,0,0,0,1,0,0,9896.0
35,2020,34,908.0,908.0,823.0,818.0,716.0,0.103280680437424,0.1494413407821229,0,0,0,1,0,0,11873.0
36,2020,35,1714.0,1714.0,1637.0,1480.0,1364.0,0.0470372632864996,0.20014662756598245,0,0,0,1,0,0,17563.0
37,2020,36,1048.0,1048.0,1228.0,1064.0,1079.0,-0.1465798045602606,0.13809082483781276,0,0,0,1,0,0,14811.0
38,2020,37,3977.0,3977.0,3902.0,3580.0,3372.0,0.0192209123526396,0.1571767497034402,0,0,0,1,0,0,40867.0
39,2020,38,1703.0,1703.0,1696.0,1567.0,1603.0,0.004127358490566,0.05801621958827208,0,0,0,1,0,0,22698.0
40,2020,39,256.0,256.0,217.0,209.0,197.0,0.1797235023041474,0.10152284263959399,0,0,0,1,0,0,3117.0
41,2020,40,590.0,590.0,505.0,485.0,502.0,0.1683168316831683,0.005976095617529875,0,0,0,1,0,0,6295.0
42,2020,41,911.0,911.0,821.0,767.0,822.0,0.1096224116930572,-0.0012165450121655041,0,0,0,1,0,0,11267.0
