country,sector,eval_year,n_edges_topk5,density,w_mean,w_std,w_median
FR,BE,2017,869,0.022247823860727087,0.976739950758895,0.022438860817863508,0.9829486578232146
FR,BE,2018,892,0.022836661546338965,0.9365644292923168,0.04564315118607637,0.9465631112200485
FR,BE,2019,884,0.022631848438300052,0.9375073473794389,0.043742491325515706,0.9453156297849721
FR,BE,2020,877,0.022452636968766,0.9520030279198363,0.04453737090819838,0.9654106725134618
FR,BE,2021,884,0.022631848438300052,0.9444850483091125,0.04809554833694099,0.9587363960317269
FR,BE,2022,893,0.02286226318484383,0.948232549645197,0.046791653644624794,0.9632321622308966
FR,BE,2023,896,0.022939068100358423,0.9395064726602481,0.05710802691411129,0.9597785976789672
FR,BE,2024,892,0.022836661546338965,0.9403674953696904,0.05961382782052393,0.9636744440341508
FR,BE,2025,904,0.02314388120839734,0.9370767383554244,0.055101512141335705,0.9545205216254562
FR,BE,2026,904,0.02314388120839734,0.9424143473841405,0.06392356620783851,0.963453133865013
FR,FZ,2017,862,0.022068612391193038,0.9767483757385461,0.027857418030419405,0.9870424048701304
FR,FZ,2018,888,0.02273425499231951,0.9391990082862489,0.0543106009906963,0.956604579348598
FR,FZ,2019,881,0.022555043522785458,0.9468403770737603,0.047919466566950376,0.9609562985445212
FR,FZ,2020,904,0.02314388120839734,0.9546510393864603,0.049149131030068086,0.969094574186425
FR,FZ,2021,904,0.02314388120839734,0.9380897125754059,0.056143073114307086,0.9537080471111565
FR,FZ,2022,877,0.022452636968766,0.9388689061738816,0.05421745331288222,0.9547742506873566
FR,FZ,2023,879,0.02250384024577573,0.9372036144716698,0.04980939245819089,0.9521453458537558
FR,FZ,2024,885,0.022657450076804916,0.9469445840828478,0.04566802337352477,0.9609628678020088
FR,FZ,2025,875,0.022401433691756272,0.94008153486136,0.05011779952732947,0.9539951098596088
FR,FZ,2026,877,0.022452636968766,0.9429047618300085,0.051813762240896566,0.9591091602076004
FR,GI,2017,852,0.021812596006144394,0.9765338470665642,0.026355916477106167,0.9852960687242409
FR,GI,2018,861,0.02204301075268817,0.9369281967679569,0.04989522926106756,0.949137363190366
FR,GI,2019,865,0.02214541730670763,0.9449894797943295,0.038940837865492,0.9545018756052076
FR,GI,2020,881,0.022555043522785458,0.9418341287924764,0.04670357030168551,0.9521697948406942
FR,GI,2021,853,0.021838197644649258,0.929630004140222,0.0383743857018582,0.9311443785273326
FR,GI,2022,846,0.02165898617511521,0.9301371564397479,0.03929368057811949,0.9331399170449783
FR,GI,2023,911,0.023323092677931388,0.9539645167910507,0.0704537057671568,0.976779685588612
FR,GI,2024,916,0.02345110087045571,0.9630742792250216,0.045482105196082014,0.9787314084168721
FR,GI,2025,929,0.023783922171018945,0.9637311332493516,0.055034476052173056,0.9814296042799212
FR,GI,2026,912,0.023348694316436252,0.9600497942161176,0.07300058993340117,0.9803345512908908
FR,JZ,2017,860,0.022017409114183307,0.9761967688619286,0.02570467801043892,0.9852348117535537
FR,JZ,2018,875,0.022401433691756272,0.9391747324313234,0.04717549036246221,0.9527817833504516
FR,JZ,2019,881,0.022555043522785458,0.9403330874813994,0.050434881571131095,0.9530287512904986
FR,JZ,2020,883,0.02260624679979519,0.9426056478009226,0.050251815160688613,0.9552368468028156
FR,JZ,2021,878,0.022478238607270867,0.9400063930923247,0.047375379242200436,0.9505414871557034
FR,JZ,2022,896,0.022939068100358423,0.9424519645446213,0.049014912773743,0.9576946821628398
FR,JZ,2023,888,0.02273425499231951,0.9404222249970098,0.049391167475639,0.9546173122545517
FR,JZ,2024,882,0.02258064516129032,0.9432662934466812,0.04753329744903774,0.9554913784551284
FR,JZ,2025,881,0.022555043522785458,0.9393739683920714,0.04680189148064859,0.9490643949662954
FR,JZ,2026,898,0.02299027137736815,0.9387476514131304,0.04780440025910969,0.9500356939942989
FR,KZ,2017,869,0.022247823860727087,0.9748046077887441,0.021615531897799963,0.9806809173238168
FR,KZ,2018,898,0.02299027137736815,0.9355066276760501,0.041692764413007746,0.9454848910240955
FR,KZ,2019,882,0.02258064516129032,0.9343904860269158,0.04149409604702505,0.9422537347777531
FR,KZ,2020,885,0.022657450076804916,0.9325801807624484,0.04208955937413915,0.940873359487945
FR,KZ,2021,882,0.02258064516129032,0.9348091593264373,0.04386851811219378,0.9413723568609782
FR,KZ,2022,884,0.022631848438300052,0.943447523206524,0.04587815861666663,0.9554783446702315
FR,KZ,2023,894,0.022887864823348696,0.9392507633969264,0.05184014411228226,0.9523326321996408
FR,KZ,2024,896,0.022939068100358423,0.9380689134271021,0.05648694005597488,0.9556499288267595
FR,KZ,2025,895,0.02291346646185356,0.9434592035250876,0.05829946236747936,0.9623781260524684
FR,KZ,2026,897,0.022964669738863287,0.9525910721635877,0.04487637655209407,0.9672900350291418
FR,LZ,2017,855,0.021889400921658985,0.9759373707394031,0.02822138210570745,0.9852631192558058
FR,LZ,2018,872,0.02232462877624168,0.9415910259422999,0.046663508312741686,0.9529334537589191
FR,LZ,2019,887,0.022708653353814643,0.9361781116824357,0.047457110560376034,0.9465708136446324
FR,LZ,2020,899,0.023015873015873017,0.9354756751820487,0.042733847299768334,0.9430736452653568
FR,LZ,2021,886,0.02268305171530978,0.9336338297363941,0.04604153133897279,0.9444011087497256
FR,LZ,2022,882,0.02258064516129032,0.9335034849637812,0.044350389183624786,0.9425443192748417
FR,LZ,2023,874,0.02237583205325141,0.9382157742256156,0.052347864713281206,0.9503797307683148
FR,LZ,2024,894,0.022887864823348696,0.9418921872276008,0.058711725477197906,0.9599911730543524
FR,LZ,2025,903,0.023118279569892472,0.9435213276642841,0.054441780415348896,0.9611204212410543
FR,LZ,2026,891,0.0228110599078341,0.9448748203106435,0.05703332842572431,0.9642508530257498
FR,MN,2017,850,0.021761392729134663,0.9769782111993024,0.024569333578021386,0.9859769627774546
FR,MN,2018,879,0.02250384024577573,0.944310027881358,0.048488986777398865,0.9592267146024444
FR,MN,2019,867,0.02219662058371736,0.9455220667158241,0.041877556857111,0.9545280092443064
FR,MN,2020,899,0.023015873015873017,0.9514876074790792,0.0512842105375693,0.966024086973551
FR,MN,2021,894,0.022887864823348696,0.9396564893727304,0.05262127733512155,0.9536921060598571
FR,MN,2022,907,0.02322068612391193,0.9370585085547286,0.06165104109133435,0.9591692240268213
FR,MN,2023,896,0.022939068100358423,0.9378776895454587,0.05995885287302824,0.9571248213819312
FR,MN,2024,917,0.023476702508960574,0.9431487851411843,0.07092007800215304,0.968250935416027
FR,MN,2025,889,0.022759856630824374,0.9493933781952641,0.060917041879520815,0.9706788221957092
FR,MN,2026,900,0.02304147465437788,0.9500659036720746,0.05465554536000145,0.9654192575445444
FR,OQ,2017,847,0.021684587813620072,0.9763483205172967,0.018902128574800118,0.9804079941020116
FR,OQ,2018,871,0.022299027137736814,0.9349920915835157,0.041055402650702774,0.9410674376324476
FR,OQ,2019,871,0.022299027137736814,0.9302719052966852,0.04292433190104606,0.9389121497832286
FR,OQ,2020,873,0.022350230414746545,0.9356545834948502,0.04336110875365467,0.9437076824707694
FR,OQ,2021,872,0.02232462877624168,0.9375538592726969,0.04733859171359745,0.9508818998864814
FR,OQ,2022,885,0.022657450076804916,0.944159822049848,0.06224940930839626,0.968371120149736
FR,OQ,2023,900,0.02304147465437788,0.944389443029744,0.06583622915200407,0.9709653122578354
FR,OQ,2024,918,0.023502304147465437,0.946458064694402,0.06427012096188103,0.9709289578271999
FR,OQ,2025,915,0.023425499231950846,0.9438404314042484,0.067887362811552,0.9691175182279648
FR,OQ,2026,906,0.023195084485407066,0.9444248134573241,0.06912445212614707,0.9647210808055255
FR,RU,2017,860,0.022017409114183307,0.9757643949977425,0.027640819045033592,0.986081477052658
FR,RU,2018,874,0.02237583205325141,0.9419077954639808,0.05549495443533909,0.9579674293837981
FR,RU,2019,892,0.022836661546338965,0.9447697079454277,0.05171514813283843,0.9612830034216076
FR,RU,2020,900,0.02304147465437788,0.9598819920581146,0.03643456778622538,0.9701476817168562
FR,RU,2021,905,0.023169482846902203,0.9577819134369773,0.04685385753203804,0.9732305810228856
FR,RU,2022,914,0.02339989759344598,0.9565498111403008,0.05851129017272519,0.9791769254997277
FR,RU,2023,927,0.023732718894009217,0.9532732975703867,0.06548487169118639,0.9767919988988448
FR,RU,2024,930,0.023809523809523808,0.957302590364278,0.07937974929280316,0.9839889495579212
FR,RU,2025,928,0.02375832053251408,0.9613089034019243,0.06308754196965122,0.9844191648003133
FR,RU,2026,934,0.023911930363543266,0.9633983461153458,0.05365843270040178,0.98316289392687
NL,BE,2012,135,0.17307692307692307,0.8876480090601473,0.12730939555411502,0.9292507637944802
NL,BE,2013,137,0.17564102564102563,0.8384395058026319,0.13078443477588825,0.8650496182486965
NL,BE,2014,134,0.1717948717948718,0.8134203800020096,0.14448710718571917,0.8562732532842521
NL,BE,2015,125,0.16025641025641027,0.7867666466133503,0.18759052075977542,0.8437652225150944
NL,BE,2016,126,0.16153846153846155,0.7913769439048409,0.12578045487510764,0.815815050362747
NL,BE,2017,119,0.15256410256410258,0.763910628012061,0.12423145742661552,0.7748911413132594
NL,BE,2018,125,0.16025641025641027,0.7412019841692485,0.1412999118969798,0.7771548642288397
NL,BE,2019,120,0.15384615384615385,0.773892009023934,0.11637600951920253,0.7752629166893121
NL,BE,2020,117,0.15,0.7762522410803371,0.11094139958837856,0.7740965161672969
NL,BE,2021,127,0.16282051282051282,0.7666695796482695,0.15339490333394404,0.8136017468289827
NL,BE,2022,136,0.17435897435897435,0.7866407234150566,0.20735266644180206,0.8551451861853789
NL,BE,2023,133,0.17051282051282052,0.8171669881363999,0.18473479544983337,0.8900785186418158
NL,BE,2024,139,0.1782051282051282,0.8152476955670124,0.21016909135084882,0.8910380121881143
NL,BE,2025,140,0.1794871794871795,0.8634769725239059,0.13321386273099717,0.9141090780119594
NL,BE,2026,139,0.1782051282051282,0.868611440325335,0.1303580045098111,0.9131685340185294
NL,FZ,2012,135,0.17307692307692307,0.9315147084072379,0.12247169646953712,0.9784113329159312
NL,FZ,2013,139,0.1782051282051282,0.8906461425623944,0.12719943206386206,0.9356529388598618
NL,FZ,2014,144,0.18461538461538463,0.8887662804892089,0.127515787493313,0.9405615228950631
NL,FZ,2015,137,0.17564102564102563,0.8625792577737357,0.16565358282396714,0.9299974970598626
NL,FZ,2016,136,0.17435897435897435,0.841620811143504,0.12204180282568998,0.8837058604849848
NL,FZ,2017,125,0.16025641025641027,0.836716626684429,0.10293568128061381,0.8593259799036252
NL,FZ,2018,123,0.1576923076923077,0.8113237461663859,0.1245260229957816,0.841090341826494
NL,FZ,2019,133,0.17051282051282052,0.8788921638085382,0.12080494600034516,0.9149509728270216
NL,FZ,2020,137,0.17564102564102563,0.8872926902196715,0.11521651116894915,0.9313334274815922
NL,FZ,2021,138,0.17692307692307693,0.8679591313231922,0.14337779902040526,0.926522543880371
NL,FZ,2022,133,0.17051282051282052,0.8525767020370171,0.13971857629597345,0.895351205181607
NL,FZ,2023,145,0.1858974358974359,0.8291345749894213,0.17337712607763467,0.8947918089236007
NL,FZ,2024,141,0.18076923076923077,0.80126542373808,0.20112636244822485,0.8925573317328361
NL,FZ,2025,136,0.17435897435897435,0.9106403084829097,0.0941257880931514,0.9459231441636943
NL,FZ,2026,133,0.17051282051282052,0.9518989924101527,0.04105463153134686,0.967686337642826
NL,GI,2012,139,0.1782051282051282,0.929522387464875,0.11738889544192764,0.9761509283692952
NL,GI,2013,141,0.18076923076923077,0.896583236608755,0.12656063901326242,0.9487427585642308
NL,GI,2014,144,0.18461538461538463,0.824064730846787,0.2077637890615674,0.9162895414560743
NL,GI,2015,142,0.18205128205128204,0.8522965065622585,0.1472207803013089,0.8988771391640523
NL,GI,2016,147,0.18846153846153846,0.8154692620347512,0.18260269834706158,0.8693684677169289
NL,GI,2017,134,0.1717948717948718,0.7968030441007967,0.1433729197885522,0.8352903081641514
NL,GI,2018,132,0.16923076923076924,0.7811850972539685,0.1793928142126572,0.8417922861107607
NL,GI,2019,130,0.16666666666666666,0.7853967389742456,0.1605997852679839,0.8324806501576851
NL,GI,2020,140,0.1794871794871795,0.9261455174986245,0.07053811840470406,0.9505479940828204
NL,GI,2021,133,0.17051282051282052,0.9363333726364483,0.04773602505537055,0.9487892818775736
NL,GI,2022,133,0.17051282051282052,0.9253983054844913,0.05520855859227616,0.9394648419849044
NL,GI,2023,133,0.17051282051282052,0.9423756705877677,0.08127340941381798,0.961341062272475
NL,GI,2024,139,0.1782051282051282,0.9409921932983772,0.09348644427714611,0.9659130165829068
NL,GI,2025,144,0.18461538461538463,0.9331095874359734,0.07282701615467796,0.9639325966330795
NL,GI,2026,134,0.1717948717948718,0.9311893087901898,0.07809319121708751,0.9662032195331286
NL,JZ,2012,125,0.16025641025641027,0.8636244825605067,0.16012465169845977,0.9288227817630555
NL,JZ,2013,129,0.16538461538461538,0.8002012301419339,0.1637007828203125,0.8427638548271952
NL,JZ,2014,135,0.17307692307692307,0.7719082095376792,0.1729003671266708,0.8417610546114241
NL,JZ,2015,128,0.1641025641025641,0.7886494030414013,0.1649601623052613,0.8202039013730207
NL,JZ,2016,127,0.16282051282051282,0.7854112003227061,0.128651891628327,0.8168024371964384
NL,JZ,2017,124,0.15897435897435896,0.7396658158516368,0.16106591093618788,0.7748954660799965
NL,JZ,2018,126,0.16153846153846155,0.7535577148866581,0.133090146054049,0.7624176646449777
NL,JZ,2019,127,0.16282051282051282,0.7575570741335752,0.14720617848666806,0.7883259604434399
NL,JZ,2020,122,0.1564102564102564,0.7893736799978479,0.1233210815889137,0.8109434809801103
NL,JZ,2021,120,0.15384615384615385,0.7602341612376894,0.13504027194589938,0.774965851819432
NL,JZ,2022,132,0.16923076923076924,0.7701108096060669,0.13539542842729183,0.8002178327082133
NL,JZ,2023,135,0.17307692307692307,0.7811617743641867,0.1719280592147075,0.8253312424430448
NL,JZ,2024,132,0.16923076923076924,0.7979812931747688,0.16895063768394755,0.8528433844561832
NL,JZ,2025,135,0.17307692307692307,0.7979967007812004,0.22285998571001434,0.8857551297044827
NL,JZ,2026,143,0.18333333333333332,0.8022626413494114,0.20327664548490929,0.8766268454050711
NL,KZ,2012,139,0.1782051282051282,0.9296717697390185,0.11156391590835357,0.9687290600819164
NL,KZ,2013,139,0.1782051282051282,0.9014818243405723,0.12806974101623667,0.946301491198838
NL,KZ,2014,141,0.18076923076923077,0.8735387662268121,0.1465152437018463,0.9371102377750518
NL,KZ,2015,138,0.17692307692307693,0.8724524388317508,0.14248199219223787,0.9314149532352121
NL,KZ,2016,128,0.1641025641025641,0.8209744022448948,0.14643448107256582,0.8626528290269639
NL,KZ,2017,123,0.1576923076923077,0.8174021961862981,0.09925673366470765,0.8284586104538131
NL,KZ,2018,132,0.16923076923076924,0.8080061415846446,0.12811221610856782,0.8404909907350446
NL,KZ,2019,125,0.16025641025641027,0.8184549914295598,0.10917188984835809,0.8378905505598861
NL,KZ,2020,127,0.16282051282051282,0.8237808830291029,0.10418399698036052,0.8400363462379695
NL,KZ,2021,118,0.15128205128205127,0.793284832743544,0.13110916134863213,0.8213062427882215
NL,KZ,2022,124,0.15897435897435896,0.7465332946913057,0.12769850731203972,0.7503220112454416
NL,KZ,2023,124,0.15897435897435896,0.7715804219940924,0.13853047986260633,0.790417752479351
NL,KZ,2024,142,0.18205128205128204,0.9178901578639912,0.13959155387977318,0.9637418316076904
NL,KZ,2025,145,0.1858974358974359,0.9429461170823116,0.16187811007098038,0.9901059533740184
NL,KZ,2026,141,0.18076923076923077,0.9529974455435815,0.17153261300848446,0.9929041921286984
NL,LZ,2012,120,0.15384615384615385,0.9399559234959712,0.11641880798223939,0.9644855445713985
NL,LZ,2013,124,0.15897435897435896,0.8800789431009782,0.10280512546015601,0.9020051916263478
NL,LZ,2014,129,0.16538461538461538,0.8654418065856315,0.1020008940863989,0.8880938818559528
NL,LZ,2015,125,0.16025641025641027,0.8607844564996848,0.10837386886244645,0.8947164219195556
NL,LZ,2016,126,0.16153846153846155,0.7932029442899502,0.1439643911832252,0.810035377091876
NL,LZ,2017,130,0.16666666666666666,0.7842350147449996,0.1465832923782281,0.8008840781936496
NL,LZ,2018,125,0.16025641025641027,0.8035565614701338,0.1254100751849345,0.809638256081867
NL,LZ,2019,116,0.14871794871794872,0.7811533251076597,0.12000914698149924,0.7703900504756427
NL,LZ,2020,117,0.15,0.7553921827625062,0.13193851679824173,0.7551424126919054
NL,LZ,2021,122,0.1564102564102564,0.7380027185393584,0.14910430112507833,0.7308267494364427
NL,LZ,2022,118,0.15128205128205127,0.7669492532698382,0.14943795292852624,0.7976718133305429
NL,LZ,2023,131,0.16794871794871793,0.7706772593703042,0.1879020220949171,0.8236856794706962
NL,LZ,2024,128,0.1641025641025641,0.7852975614100409,0.1828125104426511,0.8430670006131746
NL,LZ,2025,126,0.16153846153846155,0.7776344616739822,0.21553080139069236,0.8524414118976105
NL,LZ,2026,128,0.1641025641025641,0.8044378080520913,0.19930766855274973,0.8908553516856934
NL,MN,2012,134,0.1717948717948718,0.9631329627283041,0.04986997351629489,0.9793042303245967
NL,MN,2013,139,0.1782051282051282,0.927564539928508,0.0667389336532176,0.9478525868550064
NL,MN,2014,132,0.16923076923076924,0.9368345374205292,0.05229368947100902,0.9512464229528093
NL,MN,2015,135,0.17307692307692307,0.938982885368651,0.05291905980187145,0.9567986787809576
NL,MN,2016,144,0.18461538461538463,0.8331066491124789,0.1770736623873376,0.8946618670922044
NL,MN,2017,134,0.1717948717948718,0.769346384024914,0.18920799542903904,0.8291407691149645
NL,MN,2018,122,0.1564102564102564,0.7636421692161438,0.15791048236416486,0.7968801596839804
NL,MN,2019,134,0.1717948717948718,0.7966994329718545,0.19242709882855766,0.8773628690711381
NL,MN,2020,129,0.16538461538461538,0.8516691727541623,0.10245084769271502,0.881868445083325
NL,MN,2021,134,0.1717948717948718,0.7992120905102507,0.16049717483296366,0.8618921922072512
NL,MN,2022,142,0.18205128205128204,0.7850203624500232,0.20611083564023094,0.8489027071769399
NL,MN,2023,135,0.17307692307692307,0.7904608916241014,0.1782969356606502,0.8461758544502508
NL,MN,2024,137,0.17564102564102563,0.8369763778851307,0.1535468704143153,0.8978837616244871
NL,MN,2025,141,0.18076923076923077,0.9162454634668589,0.09536774250091123,0.9487120138067696
NL,MN,2026,144,0.18461538461538463,0.9226361697338936,0.08163721117079273,0.9558752878179619
NL,OQ,2020,129,0.16538461538461538,0.8851469689252252,0.12127697346875627,0.9326952722388886
NL,OQ,2021,135,0.17307692307692307,0.8486252467730654,0.10056842302243914,0.8801981302676876
NL,OQ,2022,137,0.17564102564102563,0.8517432111025723,0.13132068066405567,0.9012530902190092
NL,OQ,2023,142,0.18205128205128204,0.8194613976871173,0.17662136483449542,0.8799337217068148
NL,OQ,2024,141,0.18076923076923077,0.8472318916503482,0.16049707547183847,0.902954331384894
NL,OQ,2025,140,0.1794871794871795,0.9261401184909358,0.06697314875685845,0.943626632362272
NL,OQ,2026,145,0.1858974358974359,0.9396122306750834,0.0761828725176189,0.9692282237527872
NL,RU,2012,130,0.16666666666666666,0.9686943450627937,0.050692797730606004,0.9881318361782805
NL,RU,2013,139,0.1782051282051282,0.9414593032836999,0.06934362689211886,0.9691869439274338
NL,RU,2014,138,0.17692307692307693,0.9516567575324906,0.05086010839662204,0.9699071639362025
NL,RU,2015,135,0.17307692307692307,0.8840103170164747,0.0984147989751139,0.9139675368564132
NL,RU,2016,125,0.16025641025641027,0.783813088992179,0.16290326027135402,0.8120654174097393
NL,RU,2017,132,0.16923076923076924,0.8089968479652176,0.1684282029217505,0.8493285279235362
NL,RU,2018,126,0.16153846153846155,0.768901277887363,0.1889048757928771,0.8097204639302326
NL,RU,2019,129,0.16538461538461538,0.7693472204873942,0.17505936642664022,0.8174552180352901
NL,RU,2020,128,0.1641025641025641,0.7678641226738402,0.1785085495847757,0.8205778984743113
NL,RU,2021,121,0.15512820512820513,0.7679409764843621,0.1431794462267742,0.8010171204746813
NL,RU,2022,131,0.16794871794871793,0.7559621655768438,0.15395784215071123,0.770134825854404
NL,RU,2023,133,0.17051282051282052,0.8137990091316845,0.12980795372016912,0.8129554783531814
NL,RU,2024,128,0.1641025641025641,0.832782403005444,0.1432598937764479,0.8802536800183436
NL,RU,2025,141,0.18076923076923077,0.865882525546711,0.1223332315701422,0.9051946746694556
NL,RU,2026,139,0.1782051282051282,0.8591301443409121,0.1227450135272023,0.8967479295964897
PT,BE,2013,84,0.28,0.9300349382520787,0.06629857003474056,0.9516015588396595
PT,BE,2014,80,0.26666666666666666,0.9148350658434332,0.07728678142257114,0.9406834585624428
PT,BE,2015,79,0.2633333333333333,0.8744662432570172,0.09218504620932383,0.9082519275811036
PT,BE,2016,83,0.27666666666666667,0.8437427692609809,0.12151946634366005,0.8683064444483972
PT,BE,2017,84,0.28,0.8289432954591711,0.17236218072235526,0.8855672016300302
PT,BE,2018,84,0.28,0.8831210285908151,0.11071050848963145,0.9161381962920638
PT,BE,2019,87,0.29,0.8385817605409912,0.1925558365022861,0.91862485959984
PT,BE,2020,88,0.29333333333333333,0.851810544400572,0.17663116471824444,0.9302928627778758
PT,BE,2021,88,0.29333333333333333,0.859486196402043,0.17063405829300557,0.9309148057910956
PT,BE,2022,77,0.25666666666666665,0.8673249250531923,0.12107018566474731,0.8985076411898626
PT,BE,2023,77,0.25666666666666665,0.863263003557407,0.10128299805506816,0.8995246935243107
PT,BE,2024,82,0.2733333333333333,0.834012581094838,0.13860573126389886,0.8682605735880438
PT,BE,2025,79,0.2633333333333333,0.8292817190656023,0.13789998356841698,0.8602804644822581
PT,FZ,2013,79,0.2633333333333333,0.8536159713312937,0.15285523949096866,0.9022093012824106
PT,FZ,2014,84,0.28,0.9331582906812953,0.06188901619406821,0.9573390591766116
PT,FZ,2015,86,0.2866666666666667,0.8842933652791806,0.11399218761060467,0.9227267346516451
PT,FZ,2016,89,0.2966666666666667,0.8699598233768135,0.1304869348624106,0.9147952324757442
PT,FZ,2017,82,0.2733333333333333,0.8944978506667349,0.09361949828944792,0.9269611800817
PT,FZ,2018,92,0.30666666666666664,0.833840896534888,0.17750565787789996,0.8941240144511199
PT,FZ,2019,83,0.27666666666666667,0.7538920903451524,0.21242228272569932,0.8029158712534944
PT,FZ,2020,77,0.25666666666666665,0.7292642352316179,0.17423282132195161,0.7658144903075926
PT,FZ,2021,84,0.28,0.7829365025510401,0.16348655100942994,0.8384369815151438
PT,FZ,2022,82,0.2733333333333333,0.8240490900528166,0.1148617218391023,0.8355337244219974
PT,FZ,2023,81,0.27,0.8204917245553454,0.12009727810392887,0.8266001416743968
PT,FZ,2024,79,0.2633333333333333,0.841874378691135,0.0978040989832749,0.8557738256043328
PT,FZ,2025,88,0.29333333333333333,0.8201276152617257,0.13862762031454504,0.8467257624279014
PT,GI,2013,82,0.2733333333333333,0.9471605792893327,0.05509846828286513,0.9676730440250341
PT,GI,2014,90,0.3,0.9538738571071065,0.03455005075383803,0.9605797971446592
PT,GI,2015,89,0.2966666666666667,0.9100611614903126,0.08281742481931598,0.9400848328927172
PT,GI,2016,89,0.2966666666666667,0.8992466135532041,0.11403564608538799,0.9348440433363036
PT,GI,2017,84,0.28,0.9352927986316537,0.06230104691593301,0.9531862687151996
PT,GI,2018,90,0.3,0.9260016388561635,0.06671051099686655,0.9477929154000673
PT,GI,2019,80,0.26666666666666666,0.8268444428252876,0.17492786540000718,0.8799065245689822
PT,GI,2020,74,0.24666666666666667,0.8385954965623885,0.12298450460244413,0.8747260463476333
PT,GI,2021,81,0.27,0.8716849333014093,0.07855602923004719,0.8735660200786746
PT,GI,2022,81,0.27,0.8698689833602611,0.08988449543243225,0.8830976393273079
PT,GI,2023,83,0.27666666666666667,0.8708265920850861,0.08044936038308703,0.8805922207991587
PT,GI,2024,80,0.26666666666666666,0.8984328699977606,0.06499167690733329,0.9189001117558457
PT,GI,2025,84,0.28,0.9027388438416485,0.06764528078425462,0.9227945132583929
PT,JZ,2013,81,0.27,0.8816653002757283,0.11409087862561496,0.9196720373153586
PT,JZ,2014,80,0.26666666666666666,0.8326553791884447,0.11184921578402034,0.8539669912762863
PT,JZ,2015,89,0.2966666666666667,0.7464359862844218,0.20100633852450092,0.7892334011316392
PT,JZ,2016,85,0.2833333333333333,0.7418769010706953,0.20315013976866825,0.8096397783292262
PT,JZ,2017,79,0.2633333333333333,0.7251856398677566,0.19564470678040582,0.7818499889100947
PT,JZ,2018,74,0.24666666666666667,0.6788737337647296,0.1914049495013274,0.7054485260379605
PT,JZ,2019,77,0.25666666666666665,0.6769027404939231,0.19022995886906816,0.7020693639057868
PT,JZ,2020,74,0.24666666666666667,0.6698074638794368,0.19179613684451124,0.6801879833241282
PT,JZ,2021,74,0.24666666666666667,0.6654121744634811,0.184784594366811,0.671023742621878
PT,JZ,2022,85,0.2833333333333333,0.8026507231755314,0.20025852466565708,0.9004759025648565
PT,JZ,2023,82,0.2733333333333333,0.8161960692279242,0.17852279805654966,0.8860593937578787
PT,JZ,2024,81,0.27,0.8355679531471696,0.16571752154963001,0.8919179627862887
PT,JZ,2025,79,0.2633333333333333,0.7910435351692926,0.2661742464444234,0.9003810733056847
PT,LZ,2013,84,0.28,0.7900379635296633,0.1832311181621842,0.8209674302552873
PT,LZ,2014,81,0.27,0.7138150815684133,0.1664546010068047,0.7402237083094484
PT,LZ,2015,78,0.26,0.658063325930423,0.19353259986003213,0.6771629218236501
PT,LZ,2016,76,0.25333333333333335,0.7266917049254978,0.15013624875329243,0.746011002692401
PT,LZ,2017,75,0.25,0.6874812400981115,0.154584619628477,0.7081018556532686
PT,LZ,2018,77,0.25666666666666665,0.6828479614563394,0.18255473421056617,0.7045436812133283
PT,LZ,2019,74,0.24666666666666667,0.6466596320717087,0.2111368743522712,0.6960426275528878
PT,LZ,2020,78,0.26,0.7203277098543636,0.16630586926373203,0.729186087461005
PT,LZ,2021,79,0.2633333333333333,0.7335306749781998,0.1619269509637636,0.7445932115833057
PT,LZ,2022,85,0.2833333333333333,0.7119850452898596,0.21581705503449972,0.7670179452763785
PT,LZ,2023,81,0.27,0.7280556549742075,0.19331995241322233,0.7600321284912656
PT,LZ,2024,83,0.27666666666666667,0.7351648044782039,0.19622856882468434,0.7869923124941778
PT,LZ,2025,86,0.2866666666666667,0.6961918343070334,0.21620290096043882,0.7426513321918147
PT,MN,2013,85,0.2833333333333333,0.845358159265584,0.18624103021661545,0.9197991245375774
PT,MN,2014,86,0.2866666666666667,0.8487099227641216,0.15094193663534528,0.9100741194242219
PT,MN,2015,85,0.2833333333333333,0.7533526461870123,0.23958869437336494,0.8574255753439582
PT,MN,2016,84,0.28,0.8030425374816387,0.22217777720094709,0.8945322207160542
PT,MN,2017,78,0.26,0.8149780960818972,0.1627849727477093,0.8429466427635179
PT,MN,2018,80,0.26666666666666666,0.6792997905318237,0.22171530361848932,0.7060642603039564
PT,MN,2019,85,0.2833333333333333,0.718691595671163,0.21654242968739945,0.7760333434832336
PT,MN,2020,83,0.27666666666666667,0.7786931155278147,0.17492536982576426,0.8357773437230719
PT,MN,2021,80,0.26666666666666666,0.8563651862046588,0.11647579610866286,0.8814764775561227
PT,MN,2022,86,0.2866666666666667,0.9073478878739787,0.08135721343073872,0.9388290738941262
PT,MN,2023,87,0.29,0.9071110182308519,0.0967002938273857,0.957934939904436
PT,MN,2024,89,0.2966666666666667,0.9204913163095505,0.07078646806076429,0.9485414731750952
PT,MN,2025,88,0.29333333333333333,0.9117516453827231,0.08826804965469337,0.9494539485832204
PT,OQ,2013,89,0.2966666666666667,0.8742437323979853,0.18464160222825216,0.9437445156571715
PT,OQ,2014,86,0.2866666666666667,0.8853976295317966,0.17791089644354474,0.943749756581953
PT,OQ,2015,86,0.2866666666666667,0.8578645497895931,0.2051070746565475,0.9189415626833334
PT,OQ,2016,83,0.27666666666666667,0.8802839274829659,0.08000759431403039,0.9028643759000264
PT,OQ,2017,87,0.29,0.8534472326535154,0.09955631555298412,0.8727357985933384
PT,OQ,2018,84,0.28,0.6836319069452463,0.18759247148508046,0.7089700141128593
PT,OQ,2019,83,0.27666666666666667,0.637775608611326,0.20498207403677285,0.6759113952023927
PT,OQ,2020,81,0.27,0.7017913442426166,0.20781398851806449,0.7601443023868126
PT,OQ,2021,84,0.28,0.7939719354378434,0.16191992172496575,0.8452965048511182
PT,OQ,2022,84,0.28,0.8571977416984643,0.1416983980599471,0.8977622463461127
PT,OQ,2023,84,0.28,0.8710212808745569,0.09286934783619918,0.8938040379135018
PT,OQ,2024,82,0.2733333333333333,0.895965367379184,0.06801214834870697,0.9118859305824683
PT,OQ,2025,82,0.2733333333333333,0.9063450035590395,0.0623077744778891,0.9194238459409078
PT,RU,2013,83,0.27666666666666667,0.881347326113956,0.13732729779586808,0.9330535474483508
PT,RU,2014,89,0.2966666666666667,0.8503590992212727,0.12736223657906892,0.8926782806138178
PT,RU,2015,91,0.30333333333333334,0.7897417260232196,0.1945625969037556,0.85154933518151
PT,RU,2016,91,0.30333333333333334,0.7302176660698297,0.24857238092274456,0.8337066838903427
PT,RU,2017,91,0.30333333333333334,0.7298519759731644,0.24076408018146953,0.8248586164877995
PT,RU,2018,79,0.2633333333333333,0.7013759946978051,0.22642757187380508,0.8029317006509233
PT,RU,2019,77,0.25666666666666665,0.6095474820583399,0.19620823863564751,0.5962869437990085
PT,RU,2020,76,0.25333333333333335,0.6530554140728135,0.1921057455844782,0.6717942427187631
PT,RU,2021,86,0.2866666666666667,0.8068111426924219,0.13894675733967832,0.8503491538690464
PT,RU,2022,82,0.2733333333333333,0.8153252323950861,0.1382239294587385,0.8595169978760783
PT,RU,2023,87,0.29,0.897446282933761,0.11220421736666789,0.9479616384463372
PT,RU,2024,88,0.29333333333333333,0.9063555787664245,0.10479308862211308,0.9461412214233262
PT,RU,2025,90,0.3,0.9274568262766472,0.0749574142954777,0.9492703650085468
