country,sector,year_from,year_to,n_common_pairs,mean_abs_change,frac_strengthening,frac_weakening,wave_signal
FR,BE,2017,2018,39060,0.17162576347744232,0.16717869943676394,0.19818228366615465,False
FR,BE,2018,2019,39060,0.2345301873303097,0.271505376344086,0.25821812596006144,True
FR,BE,2019,2020,39060,0.35913331443493485,0.541705069124424,0.12852022529441884,True
FR,BE,2020,2021,39060,0.23389507905389192,0.18783922171018946,0.32319508448540707,True
FR,BE,2021,2022,39060,0.2464888580913098,0.30686123911930363,0.22406554019457245,True
FR,BE,2022,2023,39060,0.24509262503859885,0.1878136200716846,0.3349462365591398,True
FR,BE,2023,2024,39060,0.2289877437822536,0.29523809523809524,0.21853558627752176,True
FR,BE,2024,2025,39060,0.2470087343351129,0.2119815668202765,0.32557603686635944,True
FR,BE,2025,2026,39060,0.2454733870677413,0.38868407578084996,0.1557347670250896,True
FR,FZ,2017,2018,39060,0.19631717912426036,0.2155657962109575,0.20424987199180747,False
FR,FZ,2018,2019,39060,0.2594697962902902,0.34226830517153095,0.19795186891961086,True
FR,FZ,2019,2020,39060,0.24624745052146252,0.39500768049155144,0.16410650281618022,True
FR,FZ,2020,2021,39060,0.3054480953194528,0.10721966205837173,0.512647209421403,True
FR,FZ,2021,2022,39060,0.2372968981564988,0.25949820788530464,0.28302611367127495,True
FR,FZ,2022,2023,39060,0.22289440191487453,0.23855606758832565,0.2520993343573989,True
FR,FZ,2023,2024,39060,0.26483139448101733,0.40209933435739886,0.1595494111623144,True
FR,FZ,2024,2025,39060,0.2600773485928303,0.20010240655401945,0.37140296979006654,True
FR,FZ,2025,2026,39060,0.20698360718617026,0.25532514080901175,0.20033282130056324,True
FR,GI,2017,2018,39060,0.20683525759405896,0.21879160266257042,0.21769073220686125,False
FR,GI,2018,2019,39060,0.2837852902676738,0.36108550947260626,0.23637992831541219,True
FR,GI,2019,2020,39060,0.22345250489216315,0.2263952892985151,0.27549923195084486,True
FR,GI,2020,2021,39060,0.3081346920492631,0.1679467485919099,0.459242191500256,True
FR,GI,2021,2022,39060,0.27705145026361394,0.28545826932923707,0.29782386072708655,True
FR,GI,2022,2023,39060,0.5438996995363073,0.7871479774705581,0.04810547875064004,True
FR,GI,2023,2024,39060,0.14191005065231835,0.2074500768049155,0.1155657962109575,False
FR,GI,2024,2025,39060,0.13304004183515586,0.19180747567844342,0.11825396825396825,False
FR,GI,2025,2026,39060,0.13527126513014492,0.1703020993343574,0.1495647721454173,False
FR,JZ,2017,2018,39060,0.21200307512674293,0.223963133640553,0.20785970302099335,False
FR,JZ,2018,2019,39060,0.2639022002513746,0.29260112647209424,0.27293906810035845,True
FR,JZ,2019,2020,39060,0.25045450994912094,0.29219150025601637,0.2463389656938044,True
FR,JZ,2020,2021,39060,0.2555982185992033,0.2060931899641577,0.3453149001536098,True
FR,JZ,2021,2022,39060,0.2679614089021729,0.2955197132616487,0.27306707629288274,True
FR,JZ,2022,2023,39060,0.22019538815930978,0.25212493599590374,0.24580133128520226,True
FR,JZ,2023,2024,39060,0.24258770225298537,0.30276497695852533,0.21451612903225806,True
FR,JZ,2024,2025,39060,0.235985537381516,0.25419866871479774,0.25478750640040965,True
FR,JZ,2025,2026,39060,0.23575759446609137,0.2755504352278546,0.2357142857142857,True
FR,KZ,2017,2018,39060,0.17917965173531203,0.19436763952892985,0.1945468509984639,False
FR,KZ,2018,2019,39060,0.2744116491161362,0.29293394777265747,0.28914490527393755,True
FR,KZ,2019,2020,39060,0.26559199551315227,0.2988991295442908,0.27048131080389143,True
FR,KZ,2020,2021,39060,0.20867582495734754,0.24206349206349206,0.23274449564772146,False
FR,KZ,2021,2022,39060,0.28906537414478783,0.37014848950332824,0.22767537122375833,True
FR,KZ,2022,2023,39060,0.2165345655428568,0.22736815156169995,0.2636200716845878,True
FR,KZ,2023,2024,39060,0.23109608735941833,0.3433691756272401,0.19682539682539682,True
FR,KZ,2024,2025,39060,0.21782591356659375,0.3095494111623144,0.17693292370711725,True
FR,KZ,2025,2026,39060,0.22519697612444806,0.36057347670250894,0.14183307731694828,True
FR,LZ,2017,2018,39060,0.21843988439273834,0.23922171018945212,0.2108294930875576,False
FR,LZ,2018,2019,39060,0.2567249786248104,0.18305171530977982,0.3624167946748592,True
FR,LZ,2019,2020,39060,0.22612273533540597,0.2353558627752176,0.27964669738863285,True
FR,LZ,2020,2021,39060,0.2336991608418038,0.260752688172043,0.2767537122375832,True
FR,LZ,2021,2022,39060,0.25767930121426746,0.2779057859703021,0.2870967741935484,True
FR,LZ,2022,2023,39060,0.24400824988150482,0.3624679979518689,0.17852022529441886,True
FR,LZ,2023,2024,39060,0.3302428488080059,0.4482846902201741,0.20519713261648745,True
FR,LZ,2024,2025,39060,0.21312574845054646,0.25153609831029183,0.2315668202764977,True
FR,LZ,2025,2026,39060,0.18409721802305143,0.2423195084485407,0.18415258576548899,False
FR,MN,2017,2018,39060,0.22331243659647998,0.28691756272401436,0.16618023553507424,True
FR,MN,2018,2019,39060,0.25145411362584996,0.24623655913978496,0.298489503328213,True
FR,MN,2019,2020,39060,0.25997328889149807,0.41792114695340504,0.14641577060931898,True
FR,MN,2020,2021,39060,0.292780318127417,0.1593189964157706,0.4474910394265233,True
FR,MN,2021,2022,39060,0.26882479566829925,0.3289810547875064,0.24905273937532002,True
FR,MN,2022,2023,39060,0.20223701513565787,0.22183819764464927,0.2342293906810036,False
FR,MN,2023,2024,39060,0.2401315264547506,0.41187916026625704,0.13858166922683052,True
FR,MN,2024,2025,39060,0.19087945342015633,0.21830517153097798,0.21024065540194573,False
FR,MN,2025,2026,39060,0.17783086966621617,0.19831029185867896,0.2215821812596006,False
FR,OQ,2017,2018,39060,0.16743049049056022,0.18489503328213006,0.17606246799795186,False
FR,OQ,2018,2019,39060,0.2398382367191064,0.26658986175115207,0.2699180747567844,True
FR,OQ,2019,2020,39060,0.2767492513975871,0.2990783410138249,0.2771889400921659,True
FR,OQ,2020,2021,39060,0.2755518391383183,0.39639016897081414,0.20729646697388632,True
FR,OQ,2021,2022,39060,0.3379427540537885,0.5295954941116231,0.14365079365079364,True
FR,OQ,2022,2023,39060,0.17090176016422712,0.20409626216077828,0.18934971838197645,False
FR,OQ,2023,2024,39060,0.1917558451854155,0.26559139784946234,0.19101382488479263,True
FR,OQ,2024,2025,39060,0.16268570762255657,0.20448028673835125,0.18289810547875063,False
FR,OQ,2025,2026,39060,0.1825131037715987,0.158115719406042,0.28253968253968254,True
FR,RU,2017,2018,39060,0.2365843508169444,0.2965437788018433,0.18425499231950845,True
FR,RU,2018,2019,39060,0.315057219807974,0.3776497695852535,0.25197132616487455,True
FR,RU,2019,2020,39060,0.2462483925328845,0.40657962109575013,0.12555043522785458,True
FR,RU,2020,2021,39060,0.1878172569762616,0.19554531490015362,0.23891449052739375,False
FR,RU,2021,2022,39060,0.20770837238531098,0.32019969278033794,0.16602662570404506,True
FR,RU,2022,2023,39060,0.13140814964971476,0.14173067076292883,0.1573220686123912,False
FR,RU,2023,2024,39060,0.17900738751384426,0.3352278545826933,0.06753712237583205,True
FR,RU,2024,2025,39060,0.12871709312993915,0.15829493087557603,0.134715821812596,False
FR,RU,2025,2026,39060,0.12268961488510134,0.12529441884280593,0.1565284178187404,False
NL,BE,2012,2013,780,0.08095798749573382,0.019230769230769232,0.15,False
NL,BE,2013,2014,780,0.2271726954616782,0.16282051282051282,0.31025641025641026,True
NL,BE,2014,2015,780,0.24924324623246039,0.16794871794871793,0.41025641025641024,True
NL,BE,2015,2016,780,0.2532345958539003,0.2512820512820513,0.31666666666666665,True
NL,BE,2016,2017,780,0.27538772987653076,0.1717948717948718,0.4256410256410256,True
NL,BE,2017,2018,780,0.23620746241026916,0.1987179487179487,0.34487179487179487,True
NL,BE,2018,2019,780,0.21154254377105255,0.25256410256410255,0.25769230769230766,True
NL,BE,2019,2020,780,0.2334774289626098,0.30512820512820515,0.2282051282051282,True
NL,BE,2020,2021,780,0.28471299491979835,0.3769230769230769,0.23076923076923078,True
NL,BE,2021,2022,780,0.31736222579628764,0.43205128205128207,0.16923076923076924,True
NL,BE,2022,2023,780,0.19036686518124005,0.2858974358974359,0.17051282051282052,True
NL,BE,2023,2024,780,0.1696030738518096,0.21794871794871795,0.18846153846153846,False
NL,BE,2024,2025,780,0.2192981159813894,0.4025641025641026,0.07179487179487179,True
NL,BE,2025,2026,780,0.12005310757391845,0.1576923076923077,0.11666666666666667,False
NL,FZ,2012,2013,780,0.09073362529981717,0.002564102564102564,0.2141025641025641,False
NL,FZ,2013,2014,780,0.0886988521532387,0.10128205128205128,0.07948717948717948,False
NL,FZ,2014,2015,780,0.19213358264920974,0.08205128205128205,0.35,True
NL,FZ,2015,2016,780,0.2556208935147834,0.11666666666666667,0.4205128205128205,True
NL,FZ,2016,2017,780,0.20564650711711277,0.1794871794871795,0.3423076923076923,True
NL,FZ,2017,2018,780,0.3102114866707331,0.18846153846153846,0.4153846153846154,True
NL,FZ,2018,2019,780,0.4099949952208026,0.6153846153846154,0.08461538461538462,True
NL,FZ,2019,2020,780,0.1505968653113955,0.22564102564102564,0.13333333333333333,False
NL,FZ,2020,2021,780,0.1843272027005271,0.18461538461538463,0.24358974358974358,False
NL,FZ,2021,2022,780,0.212646449184946,0.0858974358974359,0.4064102564102564,True
NL,FZ,2022,2023,780,0.1303735375570366,0.17051282051282052,0.1346153846153846,False
NL,FZ,2023,2024,780,0.2625746282273992,0.1423076923076923,0.4076923076923077,True
NL,FZ,2024,2025,780,0.35632885125140745,0.6423076923076924,0.005128205128205128,True
NL,FZ,2025,2026,780,0.15279358593440787,0.34102564102564104,0.002564102564102564,True
NL,GI,2012,2013,780,0.09104433608464925,0.00641025641025641,0.21153846153846154,False
NL,GI,2013,2014,780,0.2664855234230045,0.07564102564102564,0.46794871794871795,True
NL,GI,2014,2015,780,0.20944249948074878,0.25,0.24358974358974358,True
NL,GI,2015,2016,780,0.13929829689744214,0.11282051282051282,0.2230769230769231,False
NL,GI,2016,2017,780,0.2991720979273458,0.12179487179487179,0.48205128205128206,True
NL,GI,2017,2018,780,0.18751769907584273,0.191025641025641,0.28717948717948716,True
NL,GI,2018,2019,780,0.19098900981928627,0.20256410256410257,0.23846153846153847,False
NL,GI,2019,2020,780,0.5252284400722946,0.7833333333333333,0.0,True
NL,GI,2020,2021,780,0.12724697797881604,0.1858974358974359,0.12307692307692308,False
NL,GI,2021,2022,780,0.07992818491876705,0.05897435897435897,0.09871794871794871,False
NL,GI,2022,2023,780,0.12697453874189857,0.24871794871794872,0.04871794871794872,False
NL,GI,2023,2024,780,0.06433739134983087,0.05897435897435897,0.057692307692307696,False
NL,GI,2024,2025,780,0.13228445499272964,0.1371794871794872,0.16794871794871793,False
NL,GI,2025,2026,780,0.07818135415057587,0.06025641025641026,0.08205128205128205,False
NL,JZ,2012,2013,780,0.1792839467634779,0.13974358974358975,0.22435897435897437,False
NL,JZ,2013,2014,780,0.20025071011021714,0.14871794871794872,0.3217948717948718,True
NL,JZ,2014,2015,780,0.23698536654008662,0.2602564102564103,0.27307692307692305,True
NL,JZ,2015,2016,780,0.22012201689822417,0.27564102564102566,0.22179487179487178,True
NL,JZ,2016,2017,780,0.32057223432734633,0.22692307692307692,0.4076923076923077,True
NL,JZ,2017,2018,780,0.21891598203714668,0.2358974358974359,0.2512820512820513,True
NL,JZ,2018,2019,780,0.21302741169183048,0.25769230769230766,0.2153846153846154,True
NL,JZ,2019,2020,780,0.25079881812005494,0.3,0.2512820512820513,True
NL,JZ,2020,2021,780,0.2948651367609039,0.2205128205128205,0.4064102564102564,True
NL,JZ,2021,2022,780,0.28064614991545633,0.367948717948718,0.24487179487179486,True
NL,JZ,2022,2023,780,0.2520596833415064,0.35384615384615387,0.17051282051282052,True
NL,JZ,2023,2024,780,0.17625425532419467,0.21025641025641026,0.17435897435897435,False
NL,JZ,2024,2025,780,0.24821914920323795,0.41025641025641024,0.12307692307692308,True
NL,JZ,2025,2026,780,0.1940662738791916,0.27564102564102566,0.18717948717948718,True
NL,KZ,2012,2013,780,0.055191070657506794,0.014102564102564103,0.0858974358974359,False
NL,KZ,2013,2014,780,0.13139508008206965,0.07179487179487179,0.22179487179487178,False
NL,KZ,2014,2015,780,0.16308821204433632,0.15512820512820513,0.2230769230769231,False
NL,KZ,2015,2016,741,0.22976776373495203,0.07827260458839407,0.4642375168690958,True
NL,KZ,2016,2017,741,0.2928286421328815,0.2483130904183536,0.3697705802968961,True
NL,KZ,2017,2018,780,0.18116263668135488,0.14615384615384616,0.27307692307692305,True
NL,KZ,2018,2019,780,0.2205989764012421,0.2564102564102564,0.2692307692307692,True
NL,KZ,2019,2020,780,0.18324152830159662,0.18717948717948718,0.2551282051282051,True
NL,KZ,2020,2021,780,0.3152211153720483,0.191025641025641,0.40384615384615385,True
NL,KZ,2021,2022,780,0.27961999534896625,0.2128205128205128,0.37051282051282053,True
NL,KZ,2022,2023,780,0.26084007689622446,0.37051282051282053,0.2,True
NL,KZ,2023,2024,780,0.6900735673335006,0.8564102564102564,0.021794871794871794,True
NL,KZ,2024,2025,780,0.12422195156678707,0.3076923076923077,0.00641025641025641,True
NL,KZ,2025,2026,780,0.05103303611070105,0.04871794871794872,0.00641025641025641,False
NL,LZ,2012,2013,741,0.1796247140705194,0.10931174089068826,0.28879892037786775,True
NL,LZ,2013,2014,741,0.17055839831705707,0.13765182186234817,0.28879892037786775,True
NL,LZ,2014,2015,703,0.18744233428428975,0.12375533428165007,0.32574679943101,True
NL,LZ,2015,2016,741,0.2403181421458071,0.044534412955465584,0.5695006747638327,True
NL,LZ,2016,2017,780,0.2632882576635236,0.25,0.3038461538461538,True
NL,LZ,2017,2018,780,0.2662949010978701,0.28076923076923077,0.2858974358974359,True
NL,LZ,2018,2019,779,0.19194973384742714,0.1797175866495507,0.24775353016688062,False
NL,LZ,2019,2020,741,0.23354692070743155,0.25775978407557354,0.2834008097165992,True
NL,LZ,2020,2021,741,0.25193846864567165,0.2968960863697706,0.23346828609986506,True
NL,LZ,2021,2022,741,0.30093920656972,0.37786774628879893,0.26045883940620784,True
NL,LZ,2022,2023,741,0.24373032962325283,0.39946018893387314,0.1349527665317139,True
NL,LZ,2023,2024,741,0.20873250179735814,0.21997300944669365,0.242914979757085,False
NL,LZ,2024,2025,741,0.27866646823180463,0.30364372469635625,0.2739541160593792,True
NL,LZ,2025,2026,741,0.2163575439366384,0.2739541160593792,0.2321187584345479,True
NL,MN,2012,2013,780,0.07062969141452775,0.0,0.14358974358974358,False
NL,MN,2013,2014,780,0.07458164108343353,0.10384615384615385,0.047435897435897434,False
NL,MN,2014,2015,780,0.10277398118954777,0.1564102564102564,0.09102564102564102,False
NL,MN,2015,2016,780,0.2876201004452348,0.002564102564102564,0.5641025641025641,True
NL,MN,2016,2017,780,0.35635295723839244,0.09487179487179487,0.5705128205128205,True
NL,MN,2017,2018,780,0.29118335724367583,0.20512820512820512,0.4076923076923077,True
NL,MN,2018,2019,780,0.32404524254896394,0.47692307692307695,0.18076923076923077,True
NL,MN,2019,2020,780,0.2413926559668931,0.38333333333333336,0.13333333333333333,True
NL,MN,2020,2021,780,0.21701130808154612,0.10256410256410256,0.38974358974358975,True
NL,MN,2021,2022,780,0.18918425090785193,0.23717948717948717,0.17692307692307693,False
NL,MN,2022,2023,780,0.230307313740842,0.18974358974358974,0.31794871794871793,True
NL,MN,2023,2024,780,0.2982106660398804,0.5230769230769231,0.09487179487179487,True
NL,MN,2024,2025,780,0.24052743475644803,0.5051282051282051,0.02435897435897436,True
NL,MN,2025,2026,780,0.09688141113138504,0.16794871794871793,0.05512820512820513,False
NL,OQ,2020,2021,780,0.19395625117167073,0.2858974358974359,0.16923076923076924,True
NL,OQ,2021,2022,780,0.21038400373054938,0.3346153846153846,0.13974358974358975,True
NL,OQ,2022,2023,780,0.20149293299724713,0.15,0.31153846153846154,True
NL,OQ,2023,2024,780,0.1870983300609501,0.2064102564102564,0.2205128205128205,False
NL,OQ,2024,2025,780,0.3308287023037497,0.6089743589743589,0.01282051282051282,True
NL,OQ,2025,2026,780,0.1054024413607507,0.24487179487179486,0.016666666666666666,False
NL,RU,2012,2013,780,0.059258988063861845,0.001282051282051282,0.10384615384615385,False
NL,RU,2013,2014,780,0.06789100708782558,0.0782051282051282,0.03974358974358974,False
NL,RU,2014,2015,780,0.27273033588423706,0.017948717948717947,0.5948717948717949,True
NL,RU,2015,2016,780,0.4041349959279754,0.020512820512820513,0.7333333333333333,True
NL,RU,2016,2017,780,0.28321769446115,0.4256410256410256,0.2153846153846154,True
NL,RU,2017,2018,780,0.2955148228277293,0.17307692307692307,0.4756410256410256,True
NL,RU,2018,2019,780,0.19142344662453337,0.22564102564102564,0.24615384615384617,False
NL,RU,2019,2020,780,0.21291619089567623,0.21923076923076923,0.2948717948717949,True
NL,RU,2020,2021,780,0.2649747794223808,0.24871794871794872,0.3128205128205128,True
NL,RU,2021,2022,780,0.2930484160174823,0.24358974358974358,0.3384615384615385,True
NL,RU,2022,2023,780,0.3627624909862634,0.5987179487179487,0.1141025641025641,True
NL,RU,2023,2024,780,0.18745404955559258,0.26794871794871794,0.16153846153846155,True
NL,RU,2024,2025,780,0.23045942295135596,0.44358974358974357,0.06794871794871794,True
NL,RU,2025,2026,780,0.15060956699060757,0.19743589743589743,0.17435897435897435,False
PT,BE,2013,2014,300,0.14150404636990194,0.16666666666666666,0.19333333333333333,False
PT,BE,2014,2015,300,0.12170240680524505,0.006666666666666667,0.28,True
PT,BE,2015,2016,300,0.11870051416217726,0.016666666666666666,0.25,True
PT,BE,2016,2017,300,0.2575403100714288,0.29333333333333333,0.2966666666666667,True
PT,BE,2017,2018,300,0.18137546087170983,0.38,0.016666666666666666,True
PT,BE,2018,2019,300,0.16926425294762254,0.05,0.3433333333333333,True
PT,BE,2019,2020,300,0.11544113870675979,0.21666666666666667,0.07333333333333333,False
PT,BE,2020,2021,300,0.09742620337166615,0.13666666666666666,0.07666666666666666,False
PT,BE,2021,2022,300,0.18854604490046772,0.11666666666666667,0.31666666666666665,True
PT,BE,2022,2023,300,0.33666767325939323,0.22333333333333333,0.4166666666666667,True
PT,BE,2023,2024,300,0.12745273303416288,0.18666666666666668,0.13333333333333333,False
PT,BE,2024,2025,300,0.1404830754401173,0.08,0.2633333333333333,True
PT,FZ,2013,2014,300,0.3330841777181273,0.5733333333333334,0.05,True
PT,FZ,2014,2015,300,0.17646242582661725,0.0033333333333333335,0.4066666666666667,True
PT,FZ,2015,2016,300,0.08069429319639206,0.06333333333333334,0.09,False
PT,FZ,2016,2017,300,0.08180893983003677,0.1,0.07666666666666666,False
PT,FZ,2017,2018,300,0.18923144475724984,0.05333333333333334,0.38666666666666666,True
PT,FZ,2018,2019,300,0.4044528416258196,0.13666666666666666,0.5233333333333333,True
PT,FZ,2019,2020,300,0.2922511759873413,0.27,0.36,True
PT,FZ,2020,2021,300,0.26308468090687265,0.5,0.09,True
PT,FZ,2021,2022,300,0.17423863568702236,0.35,0.09333333333333334,True
PT,FZ,2022,2023,300,0.11427767055315664,0.13666666666666666,0.12,False
PT,FZ,2023,2024,300,0.18947000180559798,0.26666666666666666,0.18,True
PT,FZ,2024,2025,300,0.1985135685079779,0.21333333333333335,0.18666666666666668,False
PT,GI,2013,2014,300,0.10164595031545225,0.19666666666666666,0.02666666666666667,False
PT,GI,2014,2015,300,0.1423999919609386,0.013333333333333334,0.3233333333333333,True
PT,GI,2015,2016,300,0.10290909102805286,0.07333333333333333,0.14333333333333334,False
PT,GI,2016,2017,300,0.09722443507576788,0.20666666666666667,0.0,False
PT,GI,2017,2018,300,0.04807808161542102,0.023333333333333334,0.03,False
PT,GI,2018,2019,300,0.36944245352995636,0.03333333333333333,0.5433333333333333,True
PT,GI,2019,2020,300,0.2626712445945179,0.16,0.35333333333333333,True
PT,GI,2020,2021,300,0.18451460786385,0.42,0.05,True
PT,GI,2021,2022,300,0.10883529832730617,0.17333333333333334,0.08,False
PT,GI,2022,2023,300,0.10587246912253856,0.14,0.08,False
PT,GI,2023,2024,300,0.17716998715671645,0.36333333333333334,0.04,True
PT,GI,2024,2025,300,0.12179811216553801,0.17666666666666667,0.10666666666666667,False
PT,JZ,2013,2014,300,0.17072435916363568,0.11,0.3,True
PT,JZ,2014,2015,300,0.194661553659936,0.03,0.37666666666666665,True
PT,JZ,2015,2016,300,0.16935743051765562,0.16333333333333333,0.22,False
PT,JZ,2016,2017,300,0.2795452667534114,0.20333333333333334,0.3933333333333333,True
PT,JZ,2017,2018,300,0.26797001446816143,0.21333333333333335,0.37666666666666665,True
PT,JZ,2018,2019,300,0.22287818974501686,0.26,0.25333333333333335,True
PT,JZ,2019,2020,300,0.21330560029375975,0.20666666666666667,0.35333333333333333,True
PT,JZ,2020,2021,300,0.3259872992157021,0.31333333333333335,0.2833333333333333,True
PT,JZ,2021,2022,300,0.3850615987121817,0.5766666666666667,0.12666666666666668,True
PT,JZ,2022,2023,300,0.1322912246593577,0.18,0.15,False
PT,JZ,2023,2024,300,0.1165255532816873,0.15333333333333332,0.09333333333333334,False
PT,JZ,2024,2025,300,0.11938247755024899,0.09333333333333334,0.18666666666666668,False
PT,LZ,2013,2014,300,0.25681141430058146,0.16666666666666666,0.32666666666666666,True
PT,LZ,2014,2015,300,0.34948569394006823,0.16333333333333333,0.49,True
PT,LZ,2015,2016,300,0.28776878217553764,0.45666666666666667,0.15666666666666668,True
PT,LZ,2016,2017,300,0.2334501940332628,0.21,0.3,True
PT,LZ,2017,2018,300,0.2592736471866975,0.20333333333333334,0.37333333333333335,True
PT,LZ,2018,2019,300,0.3199183170621491,0.2733333333333333,0.42,True
PT,LZ,2019,2020,300,0.3055115818689181,0.44666666666666666,0.14,True
PT,LZ,2020,2021,300,0.26443055440825863,0.3,0.2633333333333333,True
PT,LZ,2021,2022,300,0.23313174254443567,0.27666666666666667,0.22,True
PT,LZ,2022,2023,300,0.19230113836714774,0.27666666666666667,0.23333333333333334,True
PT,LZ,2023,2024,300,0.2625911769838407,0.2966666666666667,0.2733333333333333,True
PT,LZ,2024,2025,300,0.15059761234030047,0.13,0.21333333333333335,False
PT,MN,2013,2014,300,0.2541743391165769,0.3466666666666667,0.18333333333333332,True
PT,MN,2014,2015,300,0.2998137716024672,0.03666666666666667,0.5066666666666667,True
PT,MN,2015,2016,300,0.21374166349404386,0.41,0.09,True
PT,MN,2016,2017,300,0.20087236201231443,0.11,0.31,True
PT,MN,2017,2018,300,0.38248615664269486,0.06333333333333334,0.6166666666666667,True
PT,MN,2018,2019,300,0.3932110725265888,0.43666666666666665,0.31333333333333335,True
PT,MN,2019,2020,300,0.32484519490060026,0.4033333333333333,0.18333333333333332,True
PT,MN,2020,2021,300,0.28810034800237244,0.4533333333333333,0.11333333333333333,True
PT,MN,2021,2022,300,0.20409589722107133,0.5166666666666667,0.016666666666666666,True
PT,MN,2022,2023,300,0.11234997070786756,0.20666666666666667,0.07333333333333333,False
PT,MN,2023,2024,300,0.08756684937132327,0.12,0.06,False
PT,MN,2024,2025,300,0.08222707857258421,0.08333333333333333,0.08666666666666667,False
PT,OQ,2013,2014,300,0.1083382164214806,0.22333333333333333,0.02,False
PT,OQ,2014,2015,300,0.10427749752483093,0.06666666666666667,0.17333333333333334,False
PT,OQ,2015,2016,300,0.16264410099722368,0.14666666666666667,0.20333333333333334,False
PT,OQ,2016,2017,300,0.10958499255323102,0.08,0.15,False
PT,OQ,2017,2018,300,0.457540121855318,0.03333333333333333,0.7033333333333334,True
PT,OQ,2018,2019,300,0.27481193768393053,0.25,0.37666666666666665,True
PT,OQ,2019,2020,300,0.24195596653971213,0.39,0.14333333333333334,True
PT,OQ,2020,2021,300,0.28165755350109245,0.5633333333333334,0.09,True
PT,OQ,2021,2022,300,0.2675516559015053,0.46,0.13666666666666666,True
PT,OQ,2022,2023,300,0.1847124767649636,0.24,0.21,False
PT,OQ,2023,2024,300,0.1473469658203038,0.31666666666666665,0.05,True
PT,OQ,2024,2025,300,0.06033566652320039,0.06666666666666667,0.05,False
PT,RU,2013,2014,300,0.20231416719825007,0.28,0.17,True
PT,RU,2014,2015,300,0.22002260992608133,0.11333333333333333,0.39,True
PT,RU,2015,2016,300,0.19569203857181297,0.06,0.36,True
PT,RU,2016,2017,300,0.12372179098483371,0.14666666666666667,0.14333333333333334,False
PT,RU,2017,2018,300,0.265513587380749,0.13,0.4533333333333333,True
PT,RU,2018,2019,300,0.3700729760185777,0.18333333333333332,0.4533333333333333,True
PT,RU,2019,2020,300,0.2654693284861145,0.27666666666666667,0.25,True
PT,RU,2020,2021,300,0.46147837614984855,0.7066666666666667,0.03333333333333333,True
PT,RU,2021,2022,300,0.15027759180274894,0.23666666666666666,0.12666666666666668,False
PT,RU,2022,2023,300,0.24387081162305407,0.5333333333333333,0.043333333333333335,True
PT,RU,2023,2024,300,0.07781059390157528,0.14,0.023333333333333334,False
PT,RU,2024,2025,300,0.07628879676295915,0.1,0.03666666666666667,False
