country,sector,source_region,target_region,bootstrap_frequency,promoted_stable_edge
FR,KZ,2806,4409,0.9849246231155779,1
FR,BE,2713,4425,0.9798994974874372,1
FR,RU,1113,7513,0.9748743718592965,1
FR,FZ,1104,4414,0.9698492462311558,1
FR,LZ,2401,8434,0.9597989949748744,1
FR,BE,2403,4413,0.9447236180904522,1
FR,JZ,2702,8424,0.9195979899497487,1
FR,LZ,4413,7623,0.914572864321608,1
FR,GI,2402,4411,0.7889447236180904,1
FR,OQ,8408,9302,0.7638190954773869,1
FR,KZ,4422,5318,0.7487437185929648,1
FR,RU,1113,7501,0.7487437185929648,1
FR,OQ,4408,9318,0.7035175879396985,1
FR,RU,1104,4424,0.6984924623115578,0
FR,JZ,2716,7606,0.6683417085427136,0
FR,FZ,4413,5216,0.6080402010050251,0
FR,OQ,5303,5305,0.6030150753768844,0
FR,FZ,5206,5315,0.5728643216080402,0
FR,KZ,2408,2812,0.5628140703517588,0
FR,MN,55,9307,0.5577889447236181,0
FR,LZ,53,7624,0.48743718592964824,0
FR,OQ,54,59,0.4824120603015075,0
FR,FZ,2808,7514,0.4824120603015075,0
FR,BE,4411,8406,0.4623115577889447,0
FR,RU,7501,7513,0.4623115577889447,0
FR,MN,1109,1113,0.45226130653266333,0
FR,GI,3221,8427,0.4472361809045226,0
FR,KZ,5312,7607,0.4371859296482412,0
FR,LZ,4410,4424,0.4321608040201005,0
FR,KZ,1110,2818,0.4120603015075377,0
FR,RU,2712,5202,0.3969849246231156,0
FR,BE,2812,8423,0.3869346733668342,0
FR,FZ,5216,9305,0.3869346733668342,0
FR,JZ,3207,7622,0.36683417085427134,0
FR,MN,1106,1114,0.36683417085427134,0
FR,MN,5201,5219,0.36180904522613067,0
FR,GI,3201,5315,0.3417085427135678,0
FR,MN,2703,4403,0.3417085427135678,0
FR,JZ,5217,7607,0.33668341708542715,0
FR,LZ,4409,61,0.3316582914572864,0
FR,OQ,7605,7625,0.32160804020100503,0
FR,BE,2406,9312,0.3165829145728643,0
FR,GI,4407,7501,0.3165829145728643,0
FR,RU,2412,4404,0.3165829145728643,0
FR,MN,1109,1114,0.31155778894472363,0
FR,GI,4402,4427,0.3015075376884422,0
FR,OQ,8401,9301,0.3015075376884422,0
FR,JZ,5314,7615,0.2914572864321608,0
FR,GI,7506,8415,0.2914572864321608,0
FR,LZ,1105,5201,0.2864321608040201,0
FR,BE,56,8401,0.2814070351758794,0
FR,MN,1113,4425,0.271356783919598,0
FR,JZ,8433,9310,0.271356783919598,0
FR,MN,1113,1114,0.2663316582914573,0
FR,KZ,4418,8412,0.2613065326633166,0
FR,FZ,1112,8418,0.2562814070351759,0
FR,JZ,3207,4415,0.24623115577889448,0
FR,BE,8428,9308,0.24623115577889448,0
FR,BE,7505,8417,0.24120603015075376,0
FR,JZ,4415,7622,0.23618090452261306,0
FR,JZ,3207,7507,0.23115577889447236,0
FR,RU,1106,7532,0.22110552763819097,0
FR,FZ,5216,7620,0.21608040201005024,0
FR,JZ,4425,8434,0.21608040201005024,0
FR,LZ,7505,9307,0.21608040201005024,0
FR,MN,2811,3219,0.21105527638190955,0
FR,JZ,5316,5318,0.19597989949748743,0
FR,LZ,3202,5203,0.19597989949748743,0
FR,FZ,4409,7512,0.19095477386934673,0
FR,MN,57,7602,0.18592964824120603,0
FR,OQ,7607,8422,0.18090452261306533,0
FR,GI,9301,9304,0.18090452261306533,0
FR,KZ,1105,7515,0.17587939698492464,0
FR,FZ,2414,5314,0.1708542713567839,0
FR,MN,3220,8423,0.1708542713567839,0
FR,GI,2707,4411,0.1658291457286432,0
FR,BE,2413,7603,0.1658291457286432,0
FR,GI,2410,7524,0.16080402010050251,0
FR,GI,5215,7521,0.16080402010050251,0
FR,OQ,64,7528,0.16080402010050251,0
FR,GI,4416,8424,0.16080402010050251,0
FR,RU,3219,5207,0.1507537688442211,0
FR,GI,2806,7514,0.1507537688442211,0
FR,GI,2413,9304,0.1407035175879397,0
FR,GI,2715,5304,0.135678391959799,0
FR,JZ,2412,2706,0.135678391959799,0
FR,LZ,4402,4413,0.1306532663316583,0
FR,BE,5215,5304,0.1306532663316583,0
FR,JZ,3209,5311,0.12060301507537688,0
FR,OQ,7531,8430,0.12060301507537688,0
FR,LZ,2413,5309,0.12060301507537688,0
FR,OQ,2410,4402,0.11557788944723618,0
FR,OQ,4419,7615,0.11055276381909548,0
FR,FZ,8405,8421,0.11055276381909548,0
FR,RU,7617,8402,0.11055276381909548,0
FR,GI,2403,7606,0.11055276381909548,0
FR,MN,1105,8425,0.10552763819095477,0
FR,LZ,4402,7623,0.10050251256281408,0
FR,LZ,2709,7612,0.10050251256281408,0
FR,LZ,1101,5314,0.10050251256281408,0
FR,KZ,2711,8408,0.10050251256281408,0
FR,KZ,8407,8435,0.09547738693467336,0
FR,FZ,5302,8431,0.09547738693467336,0
FR,KZ,7514,8433,0.09547738693467336,0
FR,KZ,4409,7523,0.09547738693467336,0
FR,OQ,2817,61,0.09045226130653267,0
FR,OQ,3221,8403,0.09045226130653267,0
FR,OQ,2406,4421,0.09045226130653267,0
FR,JZ,1111,5309,0.09045226130653267,0
FR,MN,3216,9312,0.09045226130653267,0
FR,RU,3205,5202,0.09045226130653267,0
FR,FZ,5212,9305,0.09045226130653267,0
FR,MN,7501,9318,0.08542713567839195,0
FR,MN,1114,3211,0.08542713567839195,0
FR,FZ,5218,5304,0.08040201005025126,0
FR,MN,7505,8421,0.08040201005025126,0
FR,MN,7510,8417,0.08040201005025126,0
FR,JZ,3203,7505,0.07537688442211055,0
FR,OQ,7606,8406,0.07537688442211055,0
FR,KZ,1112,9318,0.07537688442211055,0
FR,JZ,5312,56,0.07537688442211055,0
FR,KZ,4401,5202,0.07537688442211055,0
FR,BE,1107,2707,0.07035175879396985,0
FR,GI,2413,7517,0.07035175879396985,0
FR,MN,4411,5202,0.07035175879396985,0
FR,RU,4409,4425,0.07035175879396985,0
FR,OQ,2403,54,0.07035175879396985,0
FR,BE,5304,60,0.07035175879396985,0
FR,JZ,1111,7618,0.07035175879396985,0
FR,GI,2410,7618,0.06532663316582915,0
FR,KZ,5206,5315,0.06532663316582915,0
FR,KZ,4419,58,0.06532663316582915,0
FR,OQ,4424,7614,0.06532663316582915,0
FR,RU,5212,7518,0.06030150753768844,0
FR,GI,5207,7610,0.06030150753768844,0
FR,LZ,2711,5217,0.06030150753768844,0
FR,GI,2815,5202,0.06030150753768844,0
FR,FZ,5221,7617,0.06030150753768844,0
FR,OQ,5204,7510,0.06030150753768844,0
FR,GI,4412,7522,0.06030150753768844,0
FR,OQ,4412,4423,0.06030150753768844,0
FR,MN,5315,8409,0.06030150753768844,0
FR,BE,57,8418,0.06030150753768844,0
FR,MN,5309,7503,0.05527638190954774,0
FR,RU,7532,9318,0.05527638190954774,0
FR,GI,7503,8434,0.05527638190954774,0
FR,RU,1114,4407,0.05527638190954774,0
FR,LZ,2806,5201,0.05527638190954774,0
FR,BE,2410,7512,0.05527638190954774,0
FR,JZ,4425,7618,0.05527638190954774,0
FR,GI,2402,4407,0.05025125628140704,0
FR,OQ,5301,7520,0.05025125628140704,0
FR,BE,5209,61,0.05025125628140704,0
FR,GI,3202,5202,0.05025125628140704,0
FR,MN,7526,8401,0.05025125628140704,0
FR,FZ,2816,8425,0.05025125628140704,0
FR,LZ,4404,5208,0.05025125628140704,0
FR,MN,7517,9309,0.05025125628140704,0
FR,KZ,2816,3210,0.05025125628140704,0
FR,RU,54,9307,0.05025125628140704,0
FR,RU,3218,53,0.04522613065326633,0
FR,GI,3210,7531,0.04522613065326633,0
FR,OQ,7625,8407,0.04522613065326633,0
FR,FZ,2718,2808,0.04522613065326633,0
FR,LZ,2404,8404,0.04522613065326633,0
FR,GI,1104,8428,0.04522613065326633,0
FR,KZ,3213,7624,0.04522613065326633,0
FR,MN,7625,8428,0.04522613065326633,0
FR,GI,4410,9305,0.04522613065326633,0
FR,BE,4413,9316,0.04522613065326633,0
FR,BE,5304,5306,0.04522613065326633,0
FR,KZ,2411,5209,0.04522613065326633,0
FR,MN,2712,3210,0.04020100502512563,0
FR,KZ,7601,7624,0.04020100502512563,0
FR,JZ,4422,8423,0.04020100502512563,0
FR,LZ,2718,3202,0.04020100502512563,0
FR,JZ,7523,7621,0.04020100502512563,0
FR,BE,7505,7603,0.04020100502512563,0
FR,FZ,2801,8414,0.04020100502512563,0
FR,MN,7520,9315,0.04020100502512563,0
FR,GI,2819,5204,0.04020100502512563,0
FR,MN,9312,9313,0.04020100502512563,0
FR,JZ,5315,8433,0.04020100502512563,0
FR,BE,5204,8415,0.035175879396984924,0
FR,FZ,1103,3214,0.035175879396984924,0
FR,GI,5301,5313,0.035175879396984924,0
FR,LZ,2405,2810,0.035175879396984924,0
FR,FZ,4422,7511,0.035175879396984924,0
FR,RU,1106,4413,0.035175879396984924,0
FR,KZ,2806,7523,0.035175879396984924,0
FR,MN,3221,7513,0.035175879396984924,0
FR,GI,2714,5210,0.035175879396984924,0
FR,OQ,1109,5315,0.035175879396984924,0
FR,KZ,1105,1113,0.035175879396984924,0
FR,RU,3213,9301,0.035175879396984924,0
FR,MN,1110,2403,0.035175879396984924,0
FR,RU,5303,7615,0.035175879396984924,0
FR,GI,2410,4401,0.03015075376884422,0
FR,OQ,5209,5211,0.03015075376884422,0
FR,KZ,2704,8435,0.03015075376884422,0
FR,KZ,7616,7620,0.03015075376884422,0
FR,BE,7531,7619,0.03015075376884422,0
FR,KZ,3222,9315,0.03015075376884422,0
FR,RU,2706,9306,0.03015075376884422,0
FR,LZ,5217,7503,0.03015075376884422,0
FR,RU,1107,7616,0.03015075376884422,0
FR,GI,1110,7515,0.03015075376884422,0
FR,KZ,3214,60,0.03015075376884422,0
FR,RU,3202,9318,0.03015075376884422,0
FR,OQ,3204,7532,0.03015075376884422,0
FR,LZ,2711,7503,0.03015075376884422,0
FR,MN,5315,8401,0.03015075376884422,0
FR,BE,4403,5204,0.02512562814070352,0
FR,FZ,8433,9312,0.02512562814070352,0
FR,FZ,5210,8402,0.02512562814070352,0
FR,RU,7505,8405,0.02512562814070352,0
FR,BE,3216,8409,0.02512562814070352,0
FR,FZ,4418,8428,0.02512562814070352,0
FR,GI,4418,5207,0.02512562814070352,0
FR,GI,9304,9312,0.02512562814070352,0
FR,FZ,8407,8416,0.02512562814070352,0
FR,LZ,2409,4407,0.02512562814070352,0
FR,MN,1101,1114,0.02512562814070352,0
FR,MN,2815,3213,0.02512562814070352,0
FR,OQ,5203,7625,0.02512562814070352,0
FR,RU,2708,5307,0.02512562814070352,0
FR,MN,3202,9311,0.02512562814070352,0
FR,BE,51,57,0.02512562814070352,0
FR,KZ,2704,8421,0.02512562814070352,0
FR,BE,8405,8416,0.02512562814070352,0
FR,BE,2811,53,0.02512562814070352,0
FR,FZ,3205,54,0.02512562814070352,0
FR,GI,1106,51,0.02512562814070352,0
FR,OQ,4427,5310,0.02512562814070352,0
FR,MN,1106,3211,0.02512562814070352,0
FR,OQ,2817,8420,0.020100502512562814,0
FR,OQ,7525,9315,0.020100502512562814,0
FR,MN,2811,8416,0.020100502512562814,0
FR,BE,7504,7526,0.020100502512562814,0
FR,RU,5214,53,0.020100502512562814,0
FR,JZ,5309,8433,0.020100502512562814,0
FR,BE,2712,3217,0.020100502512562814,0
FR,FZ,1109,1114,0.020100502512562814,0
FR,FZ,4413,7612,0.020100502512562814,0
FR,GI,2413,5202,0.020100502512562814,0
FR,GI,1114,1115,0.020100502512562814,0
FR,JZ,3214,5307,0.020100502512562814,0
FR,LZ,1105,2806,0.020100502512562814,0
FR,FZ,4411,9313,0.020100502512562814,0
FR,JZ,4415,8406,0.020100502512562814,0
FR,BE,7605,8428,0.020100502512562814,0
FR,GI,2815,3205,0.020100502512562814,0
FR,MN,4411,9308,0.020100502512562814,0
FR,MN,1101,1113,0.020100502512562814,0
FR,KZ,4422,9311,0.020100502512562814,0
FR,GI,8402,9317,0.020100502512562814,0
FR,MN,1109,1115,0.020100502512562814,0
FR,GI,1108,5212,0.020100502512562814,0
FR,KZ,4417,5205,0.020100502512562814,0
FR,LZ,5204,9314,0.020100502512562814,0
FR,JZ,2819,5215,0.01507537688442211,0
FR,KZ,3220,4401,0.01507537688442211,0
FR,LZ,8430,9310,0.01507537688442211,0
FR,OQ,4413,7604,0.01507537688442211,0
FR,RU,2409,5216,0.01507537688442211,0
FR,OQ,5302,8421,0.01507537688442211,0
FR,RU,5306,7610,0.01507537688442211,0
FR,KZ,3218,3221,0.01507537688442211,0
FR,RU,2406,2413,0.01507537688442211,0
FR,GI,5302,7517,0.01507537688442211,0
FR,MN,4410,4418,0.01507537688442211,0
FR,RU,1107,7505,0.01507537688442211,0
FR,FZ,2401,3204,0.01507537688442211,0
FR,MN,3216,4423,0.01507537688442211,0
FR,JZ,5309,9310,0.01507537688442211,0
FR,KZ,3218,9317,0.01507537688442211,0
FR,JZ,63,7520,0.01507537688442211,0
FR,LZ,2402,51,0.01507537688442211,0
FR,FZ,4422,7620,0.01507537688442211,0
FR,KZ,64,9304,0.01507537688442211,0
FR,LZ,2410,3205,0.01507537688442211,0
FR,RU,5201,5315,0.01507537688442211,0
FR,FZ,2715,5310,0.01507537688442211,0
FR,JZ,5206,5315,0.01507537688442211,0
FR,KZ,5201,7516,0.01507537688442211,0
FR,KZ,56,7607,0.01507537688442211,0
FR,FZ,4418,9309,0.01507537688442211,0
FR,GI,2815,3202,0.01507537688442211,0
FR,FZ,8406,8408,0.01507537688442211,0
FR,JZ,2403,3206,0.01507537688442211,0
FR,FZ,2819,5311,0.01507537688442211,0
FR,FZ,5302,8405,0.01507537688442211,0
FR,RU,4413,8402,0.01507537688442211,0
FR,JZ,5311,8417,0.01507537688442211,0
FR,LZ,2710,7609,0.01507537688442211,0
FR,RU,2715,9305,0.01507537688442211,0
FR,GI,4411,7520,0.01507537688442211,0
FR,OQ,2408,3222,0.01507537688442211,0
FR,MN,2802,7511,0.01507537688442211,0
FR,KZ,5317,7505,0.01507537688442211,0
FR,FZ,7514,9316,0.010050251256281407,0
FR,KZ,3208,3218,0.010050251256281407,0
FR,OQ,7606,8432,0.010050251256281407,0
FR,JZ,2413,7520,0.010050251256281407,0
FR,BE,8412,8429,0.010050251256281407,0
FR,KZ,2404,7522,0.010050251256281407,0
FR,FZ,7523,9305,0.010050251256281407,0
FR,KZ,3206,7519,0.010050251256281407,0
FR,FZ,1101,5201,0.010050251256281407,0
FR,KZ,2703,8419,0.010050251256281407,0
FR,BE,2403,7603,0.010050251256281407,0
FR,GI,1104,2808,0.010050251256281407,0
FR,OQ,2806,3204,0.010050251256281407,0
FR,OQ,3219,5216,0.010050251256281407,0
FR,RU,4409,5313,0.010050251256281407,0
FR,RU,5202,5216,0.010050251256281407,0
FR,FZ,4423,8402,0.010050251256281407,0
FR,MN,3211,8421,0.010050251256281407,0
FR,KZ,4406,8426,0.010050251256281407,0
FR,OQ,2401,4402,0.010050251256281407,0
FR,MN,3213,5315,0.010050251256281407,0
FR,BE,3216,7612,0.010050251256281407,0
FR,BE,5306,7603,0.010050251256281407,0
FR,MN,3219,4427,0.010050251256281407,0
FR,OQ,5310,5319,0.010050251256281407,0
FR,OQ,1111,9306,0.010050251256281407,0
FR,RU,5313,7616,0.010050251256281407,0
FR,GI,3211,62,0.010050251256281407,0
FR,KZ,3217,5213,0.010050251256281407,0
FR,MN,3202,7618,0.010050251256281407,0
FR,LZ,2413,7623,0.010050251256281407,0
FR,OQ,5212,7608,0.010050251256281407,0
FR,KZ,2701,2717,0.010050251256281407,0
FR,FZ,1113,8407,0.010050251256281407,0
FR,KZ,2806,7509,0.010050251256281407,0
FR,FZ,2413,9318,0.010050251256281407,0
FR,GI,2714,4418,0.010050251256281407,0
FR,JZ,8428,9303,0.010050251256281407,0
FR,MN,7504,8430,0.010050251256281407,0
FR,BE,4425,5301,0.010050251256281407,0
FR,KZ,3208,9317,0.010050251256281407,0
FR,BE,1109,7616,0.010050251256281407,0
FR,JZ,2409,8412,0.010050251256281407,0
FR,MN,2811,5318,0.010050251256281407,0
FR,MN,1106,1113,0.010050251256281407,0
FR,RU,9312,9315,0.010050251256281407,0
FR,RU,5316,7512,0.010050251256281407,0
FR,BE,3205,7625,0.010050251256281407,0
FR,GI,5205,7608,0.010050251256281407,0
FR,GI,4418,7528,0.010050251256281407,0
FR,JZ,4411,7602,0.010050251256281407,0
FR,KZ,3205,4408,0.010050251256281407,0
FR,LZ,2812,4403,0.010050251256281407,0
FR,MN,4411,5201,0.010050251256281407,0
FR,OQ,8407,8410,0.010050251256281407,0
FR,OQ,2401,8402,0.010050251256281407,0
FR,OQ,2709,2717,0.010050251256281407,0
FR,RU,2709,4402,0.010050251256281407,0
FR,RU,3205,9309,0.010050251256281407,0
FR,GI,2703,2805,0.010050251256281407,0
FR,LZ,3210,7617,0.010050251256281407,0
FR,BE,3218,7602,0.010050251256281407,0
FR,GI,2816,5216,0.010050251256281407,0
FR,OQ,2413,3222,0.010050251256281407,0
FR,KZ,2816,8422,0.010050251256281407,0
FR,FZ,4423,8431,0.010050251256281407,0
FR,OQ,5301,9315,0.010050251256281407,0
FR,LZ,1109,9318,0.010050251256281407,0
FR,OQ,3204,63,0.010050251256281407,0
FR,OQ,4409,8433,0.010050251256281407,0
FR,BE,2807,7522,0.005025125628140704,0
FR,FZ,1112,8409,0.005025125628140704,0
FR,KZ,1106,1114,0.005025125628140704,0
FR,KZ,5219,7609,0.005025125628140704,0
FR,LZ,2415,5308,0.005025125628140704,0
FR,RU,7603,9304,0.005025125628140704,0
FR,MN,4427,8434,0.005025125628140704,0
FR,JZ,5315,8422,0.005025125628140704,0
FR,MN,3211,7505,0.005025125628140704,0
FR,KZ,2407,7523,0.005025125628140704,0
FR,LZ,3202,8419,0.005025125628140704,0
FR,LZ,1115,2706,0.005025125628140704,0
FR,OQ,4420,8433,0.005025125628140704,0
FR,FZ,3214,8434,0.005025125628140704,0
FR,JZ,3214,8423,0.005025125628140704,0
FR,KZ,7522,9316,0.005025125628140704,0
FR,LZ,4418,8425,0.005025125628140704,0
FR,LZ,61,9308,0.005025125628140704,0
FR,LZ,7512,7525,0.005025125628140704,0
FR,MN,2810,5216,0.005025125628140704,0
FR,MN,5318,7623,0.005025125628140704,0
FR,OQ,2713,4415,0.005025125628140704,0
FR,RU,5207,9306,0.005025125628140704,0
FR,MN,7522,7601,0.005025125628140704,0
FR,GI,5202,7512,0.005025125628140704,0
FR,BE,2707,3210,0.005025125628140704,0
FR,FZ,4422,7510,0.005025125628140704,0
FR,LZ,2707,9315,0.005025125628140704,0
FR,KZ,4422,9315,0.005025125628140704,0
FR,OQ,3216,3218,0.005025125628140704,0
FR,FZ,5306,5315,0.005025125628140704,0
FR,FZ,4405,5319,0.005025125628140704,0
FR,GI,2809,7617,0.005025125628140704,0
FR,KZ,4406,7618,0.005025125628140704,0
FR,MN,1106,1109,0.005025125628140704,0
FR,BE,1113,8428,0.005025125628140704,0
FR,LZ,3222,5305,0.005025125628140704,0
FR,RU,2814,2816,0.005025125628140704,0
FR,MN,3207,7625,0.005025125628140704,0
FR,FZ,2701,9314,0.005025125628140704,0
FR,GI,2804,7618,0.005025125628140704,0
FR,FZ,1109,1112,0.005025125628140704,0
FR,BE,2803,5211,0.005025125628140704,0
FR,JZ,2408,8401,0.005025125628140704,0
FR,JZ,5309,7618,0.005025125628140704,0
FR,FZ,1115,2808,0.005025125628140704,0
FR,KZ,4412,60,0.005025125628140704,0
FR,OQ,2807,3213,0.005025125628140704,0
FR,FZ,7524,8422,0.005025125628140704,0
FR,BE,4411,8405,0.005025125628140704,0
FR,FZ,2718,3208,0.005025125628140704,0
FR,GI,2402,2707,0.005025125628140704,0
FR,LZ,4404,5211,0.005025125628140704,0
FR,FZ,2711,8414,0.005025125628140704,0
FR,GI,2714,5207,0.005025125628140704,0
FR,MN,1115,9311,0.005025125628140704,0
FR,KZ,2813,4420,0.005025125628140704,0
FR,BE,1113,2705,0.005025125628140704,0
FR,FZ,5315,9301,0.005025125628140704,0
FR,MN,2716,8427,0.005025125628140704,0
FR,OQ,3216,5212,0.005025125628140704,0
FR,KZ,8401,9312,0.005025125628140704,0
FR,GI,4425,8428,0.005025125628140704,0
FR,JZ,1104,2702,0.005025125628140704,0
FR,KZ,4409,7515,0.005025125628140704,0
FR,OQ,2708,3212,0.005025125628140704,0
FR,RU,2804,8405,0.005025125628140704,0
FR,RU,2708,7622,0.005025125628140704,0
FR,FZ,5212,5216,0.005025125628140704,0
FR,BE,4408,5315,0.005025125628140704,0
FR,JZ,4421,55,0.005025125628140704,0
FR,KZ,2413,8411,0.005025125628140704,0
FR,LZ,3206,7612,0.005025125628140704,0
FR,MN,5214,8428,0.005025125628140704,0
FR,MN,8401,9306,0.005025125628140704,0
FR,FZ,54,9316,0.005025125628140704,0
FR,OQ,1104,8403,0.005025125628140704,0
FR,GI,2818,7521,0.005025125628140704,0
FR,KZ,4422,5305,0.005025125628140704,0
FR,FZ,1109,8418,0.005025125628140704,0
FR,BE,2817,5303,0.005025125628140704,0
FR,FZ,7527,8403,0.005025125628140704,0
FR,GI,5318,8422,0.005025125628140704,0
FR,JZ,2409,5203,0.005025125628140704,0
FR,LZ,7620,9310,0.005025125628140704,0
FR,OQ,3208,5305,0.005025125628140704,0
FR,FZ,2708,8401,0.005025125628140704,0
FR,JZ,3216,4425,0.005025125628140704,0
FR,MN,7618,9301,0.005025125628140704,0
FR,FZ,5216,7510,0.005025125628140704,0
FR,MN,5318,9304,0.005025125628140704,0
FR,BE,7613,8420,0.005025125628140704,0
FR,FZ,1109,2809,0.005025125628140704,0
FR,KZ,5211,9315,0.005025125628140704,0
FR,LZ,1105,7522,0.005025125628140704,0
FR,LZ,7609,9309,0.005025125628140704,0
FR,MN,2717,55,0.005025125628140704,0
FR,FZ,7510,7612,0.005025125628140704,0
FR,JZ,2408,3201,0.005025125628140704,0
FR,GI,2703,4423,0.005025125628140704,0
FR,FZ,5302,8402,0.005025125628140704,0
FR,KZ,2412,9309,0.005025125628140704,0
FR,MN,5315,7616,0.005025125628140704,0
FR,FZ,1104,1108,0.005025125628140704,0
FR,FZ,4422,9309,0.005025125628140704,0
FR,LZ,2817,5312,0.005025125628140704,0
FR,RU,4424,8418,0.005025125628140704,0
FR,RU,51,8413,0.005025125628140704,0
FR,BE,3219,7615,0.005025125628140704,0
FR,LZ,2706,7526,0.005025125628140704,0
FR,MN,1112,9311,0.005025125628140704,0
FR,FZ,1106,8415,0.005025125628140704,0
FR,LZ,1103,2810,0.005025125628140704,0
FR,BE,4420,7520,0.005025125628140704,0
FR,KZ,2707,4410,0.005025125628140704,0
FR,LZ,1112,2814,0.005025125628140704,0
FR,JZ,2707,8427,0.005025125628140704,0
FR,FZ,4405,7620,0.005025125628140704,0
FR,GI,4410,4418,0.005025125628140704,0
FR,GI,2413,9301,0.005025125628140704,0
FR,JZ,4411,8422,0.005025125628140704,0
FR,JZ,3210,7616,0.005025125628140704,0
FR,KZ,1110,9316,0.005025125628140704,0
FR,LZ,5217,5302,0.005025125628140704,0
FR,RU,2811,7618,0.005025125628140704,0
FR,RU,2814,60,0.005025125628140704,0
FR,GI,53,7603,0.005025125628140704,0
FR,LZ,8419,8421,0.005025125628140704,0
FR,JZ,2818,8401,0.005025125628140704,0
FR,MN,4417,7614,0.005025125628140704,0
FR,OQ,64,8432,0.005025125628140704,0
FR,LZ,2410,9311,0.005025125628140704,0
FR,BE,7607,7613,0.005025125628140704,0
FR,OQ,3202,7524,0.005025125628140704,0
FR,OQ,5304,58,0.005025125628140704,0
FR,MN,64,7622,0.005025125628140704,0
FR,FZ,4416,9301,0.005025125628140704,0
FR,GI,2413,7512,0.005025125628140704,0
FR,MN,2716,7523,0.005025125628140704,0
FR,BE,51,5306,0.005025125628140704,0
FR,KZ,2803,8425,0.005025125628140704,0
FR,LZ,1115,4401,0.005025125628140704,0
FR,LZ,53,60,0.005025125628140704,0
FR,MN,7623,9304,0.005025125628140704,0
FR,GI,4418,5210,0.005025125628140704,0
FR,BE,2403,9316,0.005025125628140704,0
FR,BE,8406,9312,0.005025125628140704,0
FR,FZ,2804,5302,0.005025125628140704,0
FR,FZ,5316,7620,0.005025125628140704,0
FR,GI,7510,8428,0.005025125628140704,0
FR,JZ,7520,9303,0.005025125628140704,0
FR,JZ,2804,5309,0.005025125628140704,0
FR,JZ,5219,8435,0.005025125628140704,0
FR,JZ,5206,8424,0.005025125628140704,0
FR,KZ,1115,4423,0.005025125628140704,0
FR,KZ,5209,9309,0.005025125628140704,0
FR,MN,3204,8419,0.005025125628140704,0
FR,MN,2807,5201,0.005025125628140704,0
FR,MN,5313,7620,0.005025125628140704,0
FR,OQ,8408,9312,0.005025125628140704,0
FR,OQ,3216,4424,0.005025125628140704,0
FR,RU,4407,7625,0.005025125628140704,0
NL,FZ,CR23,CR29,1.0,1
NL,JZ,CR11,CR12,1.0,1
NL,GI,CR15,CR36,0.9949748743718593,1
NL,JZ,CR26,CR36,0.9949748743718593,1
NL,JZ,CR12,CR39,0.9246231155778895,1
NL,MN,CR07,CR13,0.9095477386934674,1
NL,KZ,CR29,CR33,0.8894472361809045,1
NL,OQ,CR21,CR37,0.8793969849246231,1
NL,GI,CR15,CR34,0.8341708542713567,1
NL,KZ,CR25,CR30,0.8241206030150754,1
NL,RU,CR07,CR11,0.8241206030150754,1
NL,BE,CR13,CR34,0.8190954773869347,1
NL,RU,CR13,CR30,0.8140703517587939,1
NL,FZ,CR24,CR35,0.8090452261306532,1
NL,LZ,CR08,CR21,0.8090452261306532,1
NL,KZ,CR08,CR11,0.7939698492462312,1
NL,GI,CR10,CR34,0.7688442211055276,1
NL,FZ,CR13,CR36,0.7537688442211056,1
NL,GI,CR25,CR40,0.7286432160804021,1
NL,OQ,CR17,CR23,0.6984924623115578,0
NL,LZ,CR27,CR33,0.6884422110552764,0
NL,RU,CR20,CR31,0.6582914572864321,0
NL,LZ,CR12,CR17,0.6381909547738693,0
NL,KZ,CR14,CR25,0.6180904522613065,0
NL,MN,CR26,CR29,0.6130653266331658,0
NL,JZ,CR10,CR38,0.592964824120603,0
NL,RU,CR04,CR07,0.5829145728643216,0
NL,OQ,CR23,CR24,0.5728643216080402,0
NL,BE,CR26,CR29,0.5276381909547738,0
NL,OQ,CR15,CR30,0.5025125628140703,0
NL,OQ,CR25,CR38,0.49748743718592964,0
NL,MN,CR03,CR36,0.4723618090452261,0
NL,RU,CR29,CR33,0.46733668341708545,0
NL,MN,CR03,CR34,0.4623115577889447,0
NL,GI,CR34,CR36,0.44221105527638194,0
NL,MN,CR07,CR12,0.44221105527638194,0
NL,BE,CR17,CR35,0.4321608040201005,0
NL,FZ,CR12,CR13,0.4271356783919598,0
NL,FZ,CR22,CR23,0.41708542713567837,0
NL,LZ,CR15,CR29,0.41708542713567837,0
NL,BE,CR14,CR21,0.38190954773869346,0
NL,JZ,CR30,CR38,0.38190954773869346,0
NL,OQ,CR22,CR40,0.37185929648241206,0
NL,JZ,CR29,CR33,0.36683417085427134,0
NL,KZ,CR13,CR29,0.35175879396984927,0
NL,BE,CR20,CR32,0.34673366834170855,0
NL,OQ,CR26,CR29,0.34673366834170855,0
NL,OQ,CR17,CR29,0.3417085427135678,0
NL,BE,CR17,CR23,0.3065326633165829,0
NL,GI,CR24,CR32,0.3015075376884422,0
NL,KZ,CR15,CR34,0.3015075376884422,0
NL,GI,CR03,CR10,0.2914572864321608,0
NL,RU,CR33,CR36,0.2914572864321608,0
NL,MN,CR03,CR29,0.2864321608040201,0
NL,BE,CR24,CR26,0.2814070351758794,0
NL,KZ,CR29,CR34,0.2663316582914573,0
NL,BE,CR03,CR23,0.2663316582914573,0
NL,RU,CR15,CR36,0.2663316582914573,0
NL,FZ,CR23,CR34,0.2613065326633166,0
NL,LZ,CR16,CR34,0.25125628140703515,0
NL,BE,CR13,CR31,0.25125628140703515,0
NL,JZ,CR11,CR39,0.24623115577889448,0
NL,LZ,CR07,CR29,0.24623115577889448,0
NL,FZ,CR25,CR33,0.24120603015075376,0
NL,MN,CR29,CR34,0.23618090452261306,0
NL,RU,CR24,CR40,0.22110552763819097,0
NL,KZ,CR07,CR14,0.22110552763819097,0
NL,LZ,CR24,CR25,0.21608040201005024,0
NL,BE,CR21,CR23,0.21105527638190955,0
NL,JZ,CR26,CR39,0.20100502512562815,0
NL,LZ,CR21,CR32,0.19597989949748743,0
NL,MN,CR13,CR34,0.19095477386934673,0
NL,RU,CR36,CR39,0.18592964824120603,0
NL,MN,CR07,CR34,0.18090452261306533,0
NL,MN,CR20,CR26,0.18090452261306533,0
NL,LZ,CR16,CR24,0.17587939698492464,0
NL,OQ,CR07,CR10,0.1708542713567839,0
NL,BE,CR07,CR39,0.1658291457286432,0
NL,FZ,CR22,CR34,0.1658291457286432,0
NL,GI,CR25,CR34,0.16080402010050251,0
NL,MN,CR17,CR23,0.16080402010050251,0
NL,FZ,CR35,CR36,0.15577889447236182,0
NL,BE,CR05,CR15,0.1507537688442211,0
NL,LZ,CR24,CR34,0.1507537688442211,0
NL,RU,CR19,CR20,0.1457286432160804,0
NL,KZ,CR19,CR37,0.135678391959799,0
NL,KZ,CR15,CR40,0.1306532663316583,0
NL,GI,CR03,CR40,0.12562814070351758,0
NL,OQ,CR23,CR29,0.12562814070351758,0
NL,LZ,CR15,CR34,0.12060301507537688,0
NL,KZ,CR11,CR38,0.12060301507537688,0
NL,LZ,CR25,CR34,0.12060301507537688,0
NL,FZ,CR04,CR22,0.11557788944723618,0
NL,LZ,CR01,CR33,0.11557788944723618,0
NL,FZ,CR28,CR35,0.10552763819095477,0
NL,MN,CR29,CR40,0.10552763819095477,0
NL,FZ,CR29,CR32,0.10050251256281408,0
NL,OQ,CR35,CR38,0.10050251256281408,0
NL,RU,CR15,CR38,0.10050251256281408,0
NL,FZ,CR26,CR29,0.10050251256281408,0
NL,BE,CR02,CR32,0.09045226130653267,0
NL,KZ,CR04,CR36,0.09045226130653267,0
NL,MN,CR15,CR27,0.08542713567839195,0
NL,BE,CR22,CR23,0.08542713567839195,0
NL,BE,CR24,CR34,0.08542713567839195,0
NL,BE,CR25,CR36,0.08040201005025126,0
NL,LZ,CR27,CR36,0.07537688442211055,0
NL,RU,CR09,CR13,0.07537688442211055,0
NL,OQ,CR25,CR35,0.07537688442211055,0
NL,KZ,CR18,CR34,0.07537688442211055,0
NL,BE,CR34,CR35,0.07537688442211055,0
NL,MN,CR17,CR40,0.07035175879396985,0
NL,LZ,CR14,CR35,0.06532663316582915,0
NL,LZ,CR13,CR17,0.06532663316582915,0
NL,RU,CR23,CR25,0.06532663316582915,0
NL,GI,CR26,CR29,0.06532663316582915,0
NL,GI,CR35,CR36,0.06030150753768844,0
NL,MN,CR25,CR35,0.06030150753768844,0
NL,LZ,CR03,CR30,0.06030150753768844,0
NL,LZ,CR04,CR37,0.06030150753768844,0
NL,MN,CR17,CR25,0.06030150753768844,0
NL,JZ,CR05,CR23,0.06030150753768844,0
NL,LZ,CR08,CR36,0.06030150753768844,0
NL,FZ,CR17,CR25,0.05527638190954774,0
NL,MN,CR22,CR26,0.05527638190954774,0
NL,BE,CR20,CR22,0.05527638190954774,0
NL,RU,CR30,CR37,0.05527638190954774,0
NL,BE,CR10,CR33,0.05025125628140704,0
NL,GI,CR10,CR33,0.05025125628140704,0
NL,FZ,CR13,CR35,0.05025125628140704,0
NL,OQ,CR09,CR22,0.04522613065326633,0
NL,MN,CR13,CR29,0.04522613065326633,0
NL,MN,CR07,CR29,0.04522613065326633,0
NL,LZ,CR15,CR25,0.04522613065326633,0
NL,RU,CR08,CR29,0.04522613065326633,0
NL,LZ,CR16,CR25,0.04522613065326633,0
NL,MN,CR12,CR34,0.04522613065326633,0
NL,GI,CR34,CR40,0.04020100502512563,0
NL,RU,CR11,CR37,0.04020100502512563,0
NL,LZ,CR17,CR39,0.04020100502512563,0
NL,JZ,CR12,CR19,0.04020100502512563,0
NL,JZ,CR05,CR39,0.04020100502512563,0
NL,MN,CR03,CR13,0.04020100502512563,0
NL,JZ,CR35,CR39,0.035175879396984924,0
NL,BE,CR13,CR29,0.035175879396984924,0
NL,LZ,CR24,CR28,0.035175879396984924,0
NL,GI,CR15,CR40,0.035175879396984924,0
NL,OQ,CR12,CR30,0.035175879396984924,0
NL,OQ,CR14,CR34,0.035175879396984924,0
NL,JZ,CR19,CR39,0.035175879396984924,0
NL,KZ,CR04,CR32,0.035175879396984924,0
NL,MN,CR13,CR26,0.035175879396984924,0
NL,LZ,CR18,CR27,0.035175879396984924,0
NL,MN,CR03,CR25,0.03015075376884422,0
NL,BE,CR24,CR31,0.03015075376884422,0
NL,KZ,CR14,CR30,0.03015075376884422,0
NL,LZ,CR23,CR24,0.03015075376884422,0
NL,BE,CR18,CR22,0.03015075376884422,0
NL,LZ,CR05,CR29,0.03015075376884422,0
NL,FZ,CR28,CR33,0.03015075376884422,0
NL,RU,CR21,CR25,0.03015075376884422,0
NL,FZ,CR04,CR23,0.03015075376884422,0
NL,OQ,CR24,CR38,0.02512562814070352,0
NL,GI,CR03,CR17,0.02512562814070352,0
NL,BE,CR02,CR16,0.02512562814070352,0
NL,BE,CR24,CR33,0.02512562814070352,0
NL,FZ,CR17,CR27,0.02512562814070352,0
NL,BE,CR14,CR26,0.02512562814070352,0
NL,JZ,CR11,CR19,0.02512562814070352,0
NL,RU,CR15,CR30,0.02512562814070352,0
NL,LZ,CR25,CR35,0.02512562814070352,0
NL,GI,CR16,CR21,0.02512562814070352,0
NL,LZ,CR01,CR04,0.02512562814070352,0
NL,OQ,CR25,CR29,0.020100502512562814,0
NL,RU,CR08,CR26,0.020100502512562814,0
NL,BE,CR21,CR29,0.020100502512562814,0
NL,MN,CR16,CR17,0.020100502512562814,0
NL,MN,CR07,CR33,0.020100502512562814,0
NL,MN,CR14,CR31,0.020100502512562814,0
NL,FZ,CR33,CR35,0.020100502512562814,0
NL,FZ,CR05,CR36,0.020100502512562814,0
NL,LZ,CR07,CR22,0.020100502512562814,0
NL,FZ,CR15,CR28,0.01507537688442211,0
NL,BE,CR29,CR31,0.01507537688442211,0
NL,JZ,CR13,CR39,0.01507537688442211,0
NL,MN,CR29,CR36,0.01507537688442211,0
NL,KZ,CR11,CR31,0.01507537688442211,0
NL,RU,CR25,CR29,0.01507537688442211,0
NL,GI,CR23,CR26,0.01507537688442211,0
NL,OQ,CR20,CR28,0.01507537688442211,0
NL,OQ,CR29,CR40,0.01507537688442211,0
NL,KZ,CR13,CR15,0.01507537688442211,0
NL,LZ,CR26,CR33,0.01507537688442211,0
NL,LZ,CR16,CR23,0.01507537688442211,0
NL,LZ,CR18,CR21,0.01507537688442211,0
NL,OQ,CR15,CR36,0.01507537688442211,0
NL,BE,CR02,CR20,0.01507537688442211,0
NL,LZ,CR12,CR35,0.01507537688442211,0
NL,FZ,CR28,CR30,0.01507537688442211,0
NL,JZ,CR19,CR29,0.01507537688442211,0
NL,BE,CR16,CR36,0.01507537688442211,0
NL,MN,CR20,CR22,0.01507537688442211,0
NL,GI,CR03,CR15,0.010050251256281407,0
NL,KZ,CR26,CR30,0.010050251256281407,0
NL,LZ,CR12,CR27,0.010050251256281407,0
NL,FZ,CR03,CR33,0.010050251256281407,0
NL,KZ,CR30,CR38,0.010050251256281407,0
NL,MN,CR12,CR33,0.010050251256281407,0
NL,OQ,CR03,CR14,0.010050251256281407,0
NL,FZ,CR13,CR24,0.010050251256281407,0
NL,BE,CR29,CR34,0.010050251256281407,0
NL,OQ,CR12,CR15,0.010050251256281407,0
NL,KZ,CR15,CR29,0.010050251256281407,0
NL,LZ,CR21,CR27,0.010050251256281407,0
NL,MN,CR04,CR34,0.010050251256281407,0
NL,RU,CR15,CR33,0.010050251256281407,0
NL,MN,CR21,CR28,0.010050251256281407,0
NL,LZ,CR29,CR35,0.010050251256281407,0
NL,OQ,CR10,CR22,0.010050251256281407,0
NL,BE,CR16,CR33,0.010050251256281407,0
NL,FZ,CR06,CR36,0.010050251256281407,0
NL,BE,CR03,CR21,0.010050251256281407,0
NL,FZ,CR06,CR24,0.010050251256281407,0
NL,KZ,CR08,CR38,0.010050251256281407,0
NL,MN,CR17,CR29,0.010050251256281407,0
NL,KZ,CR31,CR37,0.010050251256281407,0
NL,BE,CR29,CR37,0.010050251256281407,0
NL,LZ,CR01,CR27,0.010050251256281407,0
NL,RU,CR28,CR40,0.010050251256281407,0
NL,FZ,CR04,CR05,0.005025125628140704,0
NL,MN,CR03,CR17,0.005025125628140704,0
NL,GI,CR10,CR40,0.005025125628140704,0
NL,BE,CR24,CR36,0.005025125628140704,0
NL,GI,CR05,CR10,0.005025125628140704,0
NL,LZ,CR09,CR26,0.005025125628140704,0
NL,BE,CR01,CR14,0.005025125628140704,0
NL,LZ,CR30,CR39,0.005025125628140704,0
NL,OQ,CR18,CR20,0.005025125628140704,0
NL,OQ,CR13,CR17,0.005025125628140704,0
NL,BE,CR03,CR17,0.005025125628140704,0
NL,OQ,CR35,CR37,0.005025125628140704,0
NL,KZ,CR15,CR18,0.005025125628140704,0
NL,RU,CR34,CR38,0.005025125628140704,0
NL,BE,CR21,CR30,0.005025125628140704,0
NL,JZ,CR10,CR14,0.005025125628140704,0
NL,JZ,CR08,CR29,0.005025125628140704,0
NL,MN,CR07,CR14,0.005025125628140704,0
NL,BE,CR13,CR15,0.005025125628140704,0
NL,JZ,CR12,CR36,0.005025125628140704,0
NL,MN,CR13,CR27,0.005025125628140704,0
NL,RU,CR19,CR31,0.005025125628140704,0
NL,BE,CR20,CR23,0.005025125628140704,0
NL,FZ,CR24,CR36,0.005025125628140704,0
NL,FZ,CR25,CR27,0.005025125628140704,0
NL,MN,CR12,CR16,0.005025125628140704,0
NL,OQ,CR23,CR26,0.005025125628140704,0
NL,OQ,CR33,CR40,0.005025125628140704,0
NL,FZ,CR03,CR28,0.005025125628140704,0
NL,OQ,CR15,CR40,0.005025125628140704,0
NL,BE,CR20,CR39,0.005025125628140704,0
NL,MN,CR21,CR35,0.005025125628140704,0
NL,OQ,CR26,CR40,0.005025125628140704,0
NL,OQ,CR03,CR22,0.005025125628140704,0
NL,BE,CR03,CR18,0.005025125628140704,0
NL,OQ,CR03,CR10,0.005025125628140704,0
NL,OQ,CR09,CR27,0.005025125628140704,0
NL,FZ,CR15,CR27,0.005025125628140704,0
NL,GI,CR15,CR35,0.005025125628140704,0
NL,RU,CR29,CR36,0.005025125628140704,0
NL,LZ,CR21,CR33,0.005025125628140704,0
NL,RU,CR05,CR40,0.005025125628140704,0
NL,OQ,CR24,CR35,0.005025125628140704,0
NL,LZ,CR07,CR15,0.005025125628140704,0
NL,LZ,CR17,CR30,0.005025125628140704,0
NL,GI,CR05,CR35,0.005025125628140704,0
NL,MN,CR33,CR34,0.005025125628140704,0
NL,BE,CR01,CR32,0.005025125628140704,0
NL,FZ,CR15,CR30,0.005025125628140704,0
NL,JZ,CR10,CR30,0.005025125628140704,0
NL,KZ,CR02,CR16,0.005025125628140704,0
NL,LZ,CR32,CR39,0.005025125628140704,0
NL,RU,CR28,CR30,0.005025125628140704,0
NL,JZ,CR05,CR36,0.005025125628140704,0
NL,KZ,CR33,CR34,0.005025125628140704,0
NL,FZ,CR05,CR22,0.005025125628140704,0
NL,RU,CR17,CR18,0.005025125628140704,0
NL,KZ,CR15,CR36,0.005025125628140704,0
NL,BE,CR01,CR11,0.005025125628140704,0
NL,MN,CR30,CR34,0.005025125628140704,0
NL,MN,CR29,CR39,0.005025125628140704,0
NL,OQ,CR22,CR25,0.005025125628140704,0
NL,OQ,CR25,CR26,0.005025125628140704,0
NL,OQ,CR15,CR33,0.005025125628140704,0
NL,RU,CR30,CR36,0.005025125628140704,0
NL,MN,CR16,CR38,0.005025125628140704,0
NL,KZ,CR28,CR39,0.005025125628140704,0
NL,RU,CR30,CR38,0.005025125628140704,0
NL,KZ,CR27,CR28,0.005025125628140704,0
NL,MN,CR03,CR30,0.005025125628140704,0
NL,OQ,CR29,CR33,0.005025125628140704,0
NL,FZ,CR24,CR28,0.005025125628140704,0
NL,BE,CR31,CR34,0.005025125628140704,0
NL,LZ,CR09,CR31,0.005025125628140704,0
NL,OQ,CR36,CR40,0.005025125628140704,0
NL,BE,CR23,CR35,0.005025125628140704,0
NL,FZ,CR04,CR34,0.005025125628140704,0
NL,GI,CR29,CR33,0.005025125628140704,0
NL,KZ,CR24,CR36,0.005025125628140704,0
NL,MN,CR15,CR17,0.005025125628140704,0
NL,RU,CR21,CR29,0.005025125628140704,0
NL,RU,CR23,CR29,0.005025125628140704,0
PT,FZ,PT_11D,PT_11E,1.0,1
PT,JZ,PT_16B,PT_16E,1.0,1
PT,OQ,PT_170,PT_186,1.0,1
PT,MN,PT_16B,PT_16F,0.9949748743718593,1
PT,JZ,PT_11A,PT_170,0.9899497487437185,1
PT,RU,PT_11A,PT_16D,0.9899497487437185,1
PT,LZ,PT_111,PT_200,0.9849246231155779,1
PT,JZ,PT_11C,PT_16B,0.9748743718592965,1
PT,BE,PT_112,PT_170,0.964824120603015,1
PT,GI,PT_11B,PT_11E,0.9597989949748744,1
PT,BE,PT_11D,PT_11E,0.9396984924623115,1
PT,MN,PT_16D,PT_16F,0.9346733668341709,1
PT,GI,PT_16D,PT_16E,0.9246231155778895,1
PT,BE,PT_16E,PT_185,0.8994974874371859,1
PT,LZ,PT_112,PT_11A,0.8894472361809045,1
PT,LZ,PT_112,PT_200,0.8844221105527639,1
PT,OQ,PT_16E,PT_184,0.8793969849246231,1
PT,JZ,PT_16B,PT_184,0.8241206030150754,1
PT,OQ,PT_11C,PT_16E,0.7839195979899497,1
PT,FZ,PT_111,PT_11D,0.7587939698492462,1
PT,LZ,PT_150,PT_200,0.7236180904522613,1
PT,BE,PT_11A,PT_170,0.7185929648241206,1
PT,RU,PT_111,PT_170,0.628140703517588,0
PT,FZ,PT_111,PT_16B,0.6180904522613065,0
PT,MN,PT_16B,PT_16D,0.6080402010050251,0
PT,RU,PT_16E,PT_300,0.6030150753768844,0
PT,GI,PT_16J,PT_184,0.5577889447236181,0
PT,RU,PT_16B,PT_16J,0.5577889447236181,0
PT,OQ,PT_119,PT_16D,0.5326633165829145,0
PT,LZ,PT_16I,PT_185,0.5326633165829145,0
PT,GI,PT_11B,PT_16J,0.5276381909547738,0
PT,MN,PT_16B,PT_16I,0.5125628140703518,0
PT,FZ,PT_11D,PT_16J,0.5125628140703518,0
PT,MN,PT_150,PT_170,0.49748743718592964,0
PT,MN,PT_150,PT_185,0.4824120603015075,0
PT,BE,PT_11B,PT_16J,0.47738693467336685,0
PT,RU,PT_112,PT_170,0.4723618090452261,0
PT,MN,PT_16E,PT_170,0.44221105527638194,0
PT,RU,PT_11A,PT_170,0.4371859296482412,0
PT,GI,PT_11B,PT_11D,0.4120603015075377,0
PT,JZ,PT_11C,PT_16E,0.3969849246231156,0
PT,LZ,PT_150,PT_170,0.39195979899497485,0
PT,GI,PT_112,PT_11A,0.3869346733668342,0
PT,OQ,PT_11D,PT_16G,0.36180904522613067,0
PT,GI,PT_11D,PT_11E,0.35678391959798994,0
PT,RU,PT_119,PT_16D,0.3417085427135678,0
PT,RU,PT_111,PT_150,0.33668341708542715,0
PT,GI,PT_112,PT_11C,0.32663316582914576,0
PT,FZ,PT_11B,PT_11D,0.32160804020100503,0
PT,OQ,PT_11A,PT_16F,0.3015075376884422,0
PT,FZ,PT_111,PT_11E,0.2964824120603015,0
PT,FZ,PT_11B,PT_11E,0.2914572864321608,0
PT,OQ,PT_11C,PT_184,0.271356783919598,0
PT,MN,PT_170,PT_185,0.24120603015075376,0
PT,JZ,PT_16E,PT_187,0.22613065326633167,0
PT,BE,PT_112,PT_11A,0.21608040201005024,0
PT,BE,PT_16E,PT_16F,0.20603015075376885,0
PT,BE,PT_16B,PT_16D,0.20100502512562815,0
PT,FZ,PT_11A,PT_11C,0.19597989949748743,0
PT,FZ,PT_16B,PT_185,0.19597989949748743,0
PT,FZ,PT_181,PT_200,0.18592964824120603,0
PT,JZ,PT_16E,PT_184,0.17587939698492464,0
PT,JZ,PT_112,PT_16F,0.1708542713567839,0
PT,OQ,PT_16E,PT_16F,0.1658291457286432,0
PT,RU,PT_112,PT_11A,0.16080402010050251,0
PT,OQ,PT_119,PT_16F,0.16080402010050251,0
PT,LZ,PT_11C,PT_170,0.135678391959799,0
PT,OQ,PT_11E,PT_16J,0.11557788944723618,0
PT,RU,PT_11D,PT_11E,0.11557788944723618,0
PT,OQ,PT_119,PT_11C,0.10552763819095477,0
PT,GI,PT_16J,PT_200,0.10552763819095477,0
PT,LZ,PT_111,PT_112,0.10552763819095477,0
PT,FZ,PT_16B,PT_187,0.10552763819095477,0
PT,MN,PT_16F,PT_16I,0.10552763819095477,0
PT,GI,PT_11A,PT_16D,0.09547738693467336,0
PT,BE,PT_11B,PT_150,0.09045226130653267,0
PT,GI,PT_11E,PT_16J,0.09045226130653267,0
PT,BE,PT_16F,PT_16G,0.08040201005025126,0
PT,RU,PT_119,PT_11C,0.07537688442211055,0
PT,FZ,PT_11E,PT_16J,0.07537688442211055,0
PT,BE,PT_119,PT_11A,0.07537688442211055,0
PT,FZ,PT_16G,PT_187,0.07035175879396985,0
PT,MN,PT_16B,PT_200,0.07035175879396985,0
PT,LZ,PT_112,PT_170,0.06532663316582915,0
PT,LZ,PT_11A,PT_170,0.06532663316582915,0
PT,FZ,PT_111,PT_300,0.06532663316582915,0
PT,OQ,PT_119,PT_186,0.06030150753768844,0
PT,JZ,PT_11C,PT_16I,0.06030150753768844,0
PT,LZ,PT_16F,PT_200,0.05527638190954774,0
PT,FZ,PT_16G,PT_185,0.05527638190954774,0
PT,LZ,PT_170,PT_185,0.05527638190954774,0
PT,JZ,PT_150,PT_16D,0.05527638190954774,0
PT,OQ,PT_119,PT_16B,0.05527638190954774,0
PT,GI,PT_11D,PT_16J,0.05527638190954774,0
PT,FZ,PT_111,PT_200,0.05025125628140704,0
PT,RU,PT_16F,PT_300,0.05025125628140704,0
PT,FZ,PT_16D,PT_300,0.04020100502512563,0
PT,OQ,PT_16D,PT_184,0.04020100502512563,0
PT,GI,PT_16F,PT_16I,0.035175879396984924,0
PT,LZ,PT_112,PT_150,0.035175879396984924,0
PT,FZ,PT_111,PT_187,0.035175879396984924,0
PT,BE,PT_150,PT_170,0.035175879396984924,0
PT,BE,PT_16E,PT_16I,0.03015075376884422,0
PT,JZ,PT_16D,PT_16G,0.03015075376884422,0
PT,GI,PT_184,PT_200,0.03015075376884422,0
PT,OQ,PT_11A,PT_16D,0.03015075376884422,0
PT,RU,PT_11A,PT_16B,0.03015075376884422,0
PT,RU,PT_16E,PT_170,0.02512562814070352,0
PT,FZ,PT_16F,PT_16I,0.02512562814070352,0
PT,RU,PT_16D,PT_185,0.02512562814070352,0
PT,FZ,PT_11C,PT_185,0.02512562814070352,0
PT,BE,PT_16D,PT_16E,0.02512562814070352,0
PT,RU,PT_150,PT_170,0.02512562814070352,0
PT,GI,PT_16B,PT_300,0.02512562814070352,0
PT,JZ,PT_11E,PT_184,0.02512562814070352,0
PT,LZ,PT_16G,PT_186,0.02512562814070352,0
PT,GI,PT_112,PT_16J,0.02512562814070352,0
PT,RU,PT_111,PT_112,0.020100502512562814,0
PT,GI,PT_11A,PT_170,0.020100502512562814,0
PT,MN,PT_16D,PT_300,0.020100502512562814,0
PT,JZ,PT_16H,PT_187,0.020100502512562814,0
PT,JZ,PT_112,PT_11E,0.020100502512562814,0
PT,OQ,PT_119,PT_170,0.020100502512562814,0
PT,OQ,PT_16B,PT_16D,0.01507537688442211,0
PT,GI,PT_150,PT_185,0.01507537688442211,0
PT,OQ,PT_111,PT_16G,0.01507537688442211,0
PT,RU,PT_112,PT_11C,0.01507537688442211,0
PT,MN,PT_16B,PT_186,0.01507537688442211,0
PT,RU,PT_150,PT_16E,0.01507537688442211,0
PT,LZ,PT_11A,PT_16F,0.01507537688442211,0
PT,FZ,PT_16B,PT_300,0.01507537688442211,0
PT,RU,PT_150,PT_300,0.01507537688442211,0
PT,OQ,PT_11A,PT_16E,0.01507537688442211,0
PT,MN,PT_16B,PT_16E,0.01507537688442211,0
PT,MN,PT_16B,PT_184,0.01507537688442211,0
PT,BE,PT_112,PT_150,0.010050251256281407,0
PT,RU,PT_150,PT_16F,0.010050251256281407,0
PT,MN,PT_184,PT_300,0.010050251256281407,0
PT,FZ,PT_200,PT_300,0.010050251256281407,0
PT,OQ,PT_185,PT_187,0.010050251256281407,0
PT,MN,PT_16H,PT_16I,0.010050251256281407,0
PT,FZ,PT_11B,PT_187,0.010050251256281407,0
PT,JZ,PT_11B,PT_181,0.010050251256281407,0
PT,MN,PT_16F,PT_186,0.010050251256281407,0
PT,OQ,PT_16E,PT_16G,0.010050251256281407,0
PT,JZ,PT_11E,PT_16F,0.010050251256281407,0
PT,OQ,PT_11D,PT_11E,0.010050251256281407,0
PT,GI,PT_111,PT_11E,0.010050251256281407,0
PT,GI,PT_11B,PT_184,0.010050251256281407,0
PT,RU,PT_111,PT_16E,0.010050251256281407,0
PT,GI,PT_111,PT_11B,0.010050251256281407,0
PT,OQ,PT_11B,PT_16G,0.010050251256281407,0
PT,LZ,PT_11E,PT_300,0.010050251256281407,0
PT,RU,PT_16I,PT_184,0.010050251256281407,0
PT,FZ,PT_119,PT_300,0.010050251256281407,0
PT,FZ,PT_170,PT_300,0.005025125628140704,0
PT,FZ,PT_11A,PT_170,0.005025125628140704,0
PT,JZ,PT_16J,PT_187,0.005025125628140704,0
PT,LZ,PT_11A,PT_150,0.005025125628140704,0
PT,LZ,PT_170,PT_200,0.005025125628140704,0
PT,RU,PT_170,PT_300,0.005025125628140704,0
PT,LZ,PT_119,PT_187,0.005025125628140704,0
PT,GI,PT_16B,PT_185,0.005025125628140704,0
PT,RU,PT_11C,PT_170,0.005025125628140704,0
PT,FZ,PT_16E,PT_16I,0.005025125628140704,0
PT,MN,PT_11A,PT_170,0.005025125628140704,0
PT,FZ,PT_111,PT_181,0.005025125628140704,0
PT,MN,PT_186,PT_187,0.005025125628140704,0
PT,MN,PT_187,PT_300,0.005025125628140704,0
PT,RU,PT_16D,PT_16E,0.005025125628140704,0
PT,LZ,PT_11A,PT_200,0.005025125628140704,0
PT,OQ,PT_11B,PT_11D,0.005025125628140704,0
PT,BE,PT_112,PT_16D,0.005025125628140704,0
PT,FZ,PT_11E,PT_16G,0.005025125628140704,0
PT,RU,PT_11C,PT_16D,0.005025125628140704,0
PT,OQ,PT_119,PT_187,0.005025125628140704,0
PT,OQ,PT_112,PT_185,0.005025125628140704,0
PT,BE,PT_150,PT_16D,0.005025125628140704,0
PT,RU,PT_119,PT_11A,0.005025125628140704,0
PT,FZ,PT_11E,PT_184,0.005025125628140704,0
PT,GI,PT_16J,PT_187,0.005025125628140704,0
PT,GI,PT_150,PT_170,0.005025125628140704,0
PT,LZ,PT_16B,PT_170,0.005025125628140704,0
PT,OQ,PT_16D,PT_181,0.005025125628140704,0
PT,RU,PT_16G,PT_186,0.005025125628140704,0
PT,OQ,PT_119,PT_11A,0.005025125628140704,0
PT,JZ,PT_11E,PT_16B,0.005025125628140704,0
PT,OQ,PT_16D,PT_16J,0.005025125628140704,0
PT,BE,PT_112,PT_16J,0.005025125628140704,0
PT,BE,PT_150,PT_16B,0.005025125628140704,0
PT,BE,PT_16D,PT_16F,0.005025125628140704,0
PT,BE,PT_16I,PT_185,0.005025125628140704,0
PT,GI,PT_170,PT_185,0.005025125628140704,0
